CMDLINE uv run ./cs336_basics/bbpe_tokenizer.py
MEM 1.785156 1773012438.9617
MEM 24.804688 1773012439.0703
CHLD 25412 3.906250 1773012439.0753
CHLD 36952 11.144531 1773012439.0753
MEM 24.804688 1773012439.1785
CHLD 25412 3.906250 1773012439.1835
CHLD 36952 20.109375 1773012439.1835
MEM 24.804688 1773012439.2854
CHLD 25412 3.906250 1773012439.2930
CHLD 36952 23.546875 1773012439.2930
CHLD 61868 12.363281 1773012439.2930
MEM 24.804688 1773012439.3938
CHLD 25412 3.906250 1773012439.3979
CHLD 36952 23.546875 1773012439.3979
CHLD 61868 21.925781 1773012439.3979
MEM 24.804688 1773012439.5008
CHLD 25412 3.906250 1773012439.5041
CHLD 36952 23.546875 1773012439.5041
CHLD 61868 696.343750 1773012439.5041
MEM 24.804688 1773012439.6084
CHLD 25412 3.906250 1773012439.6156
CHLD 36952 23.546875 1773012439.6156
CHLD 61868 1552.890625 1773012439.6156
MEM 24.804688 1773012439.7167
CHLD 25412 3.906250 1773012439.7243
CHLD 36952 23.546875 1773012439.7243
CHLD 61868 2071.031250 1773012439.7243
MEM 24.804688 1773012439.8255
CHLD 25412 3.906250 1773012439.8319
CHLD 36952 23.546875 1773012439.8319
CHLD 61868 2071.031250 1773012439.8319
MEM 24.804688 1773012439.9344
CHLD 25412 3.906250 1773012439.9404
CHLD 36952 23.546875 1773012439.9404
CHLD 61868 2071.031250 1773012439.9404
MEM 24.804688 1773012440.0433
CHLD 25412 3.906250 1773012440.0484
CHLD 36952 23.546875 1773012440.0484
CHLD 61868 2071.031250 1773012440.0484
MEM 24.804688 1773012440.1521
CHLD 25412 3.906250 1773012440.1636
CHLD 36952 23.546875 1773012440.1636
CHLD 61868 2071.031250 1773012440.1636
MEM 24.804688 1773012440.2644
CHLD 25412 3.906250 1773012440.2714
CHLD 36952 23.546875 1773012440.2714
CHLD 61868 2071.031250 1773012440.2714
MEM 24.804688 1773012440.3725
CHLD 25412 3.906250 1773012440.3820
CHLD 36952 23.546875 1773012440.3820
CHLD 61868 2071.031250 1773012440.3820
MEM 24.804688 1773012440.4827
CHLD 25412 3.906250 1773012440.4862
CHLD 36952 23.546875 1773012440.4862
CHLD 61868 2071.031250 1773012440.4862
MEM 24.804688 1773012440.5914
CHLD 25412 3.906250 1773012440.5954
CHLD 36952 23.546875 1773012440.5954
CHLD 61868 2147.566406 1773012440.5954
MEM 24.804688 1773012440.6992
CHLD 25412 3.906250 1773012440.7065
CHLD 36952 23.546875 1773012440.7065
CHLD 61868 2420.332031 1773012440.7065
MEM 24.804688 1773012440.8076
CHLD 25412 3.906250 1773012440.8146
CHLD 36952 23.546875 1773012440.8146
CHLD 61868 2760.734375 1773012440.8146
MEM 24.804688 1773012440.9157
CHLD 25412 3.906250 1773012440.9242
CHLD 36952 23.546875 1773012440.9242
CHLD 61868 3223.171875 1773012440.9242
MEM 24.804688 1773012441.0247
CHLD 25412 3.906250 1773012441.0319
CHLD 36952 23.546875 1773012441.0319
CHLD 61868 3642.921875 1773012441.0319
MEM 24.804688 1773012441.1350
CHLD 25412 3.906250 1773012441.1411
CHLD 36952 23.546875 1773012441.1411
CHLD 61868 4047.039062 1773012441.1411
MEM 24.804688 1773012441.2434
CHLD 25412 3.906250 1773012441.2494
CHLD 36952 23.546875 1773012441.2494
CHLD 61868 4441.609375 1773012441.2494
MEM 24.804688 1773012441.3520
CHLD 25412 3.906250 1773012441.3591
CHLD 36952 23.546875 1773012441.3591
CHLD 61868 4859.921875 1773012441.3591
MEM 24.804688 1773012441.4612
CHLD 25412 3.906250 1773012441.4688
CHLD 36952 23.546875 1773012441.4688
CHLD 61868 5268.484375 1773012441.4688
MEM 24.804688 1773012441.5704
CHLD 25412 3.906250 1773012441.5779
CHLD 36952 23.546875 1773012441.5779
CHLD 61868 5664.484375 1773012441.5779
MEM 24.804688 1773012441.6800
CHLD 25412 3.906250 1773012441.6861
CHLD 36952 23.546875 1773012441.6861
CHLD 61868 6050.671875 1773012441.6861
MEM 24.804688 1773012441.7891
CHLD 25412 3.906250 1773012441.7983
CHLD 36952 23.546875 1773012441.7983
CHLD 61868 6362.484375 1773012441.7983
MEM 24.804688 1773012441.9008
CHLD 25412 3.906250 1773012441.9076
CHLD 36952 23.546875 1773012441.9076
CHLD 61868 6748.921875 1773012441.9076
MEM 24.804688 1773012442.0111
CHLD 25412 3.906250 1773012442.0187
CHLD 36952 23.546875 1773012442.0187
CHLD 61868 7117.109375 1773012442.0187
MEM 24.804688 1773012442.1190
CHLD 25412 3.906250 1773012442.1268
CHLD 36952 23.546875 1773012442.1268
CHLD 61868 7553.671875 1773012442.1268
MEM 24.804688 1773012442.2275
CHLD 25412 3.906250 1773012442.2330
CHLD 36952 23.546875 1773012442.2330
CHLD 61868 7978.234375 1773012442.2330
MEM 24.804688 1773012442.3362
CHLD 25412 3.906250 1773012442.3415
CHLD 36952 23.546875 1773012442.3415
CHLD 61868 8396.695312 1773012442.3415
MEM 24.386719 1773012442.4458
CHLD 25412 3.464844 1773012442.4650
CHLD 36952 23.152344 1773012442.4650
CHLD 61868 8681.582031 1773012442.4650
MEM 24.105469 1773012442.5661
CHLD 25412 3.335938 1773012442.5904
CHLD 36952 23.039062 1773012442.5904
CHLD 61868 8964.128906 1773012442.5904
MEM 24.062500 1773012442.6931
CHLD 25412 3.324219 1773012442.8514
CHLD 36952 23.027344 1773012442.8514
CHLD 61868 8168.144531 1773012442.8514
MEM 24.042969 1773012442.9522
CHLD 25412 3.324219 1773012443.0711
CHLD 36952 23.027344 1773012443.0711
CHLD 61868 7566.492188 1773012443.0711
MEM 24.031250 1773012443.1726
CHLD 25412 3.320312 1773012443.2115
CHLD 36952 23.023438 1773012443.2115
CHLD 61868 7465.207031 1773012443.2115
MEM 24.031250 1773012443.3171
CHLD 25412 3.320312 1773012443.3792
CHLD 36952 23.023438 1773012443.3792
CHLD 61868 6792.054688 1773012443.3792
MEM 24.031250 1773012443.4842
CHLD 25412 3.320312 1773012443.4946
CHLD 36952 23.023438 1773012443.4946
CHLD 61868 6125.886719 1773012443.4946
MEM 24.031250 1773012443.5970
CHLD 25412 3.320312 1773012443.6665
CHLD 36952 23.023438 1773012443.6665
CHLD 61868 5086.503906 1773012443.6665
MEM 24.031250 1773012443.7683
CHLD 25412 3.320312 1773012443.8558
CHLD 36952 23.023438 1773012443.8558
CHLD 61868 3942.492188 1773012443.8558
MEM 24.031250 1773012443.9565
CHLD 25412 3.320312 1773012444.0832
CHLD 36952 23.023438 1773012444.0832
CHLD 61868 2364.265625 1773012444.0832
MEM 24.031250 1773012444.1861
CHLD 25412 3.320312 1773012444.1907
CHLD 36952 23.023438 1773012444.1907
CHLD 61868 1568.746094 1773012444.1907
MEM 24.031250 1773012444.2961
CHLD 25412 3.320312 1773012444.3722
CHLD 36952 23.023438 1773012444.3722
CHLD 61868 852.355469 1773012444.3722
MEM 24.031250 1773012444.4728
CHLD 25412 3.320312 1773012444.5042
CHLD 36952 23.023438 1773012444.5042
CHLD 61868 1106.976562 1773012444.5042
MEM 24.031250 1773012444.6055
CHLD 25412 3.320312 1773012444.6139
CHLD 36952 23.023438 1773012444.6139
CHLD 61868 1242.242188 1773012444.6139
MEM 0.000000 1773012444.7227
CHLD 25412 0.000000 1773012444.7434
CHLD 36952 0.000000 1773012444.7434
CHLD 61868 1486.605469 1773012444.7434
MEM 0.011719 1773012444.8459
CHLD 25412 0.015625 1773012444.9466
CHLD 36952 0.015625 1773012444.9466
CHLD 61868 1350.359375 1773012444.9466
MEM 0.011719 1773012445.0487
CHLD 25412 0.015625 1773012445.1449
CHLD 36952 0.015625 1773012445.1449
CHLD 61868 707.207031 1773012445.1449
MEM 0.011719 1773012445.2454
CHLD 25412 0.015625 1773012445.2823
CHLD 36952 0.015625 1773012445.2823
CHLD 61868 428.304688 1773012445.2823
MEM 0.011719 1773012445.3833
CHLD 25412 0.015625 1773012445.4479
CHLD 36952 0.015625 1773012445.4479
CHLD 61868 120.917969 1773012445.4479
MEM 0.011719 1773012445.7249
CHLD 25412 0.015625 1773012445.9434
CHLD 36952 0.015625 1773012445.9434
CHLD 61868 13.894531 1773012445.9434
MEM 0.011719 1773012446.0437
CHLD 25412 0.015625 1773012446.7468
CHLD 36952 0.015625 1773012446.7468
CHLD 61868 13.394531 1773012446.7468
MEM 0.011719 1773012446.8487
CHLD 25412 0.015625 1773012447.5687
CHLD 36952 0.015625 1773012447.5687
CHLD 61868 10.210938 1773012447.5687
MEM 0.011719 1773012447.6698
CHLD 25412 0.015625 1773012447.7058
CHLD 36952 0.015625 1773012447.7058
CHLD 61868 16.414062 1773012447.7058
MEM 0.011719 1773012447.8094
CHLD 25412 0.015625 1773012447.8215
CHLD 36952 0.015625 1773012447.8215
CHLD 61868 45.011719 1773012447.8215
MEM 0.011719 1773012447.9229
CHLD 25412 0.015625 1773012447.9640
CHLD 36952 0.015625 1773012447.9640
CHLD 61868 96.250000 1773012447.9640
MEM 0.011719 1773012448.0691
CHLD 25412 0.015625 1773012448.0779
CHLD 36952 0.015625 1773012448.0779
CHLD 61868 143.070312 1773012448.0779
MEM 0.011719 1773012448.1802
CHLD 25412 0.015625 1773012448.2439
CHLD 36952 0.015625 1773012448.2439
CHLD 61868 154.097656 1773012448.2439
MEM 0.011719 1773012448.3452
CHLD 25412 0.015625 1773012448.4376
CHLD 36952 0.015625 1773012448.4376
CHLD 61868 115.093750 1773012448.4376
MEM 0.011719 1773012448.5406
CHLD 25412 0.015625 1773012448.5476
CHLD 36952 0.015625 1773012448.5476
CHLD 61868 81.738281 1773012448.5476
MEM 0.011719 1773012448.6487
CHLD 25412 0.015625 1773012448.6561
CHLD 36952 0.015625 1773012448.6561
CHLD 61868 67.156250 1773012448.6561
MEM 0.011719 1773012448.7564
CHLD 25412 0.015625 1773012448.7632
CHLD 36952 0.015625 1773012448.7632
CHLD 61868 73.761719 1773012448.7632
MEM 0.011719 1773012448.8658
CHLD 25412 0.015625 1773012448.8726
CHLD 36952 0.015625 1773012448.8726
CHLD 61868 89.597656 1773012448.8726
MEM 0.011719 1773012448.9741
CHLD 25412 0.015625 1773012448.9809
CHLD 36952 0.015625 1773012448.9809
CHLD 61868 107.796875 1773012448.9809
MEM 0.996094 1773012449.0825
CHLD 25412 0.015625 1773012449.0904
CHLD 36952 0.015625 1773012449.0904
CHLD 61868 128.769531 1773012449.0904
MEM 0.996094 1773012449.1906
CHLD 25412 0.015625 1773012449.2043
CHLD 36952 0.015625 1773012449.2043
CHLD 61868 148.894531 1773012449.2043
MEM 0.996094 1773012449.3068
CHLD 25412 0.015625 1773012449.3151
CHLD 36952 0.015625 1773012449.3151
CHLD 61868 167.925781 1773012449.3151
MEM 0.996094 1773012449.4156
CHLD 25412 0.015625 1773012449.4210
CHLD 36952 0.015625 1773012449.4210
CHLD 61868 187.167969 1773012449.4210
MEM 0.996094 1773012449.5244
CHLD 25412 0.015625 1773012449.5293
CHLD 36952 0.015625 1773012449.5293
CHLD 61868 214.164062 1773012449.5293
MEM 0.996094 1773012449.6333
CHLD 25412 0.015625 1773012449.6384
CHLD 36952 0.015625 1773012449.6384
CHLD 61868 237.292969 1773012449.6384
MEM 0.996094 1773012449.7416
CHLD 25412 0.015625 1773012449.7488
CHLD 36952 0.015625 1773012449.7488
CHLD 61868 262.136719 1773012449.7488
MEM 0.996094 1773012449.8494
CHLD 25412 0.015625 1773012449.8544
CHLD 36952 0.015625 1773012449.8544
CHLD 61868 284.218750 1773012449.8544
MEM 0.996094 1773012449.9577
CHLD 25412 0.015625 1773012449.9665
CHLD 36952 0.015625 1773012449.9665
CHLD 61868 301.082031 1773012449.9665
MEM 0.996094 1773012450.0676
CHLD 25412 0.015625 1773012450.0793
CHLD 36952 0.015625 1773012450.0793
CHLD 61868 320.867188 1773012450.0793
MEM 0.996094 1773012450.1800
CHLD 25412 0.015625 1773012450.1885
CHLD 36952 0.015625 1773012450.1885
CHLD 61868 335.128906 1773012450.1885
MEM 0.996094 1773012450.2895
CHLD 25412 0.015625 1773012450.2962
CHLD 36952 0.015625 1773012450.2962
CHLD 61868 357.277344 1773012450.2962
MEM 0.996094 1773012450.3975
CHLD 25412 0.015625 1773012450.4001
CHLD 36952 0.015625 1773012450.4001
CHLD 61868 384.621094 1773012450.4001
MEM 0.996094 1773012450.5054
CHLD 25412 0.015625 1773012450.5118
CHLD 36952 0.015625 1773012450.5118
CHLD 61868 410.812500 1773012450.5118
MEM 0.996094 1773012450.6127
CHLD 25412 0.015625 1773012450.6181
CHLD 36952 0.015625 1773012450.6181
CHLD 61868 439.335938 1773012450.6181
MEM 0.996094 1773012450.7217
CHLD 25412 0.015625 1773012450.7267
CHLD 36952 0.015625 1773012450.7267
CHLD 61868 578.257812 1773012450.7267
MEM 0.996094 1773012450.8299
CHLD 25412 0.015625 1773012450.8353
CHLD 36952 0.015625 1773012450.8353
CHLD 61868 820.574219 1773012450.8353
MEM 0.996094 1773012450.9373
CHLD 25412 0.015625 1773012450.9444
CHLD 36952 0.015625 1773012450.9444
CHLD 61868 1042.734375 1773012450.9444
MEM 0.996094 1773012451.0489
CHLD 25412 0.015625 1773012451.0540
CHLD 36952 0.015625 1773012451.0540
CHLD 61868 1264.929688 1773012451.0540
MEM 0.996094 1773012451.1586
CHLD 25412 0.015625 1773012451.1626
CHLD 36952 0.015625 1773012451.1626
CHLD 61868 1466.675781 1773012451.1626
MEM 0.996094 1773012451.2673
CHLD 25412 0.015625 1773012451.2710
CHLD 36952 0.015625 1773012451.2710
CHLD 61868 1687.117188 1773012451.2710
MEM 0.996094 1773012451.3749
CHLD 25412 0.015625 1773012451.3828
CHLD 36952 0.015625 1773012451.3828
CHLD 61868 1881.296875 1773012451.3828
MEM 0.996094 1773012451.4848
CHLD 25412 0.015625 1773012451.4932
CHLD 36952 0.015625 1773012451.4932
CHLD 61868 2002.273438 1773012451.4932
MEM 0.996094 1773012451.5946
CHLD 25412 0.015625 1773012451.6016
CHLD 36952 0.015625 1773012451.6016
CHLD 61868 2211.890625 1773012451.6016
MEM 0.996094 1773012451.7034
CHLD 25412 0.015625 1773012451.7076
CHLD 36952 0.015625 1773012451.7076
CHLD 61868 2391.250000 1773012451.7076
MEM 0.996094 1773012451.8118
CHLD 25412 0.015625 1773012451.8209
CHLD 36952 0.015625 1773012451.8209
CHLD 61868 2577.562500 1773012451.8209
MEM 0.996094 1773012451.9219
CHLD 25412 0.015625 1773012451.9282
CHLD 36952 0.015625 1773012451.9282
CHLD 61868 2659.371094 1773012451.9282
MEM 0.996094 1773012452.0329
CHLD 25412 0.015625 1773012452.0436
CHLD 36952 0.015625 1773012452.0436
CHLD 61868 2606.082031 1773012452.0436
MEM 0.996094 1773012452.1456
CHLD 25412 0.015625 1773012452.1551
CHLD 36952 0.015625 1773012452.1551
CHLD 61868 2779.058594 1773012452.1551
MEM 0.996094 1773012452.2564
CHLD 25412 0.015625 1773012452.2642
CHLD 36952 0.015625 1773012452.2642
CHLD 61868 2960.218750 1773012452.2642
MEM 0.996094 1773012452.3662
CHLD 25412 0.015625 1773012452.3781
CHLD 36952 0.015625 1773012452.3781
CHLD 61868 2722.339844 1773012452.3781
MEM 0.996094 1773012452.4825
CHLD 25412 0.015625 1773012452.4936
CHLD 36952 0.015625 1773012452.4936
CHLD 61868 2371.527344 1773012452.4936
MEM 0.996094 1773012452.5956
CHLD 25412 0.015625 1773012452.6040
CHLD 36952 0.015625 1773012452.6040
CHLD 61868 2051.027344 1773012452.6040
MEM 0.996094 1773012452.7058
CHLD 25412 0.015625 1773012452.7151
CHLD 36952 0.015625 1773012452.7151
CHLD 61868 1779.738281 1773012452.7151
MEM 0.996094 1773012452.8164
CHLD 25412 0.015625 1773012452.8225
CHLD 36952 0.015625 1773012452.8225
CHLD 61868 1598.722656 1773012452.8225
MEM 0.996094 1773012452.9262
CHLD 25412 0.015625 1773012452.9368
CHLD 36952 0.015625 1773012452.9368
CHLD 61868 1777.289062 1773012452.9368
MEM 0.996094 1773012453.0371
CHLD 25412 0.015625 1773012453.0469
CHLD 36952 0.015625 1773012453.0469
CHLD 61868 1948.003906 1773012453.0469
MEM 0.996094 1773012453.1500
CHLD 25412 0.015625 1773012453.1591
CHLD 36952 0.015625 1773012453.1591
CHLD 61868 2110.054688 1773012453.1591
MEM 0.996094 1773012453.2609
CHLD 25412 0.015625 1773012453.2680
CHLD 36952 0.015625 1773012453.2680
CHLD 61868 2287.152344 1773012453.2680
MEM 0.996094 1773012453.3702
CHLD 25412 0.015625 1773012453.3790
CHLD 36952 0.015625 1773012453.3790
CHLD 61868 2444.386719 1773012453.3790
MEM 0.996094 1773012453.4827
CHLD 25412 0.015625 1773012453.4896
CHLD 36952 0.015625 1773012453.4896
CHLD 61868 2420.449219 1773012453.4896
MEM 0.996094 1773012453.5916
CHLD 25412 0.015625 1773012453.5987
CHLD 36952 0.015625 1773012453.5987
CHLD 61868 2384.523438 1773012453.5987
MEM 0.996094 1773012453.7007
CHLD 25412 0.015625 1773012453.7095
CHLD 36952 0.015625 1773012453.7095
CHLD 61868 2337.226562 1773012453.7095
MEM 0.996094 1773012453.8102
CHLD 25412 0.015625 1773012453.8191
CHLD 36952 0.015625 1773012453.8191
CHLD 61868 2297.835938 1773012453.8191
MEM 0.996094 1773012453.9194
CHLD 25412 0.015625 1773012453.9274
CHLD 36952 0.015625 1773012453.9274
CHLD 61868 2134.960938 1773012453.9274
MEM 0.996094 1773012454.0293
CHLD 25412 0.015625 1773012454.0366
CHLD 36952 0.015625 1773012454.0366
CHLD 61868 2004.375000 1773012454.0366
MEM 0.996094 1773012454.1386
CHLD 25412 0.015625 1773012454.1469
CHLD 36952 0.015625 1773012454.1469
CHLD 61868 2019.519531 1773012454.1469
MEM 0.996094 1773012454.2475
CHLD 25412 0.015625 1773012454.2530
CHLD 36952 0.015625 1773012454.2530
CHLD 61868 2031.714844 1773012454.2530
MEM 0.996094 1773012454.3568
CHLD 25412 0.015625 1773012454.3621
CHLD 36952 0.015625 1773012454.3621
CHLD 61868 2048.531250 1773012454.3621
MEM 0.996094 1773012454.4653
CHLD 25412 0.015625 1773012454.4704
CHLD 36952 0.015625 1773012454.4704
CHLD 61868 2068.601562 1773012454.4704
MEM 0.996094 1773012454.5745
CHLD 25412 0.015625 1773012454.5825
CHLD 36952 0.015625 1773012454.5825
CHLD 61868 2086.613281 1773012454.5825
MEM 0.996094 1773012454.6828
CHLD 25412 0.015625 1773012454.6878
CHLD 36952 0.015625 1773012454.6878
CHLD 61868 2104.074219 1773012454.6878
MEM 0.996094 1773012454.7918
CHLD 25412 0.015625 1773012454.7970
CHLD 36952 0.015625 1773012454.7970
CHLD 61868 2122.832031 1773012454.7970
MEM 0.996094 1773012454.9010
CHLD 25412 0.015625 1773012454.9062
CHLD 36952 0.015625 1773012454.9062
CHLD 61868 2149.324219 1773012454.9062
MEM 0.996094 1773012455.0096
CHLD 25412 0.015625 1773012455.0168
CHLD 36952 0.015625 1773012455.0168
CHLD 61868 2174.101562 1773012455.0168
MEM 0.996094 1773012455.1184
CHLD 25412 0.015625 1773012455.1214
CHLD 36952 0.015625 1773012455.1214
CHLD 61868 2192.144531 1773012455.1214
MEM 0.996094 1773012455.2267
CHLD 25412 0.015625 1773012455.2315
CHLD 36952 0.015625 1773012455.2315
CHLD 61868 2211.085938 1773012455.2315
MEM 0.996094 1773012455.3358
CHLD 25412 0.015625 1773012455.3408
CHLD 36952 0.015625 1773012455.3408
CHLD 61868 2232.992188 1773012455.3408
MEM 0.996094 1773012455.4450
CHLD 25412 0.015625 1773012455.4501
CHLD 36952 0.015625 1773012455.4501
CHLD 61868 2255.382812 1773012455.4501
MEM 0.996094 1773012455.5532
CHLD 25412 0.015625 1773012455.5584
CHLD 36952 0.015625 1773012455.5584
CHLD 61868 2273.460938 1773012455.5584
MEM 0.996094 1773012455.6614
CHLD 25412 0.015625 1773012455.6694
CHLD 36952 0.015625 1773012455.6694
CHLD 61868 2291.687500 1773012455.6694
MEM 0.996094 1773012455.7698
CHLD 25412 0.015625 1773012455.7766
CHLD 36952 0.015625 1773012455.7766
CHLD 61868 2309.890625 1773012455.7766
MEM 0.996094 1773012455.8780
CHLD 25412 0.015625 1773012455.8855
CHLD 36952 0.015625 1773012455.8855
CHLD 61868 2328.527344 1773012455.8855
MEM 0.996094 1773012455.9862
CHLD 25412 0.015625 1773012455.9903
CHLD 36952 0.015625 1773012455.9903
CHLD 61868 2346.871094 1773012455.9903
MEM 0.996094 1773012456.0950
CHLD 25412 0.015625 1773012456.1020
CHLD 36952 0.015625 1773012456.1020
CHLD 61868 2367.332031 1773012456.1020
MEM 0.996094 1773012456.2034
CHLD 25412 0.015625 1773012456.2096
CHLD 36952 0.015625 1773012456.2096
CHLD 61868 2382.980469 1773012456.2096
MEM 0.996094 1773012456.3116
CHLD 25412 0.015625 1773012456.3136
CHLD 36952 0.015625 1773012456.3136
CHLD 61868 2400.097656 1773012456.3136
MEM 0.996094 1773012456.4194
CHLD 25412 0.015625 1773012456.4251
CHLD 36952 0.015625 1773012456.4251
CHLD 61868 2417.500000 1773012456.4251
MEM 0.996094 1773012456.5283
CHLD 25412 0.015625 1773012456.5319
CHLD 36952 0.015625 1773012456.5319
CHLD 61868 2436.929688 1773012456.5319
MEM 0.996094 1773012456.6369
CHLD 25412 0.015625 1773012456.6423
CHLD 36952 0.015625 1773012456.6423
CHLD 61868 2454.375000 1773012456.6423
MEM 0.996094 1773012456.7453
CHLD 25412 0.015625 1773012456.7523
CHLD 36952 0.015625 1773012456.7523
CHLD 61868 2473.191406 1773012456.7523
MEM 0.996094 1773012456.8532
CHLD 25412 0.015625 1773012456.8559
CHLD 36952 0.015625 1773012456.8559
CHLD 61868 2490.222656 1773012456.8559
MEM 0.996094 1773012456.9608
CHLD 25412 0.015625 1773012456.9649
CHLD 36952 0.015625 1773012456.9649
CHLD 61868 2509.390625 1773012456.9649
MEM 0.996094 1773012457.0695
CHLD 25412 0.015625 1773012457.0746
CHLD 36952 0.015625 1773012457.0746
CHLD 61868 2526.695312 1773012457.0746
MEM 0.996094 1773012457.1780
CHLD 25412 0.015625 1773012457.1850
CHLD 36952 0.015625 1773012457.1850
CHLD 61868 2545.281250 1773012457.1850
MEM 0.996094 1773012457.2857
CHLD 25412 0.015625 1773012457.2931
CHLD 36952 0.015625 1773012457.2931
CHLD 61868 2561.257812 1773012457.2931
MEM 0.996094 1773012457.3949
CHLD 25412 0.015625 1773012457.4020
CHLD 36952 0.015625 1773012457.4020
CHLD 61868 2578.101562 1773012457.4020
MEM 0.996094 1773012457.5035
CHLD 25412 0.015625 1773012457.5105
CHLD 36952 0.015625 1773012457.5105
CHLD 61868 2595.519531 1773012457.5105
MEM 0.996094 1773012457.6119
CHLD 25412 0.015625 1773012457.6196
CHLD 36952 0.015625 1773012457.6196
CHLD 61868 2613.597656 1773012457.6196
MEM 0.996094 1773012457.7208
CHLD 25412 0.015625 1773012457.7284
CHLD 36952 0.015625 1773012457.7284
CHLD 61868 2631.601562 1773012457.7284
MEM 0.996094 1773012457.8295
CHLD 25412 0.015625 1773012457.8365
CHLD 36952 0.015625 1773012457.8365
CHLD 61868 2649.453125 1773012457.8365
MEM 0.996094 1773012457.9379
CHLD 25412 0.015625 1773012457.9461
CHLD 36952 0.015625 1773012457.9461
CHLD 61868 2666.894531 1773012457.9461
MEM 0.996094 1773012458.0466
CHLD 25412 0.015625 1773012458.0503
CHLD 36952 0.015625 1773012458.0503
CHLD 61868 2688.230469 1773012458.0503
MEM 0.996094 1773012458.1552
CHLD 25412 0.015625 1773012458.1605
CHLD 36952 0.015625 1773012458.1605
CHLD 61868 2708.125000 1773012458.1605
MEM 0.996094 1773012458.2641
CHLD 25412 0.015625 1773012458.2711
CHLD 36952 0.015625 1773012458.2711
CHLD 61868 2728.503906 1773012458.2711
MEM 0.996094 1773012458.3731
CHLD 25412 0.015625 1773012458.3799
CHLD 36952 0.015625 1773012458.3799
CHLD 61868 2749.425781 1773012458.3799
MEM 0.996094 1773012458.4816
CHLD 25412 0.015625 1773012458.4866
CHLD 36952 0.015625 1773012458.4866
CHLD 61868 2776.964844 1773012458.4866
MEM 0.996094 1773012458.5896
CHLD 25412 0.015625 1773012458.5967
CHLD 36952 0.015625 1773012458.5967
CHLD 61868 2806.984375 1773012458.5967
MEM 0.996094 1773012458.6977
CHLD 25412 0.015625 1773012458.7047
CHLD 36952 0.015625 1773012458.7047
CHLD 61868 2832.484375 1773012458.7047
MEM 0.996094 1773012458.8065
CHLD 25412 0.015625 1773012458.8105
CHLD 36952 0.015625 1773012458.8105
CHLD 61868 2861.203125 1773012458.8105
MEM 0.996094 1773012458.9141
CHLD 25412 0.015625 1773012458.9186
CHLD 36952 0.015625 1773012458.9186
CHLD 61868 2887.554688 1773012458.9186
MEM 0.996094 1773012459.0226
CHLD 25412 0.015625 1773012459.0280
CHLD 36952 0.015625 1773012459.0280
CHLD 61868 2913.644531 1773012459.0280
MEM 0.996094 1773012459.1308
CHLD 25412 0.015625 1773012459.1369
CHLD 36952 0.015625 1773012459.1369
CHLD 61868 2939.210938 1773012459.1369
MEM 0.996094 1773012459.2397
CHLD 25412 0.015625 1773012459.2469
CHLD 36952 0.015625 1773012459.2469
CHLD 61868 2963.890625 1773012459.2469
MEM 0.996094 1773012459.3485
CHLD 25412 0.015625 1773012459.3525
CHLD 36952 0.015625 1773012459.3525
CHLD 61868 2990.437500 1773012459.3525
MEM 0.996094 1773012459.4571
CHLD 25412 0.015625 1773012459.4655
CHLD 36952 0.015625 1773012459.4655
CHLD 61868 3013.441406 1773012459.4655
MEM 0.996094 1773012459.5660
CHLD 25412 0.015625 1773012459.5730
CHLD 36952 0.015625 1773012459.5730
CHLD 61868 3034.109375 1773012459.5730
MEM 0.996094 1773012459.6741
CHLD 25412 0.015625 1773012459.6812
CHLD 36952 0.015625 1773012459.6812
CHLD 61868 3041.957031 1773012459.6812
MEM 0.996094 1773012459.7828
CHLD 25412 0.015625 1773012459.7889
CHLD 36952 0.015625 1773012459.7889
CHLD 61868 3064.824219 1773012459.7889
MEM 0.996094 1773012459.8902
CHLD 25412 0.015625 1773012459.8968
CHLD 36952 0.015625 1773012459.8968
CHLD 61868 3092.921875 1773012459.8968
MEM 0.996094 1773012459.9987
CHLD 25412 0.015625 1773012460.0052
CHLD 36952 0.015625 1773012460.0052
CHLD 61868 3105.914062 1773012460.0052
MEM 0.996094 1773012460.1076
CHLD 25412 0.015625 1773012460.1152
CHLD 36952 0.015625 1773012460.1152
CHLD 61868 3121.363281 1773012460.1152
MEM 0.996094 1773012460.2168
CHLD 25412 0.015625 1773012460.2235
CHLD 36952 0.015625 1773012460.2235
CHLD 61868 3143.894531 1773012460.2235
MEM 0.996094 1773012460.3248
CHLD 25412 0.015625 1773012460.3317
CHLD 36952 0.015625 1773012460.3317
CHLD 61868 3166.914062 1773012460.3317
MEM 0.996094 1773012460.4331
CHLD 25412 0.015625 1773012460.4401
CHLD 36952 0.015625 1773012460.4401
CHLD 61868 3188.574219 1773012460.4401
MEM 0.996094 1773012460.5418
CHLD 25412 0.015625 1773012460.5491
CHLD 36952 0.015625 1773012460.5491
CHLD 61868 3204.441406 1773012460.5491
MEM 0.996094 1773012460.6502
CHLD 25412 0.015625 1773012460.6569
CHLD 36952 0.015625 1773012460.6569
CHLD 61868 3225.941406 1773012460.6569
MEM 0.996094 1773012460.7585
CHLD 25412 0.015625 1773012460.7655
CHLD 36952 0.015625 1773012460.7655
CHLD 61868 3249.910156 1773012460.7655
MEM 0.996094 1773012460.8662
CHLD 25412 0.015625 1773012460.8697
CHLD 36952 0.015625 1773012460.8697
CHLD 61868 3264.996094 1773012460.8697
MEM 0.996094 1773012460.9740
CHLD 25412 0.015625 1773012460.9777
CHLD 36952 0.015625 1773012460.9777
CHLD 61868 3280.796875 1773012460.9777
MEM 0.996094 1773012461.0827
CHLD 25412 0.015625 1773012461.0887
CHLD 36952 0.015625 1773012461.0887
CHLD 61868 3304.113281 1773012461.0887
MEM 0.996094 1773012461.1916
CHLD 25412 0.015625 1773012461.1952
CHLD 36952 0.015625 1773012461.1952
CHLD 61868 3329.675781 1773012461.1952
MEM 0.996094 1773012461.3005
CHLD 25412 0.015625 1773012461.3075
CHLD 36952 0.015625 1773012461.3075
CHLD 61868 3353.195312 1773012461.3075
MEM 0.996094 1773012461.4083
CHLD 25412 0.015625 1773012461.4153
CHLD 36952 0.015625 1773012461.4153
CHLD 61868 3376.460938 1773012461.4153
MEM 0.996094 1773012461.5168
CHLD 25412 0.015625 1773012461.5238
CHLD 36952 0.015625 1773012461.5238
CHLD 61868 3404.082031 1773012461.5238
MEM 0.996094 1773012461.6253
CHLD 25412 0.015625 1773012461.6305
CHLD 36952 0.015625 1773012461.6305
CHLD 61868 3432.097656 1773012461.6305
MEM 0.996094 1773012461.7335
CHLD 25412 0.015625 1773012461.7415
CHLD 36952 0.015625 1773012461.7415
CHLD 61868 3458.281250 1773012461.7415
MEM 0.996094 1773012461.8422
CHLD 25412 0.015625 1773012461.8503
CHLD 36952 0.015625 1773012461.8503
CHLD 61868 3484.984375 1773012461.8503
MEM 0.996094 1773012461.9511
CHLD 25412 0.015625 1773012461.9566
CHLD 36952 0.015625 1773012461.9566
CHLD 61868 3511.300781 1773012461.9566
MEM 0.996094 1773012462.0591
CHLD 25412 0.015625 1773012462.0646
CHLD 36952 0.015625 1773012462.0646
CHLD 61868 3537.542969 1773012462.0646
MEM 0.996094 1773012462.1678
CHLD 25412 0.015625 1773012462.1743
CHLD 36952 0.015625 1773012462.1743
CHLD 61868 3565.992188 1773012462.1743
MEM 0.996094 1773012462.2768
CHLD 25412 0.015625 1773012462.2848
CHLD 36952 0.015625 1773012462.2848
CHLD 61868 3593.437500 1773012462.2848
MEM 0.996094 1773012462.3856
CHLD 25412 0.015625 1773012462.3908
CHLD 36952 0.015625 1773012462.3908
CHLD 61868 3616.121094 1773012462.3908
MEM 0.996094 1773012462.4941
CHLD 25412 0.015625 1773012462.5015
CHLD 36952 0.015625 1773012462.5015
CHLD 61868 3642.699219 1773012462.5015
MEM 0.996094 1773012462.6028
CHLD 25412 0.015625 1773012462.6118
CHLD 36952 0.015625 1773012462.6118
CHLD 61868 3671.746094 1773012462.6118
MEM 0.996094 1773012462.7132
CHLD 25412 0.015625 1773012462.7183
CHLD 36952 0.015625 1773012462.7183
CHLD 61868 3691.750000 1773012462.7183
MEM 0.996094 1773012462.8215
CHLD 25412 0.015625 1773012462.8289
CHLD 36952 0.015625 1773012462.8289
CHLD 61868 3711.414062 1773012462.8289
MEM 0.996094 1773012462.9296
CHLD 25412 0.015625 1773012462.9374
CHLD 36952 0.015625 1773012462.9374
CHLD 61868 3736.843750 1773012462.9374
MEM 0.996094 1773012463.0376
CHLD 25412 0.015625 1773012463.0440
CHLD 36952 0.015625 1773012463.0440
CHLD 61868 3762.105469 1773012463.0440
MEM 0.996094 1773012463.1463
CHLD 25412 0.015625 1773012463.1548
CHLD 36952 0.015625 1773012463.1548
CHLD 61868 3783.972656 1773012463.1548
MEM 0.996094 1773012463.2556
CHLD 25412 0.015625 1773012463.2632
CHLD 36952 0.015625 1773012463.2632
CHLD 61868 3802.441406 1773012463.2632
MEM 0.996094 1773012463.3662
CHLD 25412 0.015625 1773012463.3752
CHLD 36952 0.015625 1773012463.3752
CHLD 61868 3823.386719 1773012463.3752
MEM 0.996094 1773012463.4764
CHLD 25412 0.015625 1773012463.4817
CHLD 36952 0.015625 1773012463.4817
CHLD 61868 3902.363281 1773012463.4817
MEM 0.996094 1773012463.5842
CHLD 25412 0.015625 1773012463.5912
CHLD 36952 0.015625 1773012463.5912
CHLD 61868 3993.148438 1773012463.5912
MEM 0.996094 1773012463.6921
CHLD 25412 0.015625 1773012463.7001
CHLD 36952 0.015625 1773012463.7001
CHLD 61868 4091.914062 1773012463.7001
MEM 0.996094 1773012463.8004
CHLD 25412 0.015625 1773012463.8054
CHLD 36952 0.015625 1773012463.8054
CHLD 61868 4193.535156 1773012463.8054
MEM 0.996094 1773012463.9073
CHLD 25412 0.015625 1773012463.9128
CHLD 36952 0.015625 1773012463.9128
CHLD 61868 4295.437500 1773012463.9128
MEM 0.996094 1773012464.0145
CHLD 25412 0.015625 1773012464.0224
CHLD 36952 0.015625 1773012464.0224
CHLD 61868 4401.441406 1773012464.0224
MEM 0.996094 1773012464.1231
CHLD 25412 0.015625 1773012464.1319
CHLD 36952 0.015625 1773012464.1319
CHLD 61868 4506.085938 1773012464.1319
MEM 0.996094 1773012464.2324
CHLD 25412 0.015625 1773012464.2382
CHLD 36952 0.015625 1773012464.2382
CHLD 61868 4607.035156 1773012464.2382
MEM 0.996094 1773012464.3405
CHLD 25412 0.015625 1773012464.3485
CHLD 36952 0.015625 1773012464.3485
CHLD 61868 4711.519531 1773012464.3485
MEM 0.996094 1773012464.4491
CHLD 25412 0.015625 1773012464.4561
CHLD 36952 0.015625 1773012464.4561
CHLD 61868 4811.941406 1773012464.4561
MEM 0.875000 1773012464.5588
CHLD 25412 0.015625 1773012464.5651
CHLD 36952 0.015625 1773012464.5651
CHLD 61868 4909.652344 1773012464.5651
MEM 0.875000 1773012464.6668
CHLD 25412 0.015625 1773012464.6689
CHLD 36952 0.015625 1773012464.6689
CHLD 61868 4998.253906 1773012464.6689
MEM 0.875000 1773012464.7741
CHLD 25412 0.015625 1773012464.7791
CHLD 36952 0.015625 1773012464.7791
CHLD 61868 5093.562500 1773012464.7791
MEM 0.875000 1773012464.8825
CHLD 25412 0.015625 1773012464.8890
CHLD 36952 0.015625 1773012464.8890
CHLD 61868 4583.457031 1773012464.8890
MEM 0.875000 1773012464.9902
CHLD 25412 0.015625 1773012464.9922
CHLD 36952 0.015625 1773012464.9922
CHLD 61868 4670.242188 1773012464.9922
MEM 0.445312 1773012465.0981
CHLD 25412 0.015625 1773012465.1035
CHLD 36952 0.015625 1773012465.1035
CHLD 61868 4764.105469 1773012465.1035
MEM 0.445312 1773012465.2067
CHLD 25412 0.015625 1773012465.2137
CHLD 36952 0.015625 1773012465.2137
CHLD 61868 4668.796875 1773012465.2137
MEM 0.445312 1773012465.3154
CHLD 25412 0.015625 1773012465.3205
CHLD 36952 0.015625 1773012465.3205
CHLD 61868 4662.238281 1773012465.3205
MEM 0.445312 1773012465.4227
CHLD 25412 0.015625 1773012465.4287
CHLD 36952 0.015625 1773012465.4287
CHLD 61868 4670.683594 1773012465.4287
MEM 0.230469 1773012465.5303
CHLD 25412 0.015625 1773012465.5377
CHLD 36952 0.015625 1773012465.5377
CHLD 61868 4680.644531 1773012465.5377
MEM 0.230469 1773012465.6395
CHLD 25412 0.015625 1773012465.6427
CHLD 36952 0.015625 1773012465.6427
CHLD 61868 4692.671875 1773012465.6427
MEM 0.230469 1773012465.7476
CHLD 25412 0.015625 1773012465.7504
CHLD 36952 0.015625 1773012465.7504
CHLD 61868 4703.667969 1773012465.7504
MEM 0.230469 1773012465.8552
CHLD 25412 0.015625 1773012465.8629
CHLD 36952 0.015625 1773012465.8629
CHLD 61868 4650.023438 1773012465.8629
MEM 0.121094 1773012465.9639
CHLD 25412 0.015625 1773012465.9668
CHLD 36952 0.015625 1773012465.9668
CHLD 61868 4670.960938 1773012465.9668
MEM 0.121094 1773012466.0719
CHLD 25412 0.015625 1773012466.0790
CHLD 36952 0.015625 1773012466.0790
CHLD 61868 4691.988281 1773012466.0790
MEM 0.121094 1773012466.1799
CHLD 25412 0.015625 1773012466.1850
CHLD 36952 0.015625 1773012466.1850
CHLD 61868 4705.039062 1773012466.1850
MEM 0.121094 1773012466.2881
CHLD 25412 0.015625 1773012466.2925
CHLD 36952 0.015625 1773012466.2925
CHLD 61868 4721.773438 1773012466.2925
MEM 0.121094 1773012466.3962
CHLD 25412 0.015625 1773012466.4017
CHLD 36952 0.015625 1773012466.4017
CHLD 61868 4739.089844 1773012466.4017
MEM 0.121094 1773012466.5045
CHLD 25412 0.015625 1773012466.5097
CHLD 36952 0.015625 1773012466.5097
CHLD 61868 4760.617188 1773012466.5097
MEM 0.121094 1773012466.6125
CHLD 25412 0.015625 1773012466.6187
CHLD 36952 0.015625 1773012466.6187
CHLD 61868 4778.957031 1773012466.6187
MEM 0.121094 1773012466.7214
CHLD 25412 0.015625 1773012466.7245
CHLD 36952 0.015625 1773012466.7245
CHLD 61868 4800.730469 1773012466.7245
MEM 0.121094 1773012466.8298
CHLD 25412 0.015625 1773012466.8368
CHLD 36952 0.015625 1773012466.8368
CHLD 61868 4831.367188 1773012466.8368
MEM 0.121094 1773012466.9389
CHLD 25412 0.015625 1773012466.9452
CHLD 36952 0.015625 1773012466.9452
CHLD 61868 4869.078125 1773012466.9452
MEM 0.121094 1773012467.0471
CHLD 25412 0.015625 1773012467.0538
CHLD 36952 0.015625 1773012467.0538
CHLD 61868 4902.781250 1773012467.0538
MEM 0.121094 1773012467.1561
CHLD 25412 0.015625 1773012467.1630
CHLD 36952 0.015625 1773012467.1630
CHLD 61868 4933.417969 1773012467.1630
MEM 0.121094 1773012467.2649
CHLD 25412 0.015625 1773012467.2719
CHLD 36952 0.015625 1773012467.2719
CHLD 61868 4968.750000 1773012467.2719
MEM 0.121094 1773012467.3725
CHLD 25412 0.015625 1773012467.3808
CHLD 36952 0.015625 1773012467.3808
CHLD 61868 5005.210938 1773012467.3808
MEM 0.121094 1773012467.4814
CHLD 25412 0.015625 1773012467.4854
CHLD 36952 0.015625 1773012467.4854
CHLD 61868 5029.347656 1773012467.4854
MEM 0.121094 1773012467.5899
CHLD 25412 0.015625 1773012467.5952
CHLD 36952 0.015625 1773012467.5952
CHLD 61868 5055.867188 1773012467.5952
MEM 0.121094 1773012467.6976
CHLD 25412 0.015625 1773012467.7041
CHLD 36952 0.015625 1773012467.7041
CHLD 61868 5088.003906 1773012467.7041
MEM 0.121094 1773012467.8057
CHLD 25412 0.015625 1773012467.8108
CHLD 36952 0.015625 1773012467.8108
CHLD 61868 5118.445312 1773012467.8108
MEM 0.121094 1773012467.9145
CHLD 25412 0.015625 1773012467.9219
CHLD 36952 0.015625 1773012467.9219
CHLD 61868 5148.265625 1773012467.9219
MEM 0.121094 1773012468.0228
CHLD 25412 0.015625 1773012468.0281
CHLD 36952 0.015625 1773012468.0281
CHLD 61868 5182.089844 1773012468.0281
MEM 0.121094 1773012468.1314
CHLD 25412 0.015625 1773012468.1365
CHLD 36952 0.015625 1773012468.1365
CHLD 61868 5212.746094 1773012468.1365
MEM 0.121094 1773012468.2416
CHLD 25412 0.015625 1773012468.2461
CHLD 36952 0.015625 1773012468.2461
CHLD 61868 5245.121094 1773012468.2461
MEM 0.121094 1773012468.3501
CHLD 25412 0.015625 1773012468.3537
CHLD 36952 0.015625 1773012468.3537
CHLD 61868 5274.214844 1773012468.3537
MEM 0.121094 1773012468.4584
CHLD 25412 0.015625 1773012468.4685
CHLD 36952 0.015625 1773012468.4685
CHLD 61868 5299.375000 1773012468.4685
MEM 0.121094 1773012468.5693
CHLD 25412 0.015625 1773012468.5764
CHLD 36952 0.015625 1773012468.5764
CHLD 61868 5322.007812 1773012468.5764
MEM 0.121094 1773012468.6782
CHLD 25412 0.015625 1773012468.6850
CHLD 36952 0.015625 1773012468.6850
CHLD 61868 5351.656250 1773012468.6850
MEM 0.121094 1773012468.7864
CHLD 25412 0.015625 1773012468.7940
CHLD 36952 0.015625 1773012468.7940
CHLD 61868 5384.273438 1773012468.7940
MEM 0.121094 1773012468.8944
CHLD 25412 0.015625 1773012468.8985
CHLD 36952 0.015625 1773012468.8985
CHLD 61868 5419.316406 1773012468.8985
MEM 0.269531 1773012469.0024
CHLD 25412 0.015625 1773012469.0105
CHLD 36952 0.015625 1773012469.0105
CHLD 61868 5449.625000 1773012469.0105
MEM 0.269531 1773012469.1109
CHLD 25412 0.164062 1773012469.1147
CHLD 36952 0.015625 1773012469.1147
CHLD 61868 5474.562500 1773012469.1147
MEM 0.269531 1773012469.2191
CHLD 25412 0.164062 1773012469.2235
CHLD 36952 0.015625 1773012469.2235
CHLD 61868 5502.375000 1773012469.2235
MEM 0.269531 1773012469.3275
CHLD 25412 0.164062 1773012469.3318
CHLD 36952 0.015625 1773012469.3318
CHLD 61868 5533.203125 1773012469.3318
MEM 0.269531 1773012469.4354
CHLD 25412 0.164062 1773012469.4404
CHLD 36952 0.015625 1773012469.4404
CHLD 61868 5558.644531 1773012469.4404
MEM 0.269531 1773012469.5427
CHLD 25412 0.164062 1773012469.5495
CHLD 36952 0.015625 1773012469.5495
CHLD 61868 5588.488281 1773012469.5495
MEM 0.269531 1773012469.6502
CHLD 25412 0.164062 1773012469.6534
CHLD 36952 0.015625 1773012469.6534
CHLD 61868 5614.808594 1773012469.6534
MEM 0.269531 1773012469.7584
CHLD 25412 0.164062 1773012469.7628
CHLD 36952 0.015625 1773012469.7628
CHLD 61868 5644.628906 1773012469.7628
MEM 0.269531 1773012469.8657
CHLD 25412 0.164062 1773012469.8704
CHLD 36952 0.015625 1773012469.8704
CHLD 61868 5677.480469 1773012469.8704
MEM 0.269531 1773012469.9732
CHLD 25412 0.164062 1773012469.9801
CHLD 36952 0.015625 1773012469.9801
CHLD 61868 5705.554688 1773012469.9801
MEM 0.269531 1773012470.0819
CHLD 25412 0.164062 1773012470.0897
CHLD 36952 0.015625 1773012470.0897
CHLD 61868 5732.957031 1773012470.0897
MEM 0.269531 1773012470.1903
CHLD 25412 0.164062 1773012470.1988
CHLD 36952 0.015625 1773012470.1988
CHLD 61868 5761.121094 1773012470.1988
MEM 0.269531 1773012470.3005
CHLD 25412 0.164062 1773012470.3072
CHLD 36952 0.015625 1773012470.3072
CHLD 61868 5784.132812 1773012470.3072
MEM 0.269531 1773012470.4088
CHLD 25412 0.164062 1773012470.4129
CHLD 36952 0.015625 1773012470.4129
CHLD 61868 5811.820312 1773012470.4129
MEM 0.269531 1773012470.5173
CHLD 25412 0.164062 1773012470.5213
CHLD 36952 0.015625 1773012470.5213
CHLD 61868 5839.902344 1773012470.5213
MEM 0.269531 1773012470.6259
CHLD 25412 0.164062 1773012470.6294
CHLD 36952 0.015625 1773012470.6294
CHLD 61868 5868.187500 1773012470.6294
MEM 0.269531 1773012470.7335
CHLD 25412 0.164062 1773012470.7372
CHLD 36952 0.015625 1773012470.7372
CHLD 61868 5903.250000 1773012470.7372
MEM 0.269531 1773012470.8418
CHLD 25412 0.164062 1773012470.8473
CHLD 36952 0.015625 1773012470.8473
CHLD 61868 5931.433594 1773012470.8473
MEM 0.269531 1773012470.9504
CHLD 25412 0.164062 1773012470.9572
CHLD 36952 0.015625 1773012470.9572
CHLD 61868 5961.441406 1773012470.9572
MEM 0.269531 1773012471.0590
CHLD 25412 0.164062 1773012471.0660
CHLD 36952 0.015625 1773012471.0660
CHLD 61868 5992.882812 1773012471.0660
MEM 0.269531 1773012471.1677
CHLD 25412 0.164062 1773012471.1744
CHLD 36952 0.015625 1773012471.1744
CHLD 61868 6019.222656 1773012471.1744
MEM 0.269531 1773012471.2763
CHLD 25412 0.164062 1773012471.2833
CHLD 36952 0.015625 1773012471.2833
CHLD 61868 6050.000000 1773012471.2833
MEM 0.269531 1773012471.3843
CHLD 25412 0.164062 1773012471.3868
CHLD 36952 0.015625 1773012471.3868
CHLD 61868 6079.851562 1773012471.3868
MEM 0.269531 1773012471.4923
CHLD 25412 0.164062 1773012471.5003
CHLD 36952 0.015625 1773012471.5003
CHLD 61868 6107.527344 1773012471.5003
MEM 0.269531 1773012471.6011
CHLD 25412 0.164062 1773012471.6082
CHLD 36952 0.015625 1773012471.6082
CHLD 61868 6134.582031 1773012471.6082
MEM 0.269531 1773012471.7098
CHLD 25412 0.164062 1773012471.7174
CHLD 36952 0.015625 1773012471.7174
CHLD 61868 6160.617188 1773012471.7174
MEM 0.269531 1773012471.8179
CHLD 25412 0.164062 1773012471.8246
CHLD 36952 0.015625 1773012471.8246
CHLD 61868 6184.316406 1773012471.8246
MEM 0.269531 1773012471.9266
CHLD 25412 0.164062 1773012471.9346
CHLD 36952 0.015625 1773012471.9346
CHLD 61868 6210.058594 1773012471.9346
MEM 0.269531 1773012472.0350
CHLD 25412 0.164062 1773012472.0394
CHLD 36952 0.015625 1773012472.0394
CHLD 61868 6234.781250 1773012472.0394
MEM 0.269531 1773012472.1424
CHLD 25412 0.164062 1773012472.1502
CHLD 36952 0.015625 1773012472.1502
CHLD 61868 6252.605469 1773012472.1502
MEM 0.269531 1773012472.2510
CHLD 25412 0.164062 1773012472.2588
CHLD 36952 0.015625 1773012472.2588
CHLD 61868 6272.558594 1773012472.2588
MEM 0.269531 1773012472.3599
CHLD 25412 0.164062 1773012472.3677
CHLD 36952 0.015625 1773012472.3677
CHLD 61868 6294.687500 1773012472.3677
MEM 0.269531 1773012472.4686
CHLD 25412 0.164062 1773012472.4763
CHLD 36952 0.015625 1773012472.4763
CHLD 61868 6335.562500 1773012472.4763
MEM 0.269531 1773012472.5768
CHLD 25412 0.164062 1773012472.5818
CHLD 36952 0.015625 1773012472.5818
CHLD 61868 6371.710938 1773012472.5818
MEM 0.269531 1773012472.6857
CHLD 25412 0.164062 1773012472.6893
CHLD 36952 0.015625 1773012472.6893
CHLD 61868 6407.496094 1773012472.6893
MEM 0.269531 1773012472.7943
CHLD 25412 0.164062 1773012472.8017
CHLD 36952 0.015625 1773012472.8017
CHLD 61868 6441.597656 1773012472.8017
MEM 0.269531 1773012472.9028
CHLD 25412 0.164062 1773012472.9098
CHLD 36952 0.015625 1773012472.9098
CHLD 61868 6471.035156 1773012472.9098
MEM 0.269531 1773012473.0111
CHLD 25412 0.164062 1773012473.0179
CHLD 36952 0.015625 1773012473.0179
CHLD 61868 6493.089844 1773012473.0179
MEM 0.269531 1773012473.1193
CHLD 25412 0.164062 1773012473.1266
CHLD 36952 0.015625 1773012473.1266
CHLD 61868 6515.007812 1773012473.1266
MEM 0.269531 1773012473.2283
CHLD 25412 0.164062 1773012473.2353
CHLD 36952 0.015625 1773012473.2353
CHLD 61868 6538.382812 1773012473.2353
MEM 0.269531 1773012473.3371
CHLD 25412 0.164062 1773012473.3441
CHLD 36952 0.015625 1773012473.3441
CHLD 61868 6560.191406 1773012473.3441
MEM 0.269531 1773012473.4456
CHLD 25412 0.164062 1773012473.4533
CHLD 36952 0.015625 1773012473.4533
CHLD 61868 6638.136719 1773012473.4533
MEM 0.269531 1773012473.5538
CHLD 25412 0.164062 1773012473.5610
CHLD 36952 0.015625 1773012473.5610
CHLD 61868 6727.175781 1773012473.5610
MEM 0.269531 1773012473.6615
CHLD 25412 0.164062 1773012473.6641
CHLD 36952 0.015625 1773012473.6641
CHLD 61868 6813.902344 1773012473.6641
MEM 0.269531 1773012473.7684
CHLD 25412 0.164062 1773012473.7762
CHLD 36952 0.015625 1773012473.7762
CHLD 61868 6906.066406 1773012473.7762
MEM 0.269531 1773012473.8767
CHLD 25412 0.164062 1773012473.8831
CHLD 36952 0.015625 1773012473.8831
CHLD 61868 7003.730469 1773012473.8831
MEM 0.269531 1773012473.9838
CHLD 25412 0.164062 1773012473.9908
CHLD 36952 0.015625 1773012473.9908
CHLD 61868 7101.648438 1773012473.9908
MEM 0.269531 1773012474.0914
CHLD 25412 0.164062 1773012474.0941
CHLD 36952 0.015625 1773012474.0941
CHLD 61868 7193.785156 1773012474.0941
MEM 0.269531 1773012474.1987
CHLD 25412 0.164062 1773012474.2061
CHLD 36952 0.015625 1773012474.2061
CHLD 61868 7288.828125 1773012474.2061
MEM 0.269531 1773012474.3074
CHLD 25412 0.164062 1773012474.3152
CHLD 36952 0.015625 1773012474.3152
CHLD 61868 7342.222656 1773012474.3152
MEM 0.269531 1773012474.4156
CHLD 25412 0.164062 1773012474.4184
CHLD 36952 0.015625 1773012474.4184
CHLD 61868 7025.628906 1773012474.4184
MEM 0.269531 1773012474.5222
CHLD 25412 0.164062 1773012474.5276
CHLD 36952 0.015625 1773012474.5276
CHLD 61868 7026.824219 1773012474.5276
MEM 0.269531 1773012474.6298
CHLD 25412 0.164062 1773012474.6366
CHLD 36952 0.015625 1773012474.6366
CHLD 61868 7027.765625 1773012474.6366
MEM 0.214844 1773012474.7376
CHLD 25412 0.164062 1773012474.7391
CHLD 36952 0.015625 1773012474.7391
CHLD 61868 7028.781250 1773012474.7391
MEM 0.214844 1773012474.8449
CHLD 25412 0.164062 1773012474.8481
CHLD 36952 0.015625 1773012474.8481
CHLD 61868 7029.750000 1773012474.8481
MEM 0.214844 1773012474.9520
CHLD 25412 0.164062 1773012474.9555
CHLD 36952 0.015625 1773012474.9555
CHLD 61868 7030.617188 1773012474.9555
MEM 0.214844 1773012475.0589
CHLD 25412 0.164062 1773012475.0662
CHLD 36952 0.015625 1773012475.0662
CHLD 61868 7031.359375 1773012475.0662
MEM 0.214844 1773012475.1673
CHLD 25412 0.164062 1773012475.1742
CHLD 36952 0.015625 1773012475.1742
CHLD 61868 7032.066406 1773012475.1742
MEM 0.214844 1773012475.2757
CHLD 25412 0.164062 1773012475.2793
CHLD 36952 0.015625 1773012475.2793
CHLD 61868 7032.753906 1773012475.2793
MEM 0.214844 1773012475.3836
CHLD 25412 0.164062 1773012475.3878
CHLD 36952 0.015625 1773012475.3878
CHLD 61868 7033.519531 1773012475.3878
MEM 0.214844 1773012475.4911
CHLD 25412 0.164062 1773012475.4963
CHLD 36952 0.015625 1773012475.4963
CHLD 61868 7034.292969 1773012475.4963
MEM 0.214844 1773012475.5988
CHLD 25412 0.164062 1773012475.6060
CHLD 36952 0.015625 1773012475.6060
CHLD 61868 7034.992188 1773012475.6060
MEM 0.214844 1773012475.7075
CHLD 25412 0.164062 1773012475.7143
CHLD 36952 0.015625 1773012475.7143
CHLD 61868 7035.808594 1773012475.7143
MEM 0.214844 1773012475.8157
CHLD 25412 0.164062 1773012475.8183
CHLD 36952 0.015625 1773012475.8183
CHLD 61868 7036.531250 1773012475.8183
MEM 0.214844 1773012475.9234
CHLD 25412 0.164062 1773012475.9292
CHLD 36952 0.015625 1773012475.9292
CHLD 61868 7037.300781 1773012475.9292
MEM 0.214844 1773012476.0311
CHLD 25412 0.164062 1773012476.0363
CHLD 36952 0.015625 1773012476.0363
CHLD 61868 7037.925781 1773012476.0363
MEM 0.214844 1773012476.1404
CHLD 25412 0.164062 1773012476.1494
CHLD 36952 0.015625 1773012476.1494
CHLD 61868 7038.949219 1773012476.1494
MEM 0.214844 1773012476.2514
CHLD 25412 0.164062 1773012476.2575
CHLD 36952 0.015625 1773012476.2575
CHLD 61868 7039.695312 1773012476.2575
MEM 0.214844 1773012476.3604
CHLD 25412 0.164062 1773012476.3660
CHLD 36952 0.015625 1773012476.3660
CHLD 61868 7040.496094 1773012476.3660
MEM 0.214844 1773012476.4683
CHLD 25412 0.164062 1773012476.4747
CHLD 36952 0.015625 1773012476.4747
CHLD 61868 7041.382812 1773012476.4747
MEM 0.214844 1773012476.5765
CHLD 25412 0.164062 1773012476.5786
CHLD 36952 0.015625 1773012476.5786
CHLD 61868 7042.207031 1773012476.5786
MEM 0.214844 1773012476.6836
CHLD 25412 0.164062 1773012476.6876
CHLD 36952 0.015625 1773012476.6876
CHLD 61868 7043.167969 1773012476.6876
MEM 0.214844 1773012476.7911
CHLD 25412 0.164062 1773012476.8003
CHLD 36952 0.015625 1773012476.8003
CHLD 61868 7044.128906 1773012476.8003
MEM 0.214844 1773012476.9013
CHLD 25412 0.164062 1773012476.9073
CHLD 36952 0.015625 1773012476.9073
CHLD 61868 7045.058594 1773012476.9073
MEM 0.214844 1773012477.0090
CHLD 25412 0.164062 1773012477.0133
CHLD 36952 0.015625 1773012477.0133
CHLD 61868 7045.960938 1773012477.0133
MEM 0.214844 1773012477.1161
CHLD 25412 0.164062 1773012477.1225
CHLD 36952 0.015625 1773012477.1225
CHLD 61868 7046.867188 1773012477.1225
MEM 0.214844 1773012477.2233
CHLD 25412 0.164062 1773012477.2303
CHLD 36952 0.015625 1773012477.2303
CHLD 61868 7047.746094 1773012477.2303
MEM 0.214844 1773012477.3316
CHLD 25412 0.164062 1773012477.3341
CHLD 36952 0.015625 1773012477.3341
CHLD 61868 7048.734375 1773012477.3341
MEM 0.214844 1773012477.4387
CHLD 25412 0.164062 1773012477.4433
CHLD 36952 0.015625 1773012477.4433
CHLD 61868 7049.691406 1773012477.4433
MEM 0.214844 1773012477.5460
CHLD 25412 0.164062 1773012477.5531
CHLD 36952 0.015625 1773012477.5531
CHLD 61868 7050.664062 1773012477.5531
MEM 0.214844 1773012477.6541
CHLD 25412 0.164062 1773012477.6581
CHLD 36952 0.015625 1773012477.6581
CHLD 61868 7051.460938 1773012477.6581
MEM 0.214844 1773012477.7610
CHLD 25412 0.164062 1773012477.7684
CHLD 36952 0.015625 1773012477.7684
CHLD 61868 7052.351562 1773012477.7684
MEM 0.214844 1773012477.8702
CHLD 25412 0.164062 1773012477.8757
CHLD 36952 0.015625 1773012477.8757
CHLD 61868 7053.273438 1773012477.8757
MEM 0.214844 1773012477.9779
CHLD 25412 0.164062 1773012477.9834
CHLD 36952 0.015625 1773012477.9834
CHLD 61868 7054.250000 1773012477.9834
MEM 0.214844 1773012478.0853
CHLD 25412 0.164062 1773012478.0905
CHLD 36952 0.015625 1773012478.0905
CHLD 61868 7055.203125 1773012478.0905
MEM 0.214844 1773012478.1937
CHLD 25412 0.164062 1773012478.2007
CHLD 36952 0.015625 1773012478.2007
CHLD 61868 7056.027344 1773012478.2007
MEM 0.214844 1773012478.3013
CHLD 25412 0.164062 1773012478.3073
CHLD 36952 0.015625 1773012478.3073
CHLD 61868 7056.996094 1773012478.3073
MEM 0.214844 1773012478.4094
CHLD 25412 0.164062 1773012478.4162
CHLD 36952 0.015625 1773012478.4162
CHLD 61868 7057.867188 1773012478.4162
MEM 0.214844 1773012478.5172
CHLD 25412 0.164062 1773012478.5192
CHLD 36952 0.015625 1773012478.5192
CHLD 61868 7058.796875 1773012478.5192
MEM 0.214844 1773012478.6241
CHLD 25412 0.164062 1773012478.6309
CHLD 36952 0.015625 1773012478.6309
CHLD 61868 7059.734375 1773012478.6309
MEM 0.214844 1773012478.7323
CHLD 25412 0.164062 1773012478.7394
CHLD 36952 0.015625 1773012478.7394
CHLD 61868 7060.578125 1773012478.7394
MEM 0.214844 1773012478.8405
CHLD 25412 0.164062 1773012478.8434
CHLD 36952 0.015625 1773012478.8434
CHLD 61868 7061.515625 1773012478.8434
MEM 0.214844 1773012478.9479
CHLD 25412 0.164062 1773012478.9516
CHLD 36952 0.015625 1773012478.9516
CHLD 61868 7062.410156 1773012478.9516
MEM 0.214844 1773012479.0555
CHLD 25412 0.164062 1773012479.0635
CHLD 36952 0.015625 1773012479.0635
CHLD 61868 7063.371094 1773012479.0635
MEM 0.214844 1773012479.1637
CHLD 25412 0.164062 1773012479.1700
CHLD 36952 0.015625 1773012479.1700
CHLD 61868 7064.289062 1773012479.1700
MEM 0.214844 1773012479.2709
CHLD 25412 0.164062 1773012479.2779
CHLD 36952 0.015625 1773012479.2779
CHLD 61868 7065.187500 1773012479.2779
MEM 0.214844 1773012479.3786
CHLD 25412 0.164062 1773012479.3856
CHLD 36952 0.015625 1773012479.3856
CHLD 61868 7066.117188 1773012479.3856
MEM 0.214844 1773012479.4870
CHLD 25412 0.164062 1773012479.4924
CHLD 36952 0.015625 1773012479.4924
CHLD 61868 7067.089844 1773012479.4924
MEM 0.214844 1773012479.5942
CHLD 25412 0.164062 1773012479.5994
CHLD 36952 0.015625 1773012479.5994
CHLD 61868 7067.964844 1773012479.5994
MEM 0.214844 1773012479.7014
CHLD 25412 0.164062 1773012479.7094
CHLD 36952 0.015625 1773012479.7094
CHLD 61868 7068.925781 1773012479.7094
MEM 0.214844 1773012479.8100
CHLD 25412 0.164062 1773012479.8153
CHLD 36952 0.015625 1773012479.8153
CHLD 61868 7069.863281 1773012479.8153
MEM 0.214844 1773012479.9179
CHLD 25412 0.164062 1773012479.9222
CHLD 36952 0.015625 1773012479.9222
CHLD 61868 7070.843750 1773012479.9222
MEM 0.214844 1773012480.0261
CHLD 25412 0.164062 1773012480.0322
CHLD 36952 0.015625 1773012480.0322
CHLD 61868 7071.753906 1773012480.0322
MEM 0.214844 1773012480.1335
CHLD 25412 0.164062 1773012480.1399
CHLD 36952 0.015625 1773012480.1399
CHLD 61868 7072.578125 1773012480.1399
MEM 0.214844 1773012480.2413
CHLD 25412 0.164062 1773012480.2451
CHLD 36952 0.015625 1773012480.2451
CHLD 61868 7073.460938 1773012480.2451
MEM 0.214844 1773012480.3486
CHLD 25412 0.164062 1773012480.3541
CHLD 36952 0.015625 1773012480.3541
CHLD 61868 7074.425781 1773012480.3541
MEM 0.214844 1773012480.4570
CHLD 25412 0.164062 1773012480.4595
CHLD 36952 0.015625 1773012480.4595
CHLD 61868 7075.347656 1773012480.4595
MEM 0.214844 1773012480.5645
CHLD 25412 0.164062 1773012480.5703
CHLD 36952 0.015625 1773012480.5703
CHLD 61868 7076.265625 1773012480.5703
MEM 0.214844 1773012480.6722
CHLD 25412 0.164062 1773012480.6784
CHLD 36952 0.015625 1773012480.6784
CHLD 61868 7077.195312 1773012480.6784
MEM 0.214844 1773012480.7798
CHLD 25412 0.164062 1773012480.7861
CHLD 36952 0.015625 1773012480.7861
CHLD 61868 7078.183594 1773012480.7861
MEM 0.214844 1773012480.8879
CHLD 25412 0.164062 1773012480.8945
CHLD 36952 0.015625 1773012480.8945
CHLD 61868 7079.136719 1773012480.8945
MEM 0.214844 1773012480.9959
CHLD 25412 0.164062 1773012481.0029
CHLD 36952 0.015625 1773012481.0029
CHLD 61868 7080.132812 1773012481.0029
MEM 0.214844 1773012481.1037
CHLD 25412 0.164062 1773012481.1094
CHLD 36952 0.015625 1773012481.1094
CHLD 61868 7081.070312 1773012481.1094
MEM 0.214844 1773012481.2115
CHLD 25412 0.164062 1773012481.2167
CHLD 36952 0.015625 1773012481.2167
CHLD 61868 7082.035156 1773012481.2167
MEM 0.214844 1773012481.3191
CHLD 25412 0.164062 1773012481.3251
CHLD 36952 0.015625 1773012481.3251
CHLD 61868 7083.003906 1773012481.3251
MEM 0.214844 1773012481.4266
CHLD 25412 0.164062 1773012481.4338
CHLD 36952 0.015625 1773012481.4338
CHLD 61868 7084.027344 1773012481.4338
MEM 0.214844 1773012481.5343
CHLD 25412 0.164062 1773012481.5404
CHLD 36952 0.015625 1773012481.5404
CHLD 61868 7084.968750 1773012481.5404
MEM 0.214844 1773012481.6422
CHLD 25412 0.164062 1773012481.6493
CHLD 36952 0.015625 1773012481.6493
CHLD 61868 7085.945312 1773012481.6493
MEM 0.214844 1773012481.7504
CHLD 25412 0.164062 1773012481.7564
CHLD 36952 0.015625 1773012481.7564
CHLD 61868 7086.917969 1773012481.7564
MEM 0.214844 1773012481.8582
CHLD 25412 0.164062 1773012481.8636
CHLD 36952 0.015625 1773012481.8636
CHLD 61868 7087.777344 1773012481.8636
MEM 0.214844 1773012481.9657
CHLD 25412 0.164062 1773012481.9711
CHLD 36952 0.015625 1773012481.9711
CHLD 61868 7088.718750 1773012481.9711
MEM 0.214844 1773012482.0732
CHLD 25412 0.164062 1773012482.0765
CHLD 36952 0.015625 1773012482.0765
CHLD 61868 7089.660156 1773012482.0765
MEM 0.214844 1773012482.1809
CHLD 25412 0.164062 1773012482.1839
CHLD 36952 0.015625 1773012482.1839
CHLD 61868 7090.593750 1773012482.1839
MEM 0.214844 1773012482.2888
CHLD 25412 0.164062 1773012482.2968
CHLD 36952 0.015625 1773012482.2968
CHLD 61868 7091.546875 1773012482.2968
MEM 0.214844 1773012482.3983
CHLD 25412 0.164062 1773012482.4041
CHLD 36952 0.015625 1773012482.4041
CHLD 61868 7092.500000 1773012482.4041
MEM 0.214844 1773012482.5053
CHLD 25412 0.164062 1773012482.5113
CHLD 36952 0.015625 1773012482.5113
CHLD 61868 7093.488281 1773012482.5113
MEM 0.214844 1773012482.6126
CHLD 25412 0.164062 1773012482.6196
CHLD 36952 0.015625 1773012482.6196
CHLD 61868 7094.468750 1773012482.6196
MEM 0.214844 1773012482.7214
CHLD 25412 0.164062 1773012482.7295
CHLD 36952 0.015625 1773012482.7295
CHLD 61868 7095.367188 1773012482.7295
MEM 0.214844 1773012482.8302
CHLD 25412 0.164062 1773012482.8368
CHLD 36952 0.015625 1773012482.8368
CHLD 61868 7096.281250 1773012482.8368
MEM 0.214844 1773012482.9378
CHLD 25412 0.164062 1773012482.9416
CHLD 36952 0.015625 1773012482.9416
CHLD 61868 7097.289062 1773012482.9416
MEM 0.214844 1773012483.0452
CHLD 25412 0.164062 1773012483.0499
CHLD 36952 0.015625 1773012483.0499
CHLD 61868 7098.230469 1773012483.0499
MEM 0.214844 1773012483.1533
CHLD 25412 0.164062 1773012483.1560
CHLD 36952 0.015625 1773012483.1560
CHLD 61868 7099.195312 1773012483.1560
MEM 0.214844 1773012483.2605
CHLD 25412 0.164062 1773012483.2666
CHLD 36952 0.015625 1773012483.2666
CHLD 61868 7100.125000 1773012483.2666
MEM 0.214844 1773012483.3681
CHLD 25412 0.164062 1773012483.3735
CHLD 36952 0.015625 1773012483.3756
CHLD 61868 7101.140625 1773012483.3756
MEM 0.214844 1773012483.4761
CHLD 25412 0.164062 1773012483.4850
CHLD 36952 0.015625 1773012483.4850
CHLD 61868 7101.988281 1773012483.4850
MEM 0.214844 1773012483.5863
CHLD 25412 0.164062 1773012483.5890
CHLD 36952 0.015625 1773012483.5890
CHLD 61868 7103.007812 1773012483.5890
MEM 0.214844 1773012483.6929
CHLD 25412 0.164062 1773012483.7029
CHLD 36952 0.015625 1773012483.7029
CHLD 61868 7103.937500 1773012483.7029
MEM 0.214844 1773012483.8035
CHLD 25412 0.164062 1773012483.8072
CHLD 36952 0.015625 1773012483.8072
CHLD 61868 7104.886719 1773012483.8072
MEM 0.214844 1773012483.9121
CHLD 25412 0.164062 1773012483.9174
CHLD 36952 0.015625 1773012483.9174
CHLD 61868 7105.855469 1773012483.9174
MEM 0.214844 1773012484.0198
CHLD 25412 0.164062 1773012484.0298
CHLD 36952 0.015625 1773012484.0298
CHLD 61868 7106.843750 1773012484.0298
MEM 0.214844 1773012484.1312
CHLD 25412 0.164062 1773012484.1383
CHLD 36952 0.015625 1773012484.1383
CHLD 61868 7107.773438 1773012484.1383
MEM 0.214844 1773012484.2397
CHLD 25412 0.164062 1773012484.2450
CHLD 36952 0.015625 1773012484.2450
CHLD 61868 7108.683594 1773012484.2450
MEM 0.214844 1773012484.3472
CHLD 25412 0.164062 1773012484.3527
CHLD 36952 0.015625 1773012484.3527
CHLD 61868 7109.609375 1773012484.3527
MEM 0.214844 1773012484.4554
CHLD 25412 0.164062 1773012484.4609
CHLD 36952 0.015625 1773012484.4609
CHLD 61868 7110.617188 1773012484.4609
MEM 0.214844 1773012484.5634
CHLD 25412 0.164062 1773012484.5706
CHLD 36952 0.015625 1773012484.5706
CHLD 61868 7111.554688 1773012484.5706
MEM 0.214844 1773012484.6713
CHLD 25412 0.164062 1773012484.6741
CHLD 36952 0.015625 1773012484.6741
CHLD 61868 7112.503906 1773012484.6741
MEM 0.214844 1773012484.7790
CHLD 25412 0.164062 1773012484.7861
CHLD 36952 0.015625 1773012484.7861
CHLD 61868 7113.425781 1773012484.7861
MEM 0.214844 1773012484.8872
CHLD 25412 0.164062 1773012484.8940
CHLD 36952 0.015625 1773012484.8940
CHLD 61868 7114.394531 1773012484.8940
MEM 0.214844 1773012484.9953
CHLD 25412 0.164062 1773012485.0021
CHLD 36952 0.015625 1773012485.0021
CHLD 61868 7115.320312 1773012485.0021
MEM 0.214844 1773012485.1025
CHLD 25412 0.164062 1773012485.1097
CHLD 36952 0.015625 1773012485.1097
CHLD 61868 7116.316406 1773012485.1097
MEM 0.214844 1773012485.2107
CHLD 25412 0.164062 1773012485.2168
CHLD 36952 0.015625 1773012485.2168
CHLD 61868 7117.230469 1773012485.2168
MEM 0.214844 1773012485.3188
CHLD 25412 0.164062 1773012485.3228
CHLD 36952 0.015625 1773012485.3228
CHLD 61868 7118.218750 1773012485.3228
MEM 0.214844 1773012485.4267
CHLD 25412 0.164062 1773012485.4311
CHLD 36952 0.015625 1773012485.4311
CHLD 61868 7119.207031 1773012485.4311
MEM 0.214844 1773012485.5345
CHLD 25412 0.164062 1773012485.5405
CHLD 36952 0.015625 1773012485.5405
CHLD 61868 7120.164062 1773012485.5405
MEM 0.214844 1773012485.6424
CHLD 25412 0.164062 1773012485.6465
CHLD 36952 0.015625 1773012485.6465
CHLD 61868 7121.132812 1773012485.6465
MEM 0.214844 1773012485.7505
CHLD 25412 0.164062 1773012485.7553
CHLD 36952 0.015625 1773012485.7553
CHLD 61868 7121.992188 1773012485.7553
MEM 0.214844 1773012485.8583
CHLD 25412 0.164062 1773012485.8624
CHLD 36952 0.015625 1773012485.8624
CHLD 61868 7123.042969 1773012485.8624
MEM 0.214844 1773012485.9672
CHLD 25412 0.164062 1773012485.9762
CHLD 36952 0.015625 1773012485.9762
CHLD 61868 7124.011719 1773012485.9762
MEM 0.214844 1773012486.0774
CHLD 25412 0.164062 1773012486.0831
CHLD 36952 0.015625 1773012486.0831
CHLD 61868 7124.941406 1773012486.0831
MEM 0.214844 1773012486.1851
CHLD 25412 0.164062 1773012486.1904
CHLD 36952 0.015625 1773012486.1904
CHLD 61868 7125.953125 1773012486.1904
MEM 0.214844 1773012486.2938
CHLD 25412 0.164062 1773012486.2983
CHLD 36952 0.015625 1773012486.2983
CHLD 61868 7126.941406 1773012486.2983
MEM 0.214844 1773012486.4018
CHLD 25412 0.164062 1773012486.4072
CHLD 36952 0.015625 1773012486.4072
CHLD 61868 7127.847656 1773012486.4072
MEM 0.214844 1773012486.5098
CHLD 25412 0.164062 1773012486.5165
CHLD 36952 0.015625 1773012486.5165
CHLD 61868 7128.761719 1773012486.5165
MEM 0.214844 1773012486.6174
CHLD 25412 0.164062 1773012486.6201
CHLD 36952 0.015625 1773012486.6201
CHLD 61868 7129.800781 1773012486.6201
MEM 0.214844 1773012486.7242
CHLD 25412 0.164062 1773012486.7286
CHLD 36952 0.015625 1773012486.7286
CHLD 61868 7130.757812 1773012486.7286
MEM 0.214844 1773012486.8322
CHLD 25412 0.164062 1773012486.8352
CHLD 36952 0.015625 1773012486.8352
CHLD 61868 7131.691406 1773012486.8352
MEM 0.214844 1773012486.9398
CHLD 25412 0.164062 1773012486.9443
CHLD 36952 0.015625 1773012486.9443
CHLD 61868 7132.707031 1773012486.9443
MEM 0.214844 1773012487.0477
CHLD 25412 0.164062 1773012487.0538
CHLD 36952 0.015625 1773012487.0538
CHLD 61868 7133.613281 1773012487.0538
MEM 0.214844 1773012487.1568
CHLD 25412 0.164062 1773012487.1621
CHLD 36952 0.015625 1773012487.1621
CHLD 61868 7134.414062 1773012487.1621
MEM 0.214844 1773012487.2656
CHLD 25412 0.164062 1773012487.2707
CHLD 36952 0.015625 1773012487.2707
CHLD 61868 7135.316406 1773012487.2707
MEM 0.214844 1773012487.3754
CHLD 25412 0.164062 1773012487.3787
CHLD 36952 0.015625 1773012487.3787
CHLD 61868 7136.300781 1773012487.3787
MEM 0.214844 1773012487.4841
CHLD 25412 0.164062 1773012487.4930
CHLD 36952 0.015625 1773012487.4930
CHLD 61868 7136.937500 1773012487.4930
MEM 0.214844 1773012487.5968
CHLD 25412 0.164062 1773012487.6020
CHLD 36952 0.015625 1773012487.6020
CHLD 61868 7138.691406 1773012487.6020
MEM 0.214844 1773012487.7056
CHLD 25412 0.164062 1773012487.7104
CHLD 36952 0.015625 1773012487.7104
CHLD 61868 7139.476562 1773012487.7104
MEM 0.214844 1773012487.8130
CHLD 25412 0.164062 1773012487.8182
CHLD 36952 0.015625 1773012487.8182
CHLD 61868 7140.398438 1773012487.8182
MEM 0.214844 1773012487.9220
CHLD 25412 0.164062 1773012487.9283
CHLD 36952 0.015625 1773012487.9283
CHLD 61868 7141.292969 1773012487.9283
MEM 0.214844 1773012488.0305
CHLD 25412 0.164062 1773012488.0358
CHLD 36952 0.015625 1773012488.0358
CHLD 61868 7142.324219 1773012488.0358
MEM 0.214844 1773012488.1387
CHLD 25412 0.164062 1773012488.1448
CHLD 36952 0.015625 1773012488.1448
CHLD 61868 7143.265625 1773012488.1448
MEM 0.214844 1773012488.2463
CHLD 25412 0.164062 1773012488.2534
CHLD 36952 0.015625 1773012488.2534
CHLD 61868 7144.230469 1773012488.2534
MEM 0.214844 1773012488.3544
CHLD 25412 0.164062 1773012488.3571
CHLD 36952 0.015625 1773012488.3571
CHLD 61868 7113.136719 1773012488.3571
MEM 0.195312 1773012488.4624
CHLD 25412 0.164062 1773012488.4664
CHLD 36952 0.015625 1773012488.4664
CHLD 61868 7114.085938 1773012488.4664
MEM 0.195312 1773012488.5705
CHLD 25412 0.164062 1773012488.5775
CHLD 36952 0.015625 1773012488.5775
CHLD 61868 7115.039062 1773012488.5775
MEM 0.195312 1773012488.6784
CHLD 25412 0.164062 1773012488.6855
CHLD 36952 0.015625 1773012488.6855
CHLD 61868 7115.941406 1773012488.6855
MEM 0.195312 1773012488.7861
CHLD 25412 0.164062 1773012488.7936
CHLD 36952 0.015625 1773012488.7936
CHLD 61868 7116.804688 1773012488.7936
MEM 0.195312 1773012488.8956
CHLD 25412 0.164062 1773012488.9027
CHLD 36952 0.015625 1773012488.9027
CHLD 61868 7117.773438 1773012488.9027
MEM 0.195312 1773012489.0035
CHLD 25412 0.164062 1773012489.0087
CHLD 36952 0.015625 1773012489.0087
CHLD 61868 7118.722656 1773012489.0087
MEM 0.195312 1773012489.1137
CHLD 25412 0.164062 1773012489.1172
CHLD 36952 0.015625 1773012489.1172
CHLD 61868 7119.644531 1773012489.1172
MEM 0.195312 1773012489.2208
CHLD 25412 0.164062 1773012489.2306
CHLD 36952 0.015625 1773012489.2306
CHLD 61868 7120.605469 1773012489.2306
MEM 0.195312 1773012489.3309
CHLD 25412 0.164062 1773012489.3375
CHLD 36952 0.015625 1773012489.3375
CHLD 61868 7121.445312 1773012489.3375
MEM 0.195312 1773012489.4381
CHLD 25412 0.164062 1773012489.4408
CHLD 36952 0.015625 1773012489.4408
CHLD 61868 7122.335938 1773012489.4408
MEM 0.195312 1773012489.5457
CHLD 25412 0.164062 1773012489.5515
CHLD 36952 0.015625 1773012489.5515
CHLD 61868 7123.300781 1773012489.5515
MEM 0.195312 1773012489.6538
CHLD 25412 0.164062 1773012489.6565
CHLD 36952 0.015625 1773012489.6565
CHLD 61868 7124.222656 1773012489.6565
MEM 0.195312 1773012489.7617
CHLD 25412 0.164062 1773012489.7647
CHLD 36952 0.015625 1773012489.7647
CHLD 61868 7125.148438 1773012489.7647
MEM 0.195312 1773012489.8699
CHLD 25412 0.164062 1773012489.8759
CHLD 36952 0.015625 1773012489.8759
CHLD 61868 7126.136719 1773012489.8759
MEM 0.195312 1773012489.9778
CHLD 25412 0.164062 1773012489.9838
CHLD 36952 0.015625 1773012489.9838
CHLD 61868 7127.085938 1773012489.9838
MEM 0.195312 1773012490.0858
CHLD 25412 0.164062 1773012490.0919
CHLD 36952 0.015625 1773012490.0919
CHLD 61868 7128.054688 1773012490.0919
MEM 0.195312 1773012490.1943
CHLD 25412 0.164062 1773012490.2034
CHLD 36952 0.015625 1773012490.2034
CHLD 61868 7129.003906 1773012490.2034
MEM 0.195312 1773012490.3045
CHLD 25412 0.164062 1773012490.3117
CHLD 36952 0.015625 1773012490.3117
CHLD 61868 7129.976562 1773012490.3117
MEM 0.195312 1773012490.4120
CHLD 25412 0.164062 1773012490.4178
CHLD 36952 0.015625 1773012490.4178
CHLD 61868 7130.937500 1773012490.4178
MEM 0.195312 1773012490.5197
CHLD 25412 0.164062 1773012490.5263
CHLD 36952 0.015625 1773012490.5263
CHLD 61868 7131.832031 1773012490.5263
MEM 0.195312 1773012490.6276
CHLD 25412 0.164062 1773012490.6316
CHLD 36952 0.015625 1773012490.6316
CHLD 61868 7132.734375 1773012490.6316
MEM 0.195312 1773012490.7349
CHLD 25412 0.164062 1773012490.7387
CHLD 36952 0.015625 1773012490.7387
CHLD 61868 7133.718750 1773012490.7387
MEM 0.195312 1773012490.8432
CHLD 25412 0.164062 1773012490.8488
CHLD 36952 0.015625 1773012490.8488
CHLD 61868 7134.656250 1773012490.8488
MEM 0.195312 1773012490.9506
CHLD 25412 0.164062 1773012490.9559
CHLD 36952 0.015625 1773012490.9559
CHLD 61868 7135.613281 1773012490.9559
MEM 0.195312 1773012491.0585
CHLD 25412 0.164062 1773012491.0649
CHLD 36952 0.015625 1773012491.0649
CHLD 61868 7136.593750 1773012491.0649
MEM 0.195312 1773012491.1656
CHLD 25412 0.164062 1773012491.1727
CHLD 36952 0.015625 1773012491.1727
CHLD 61868 7137.496094 1773012491.1727
MEM 0.195312 1773012491.2738
CHLD 25412 0.164062 1773012491.2775
CHLD 36952 0.015625 1773012491.2775
CHLD 61868 7138.464844 1773012491.2775
MEM 0.195312 1773012491.3814
CHLD 25412 0.164062 1773012491.3874
CHLD 36952 0.015625 1773012491.3874
CHLD 61868 7139.378906 1773012491.3874
MEM 0.195312 1773012491.4884
CHLD 25412 0.164062 1773012491.4917
CHLD 36952 0.015625 1773012491.4917
CHLD 61868 7140.402344 1773012491.4917
MEM 0.195312 1773012491.5968
CHLD 25412 0.164062 1773012491.6031
CHLD 36952 0.015625 1773012491.6031
CHLD 61868 7141.312500 1773012491.6031
MEM 0.195312 1773012491.7038
CHLD 25412 0.164062 1773012491.7108
CHLD 36952 0.015625 1773012491.7108
CHLD 61868 7142.195312 1773012491.7108
MEM 0.195312 1773012491.8122
CHLD 25412 0.164062 1773012491.8184
CHLD 36952 0.015625 1773012491.8184
CHLD 61868 7143.187500 1773012491.8184
MEM 0.195312 1773012491.9196
CHLD 25412 0.164062 1773012491.9234
CHLD 36952 0.015625 1773012491.9234
CHLD 61868 7144.167969 1773012491.9234
MEM 0.195312 1773012492.0280
CHLD 25412 0.164062 1773012492.0329
CHLD 36952 0.015625 1773012492.0329
CHLD 61868 7145.164062 1773012492.0329
MEM 0.195312 1773012492.1368
CHLD 25412 0.164062 1773012492.1419
CHLD 36952 0.015625 1773012492.1419
CHLD 61868 7146.089844 1773012492.1419
MEM 0.195312 1773012492.2457
CHLD 25412 0.164062 1773012492.2509
CHLD 36952 0.015625 1773012492.2509
CHLD 61868 7146.949219 1773012492.2509
MEM 0.195312 1773012492.3533
CHLD 25412 0.164062 1773012492.3604
CHLD 36952 0.015625 1773012492.3604
CHLD 61868 7147.882812 1773012492.3604
MEM 0.195312 1773012492.4610
CHLD 25412 0.164062 1773012492.4628
CHLD 36952 0.015625 1773012492.4628
CHLD 61868 7148.949219 1773012492.4628
MEM 0.195312 1773012492.5679
CHLD 25412 0.164062 1773012492.5712
CHLD 36952 0.015625 1773012492.5712
CHLD 61868 7149.906250 1773012492.5712
MEM 0.195312 1773012492.6764
CHLD 25412 0.164062 1773012492.6818
CHLD 36952 0.015625 1773012492.6818
CHLD 61868 7150.847656 1773012492.6818
MEM 0.195312 1773012492.7843
CHLD 25412 0.164062 1773012492.7904
CHLD 36952 0.015625 1773012492.7904
CHLD 61868 7151.703125 1773012492.7904
MEM 0.195312 1773012492.8926
CHLD 25412 0.164062 1773012492.8976
CHLD 36952 0.015625 1773012492.8976
CHLD 61868 7152.582031 1773012492.8976
MEM 0.195312 1773012493.0007
CHLD 25412 0.164062 1773012493.0079
CHLD 36952 0.015625 1773012493.0079
CHLD 61868 7153.511719 1773012493.0079
MEM 0.195312 1773012493.1093
CHLD 25412 0.164062 1773012493.1133
CHLD 36952 0.015625 1773012493.1133
CHLD 61868 7154.476562 1773012493.1133
MEM 0.195312 1773012493.2169
CHLD 25412 0.164062 1773012493.2223
CHLD 36952 0.015625 1773012493.2223
CHLD 61868 7155.402344 1773012493.2223
MEM 0.195312 1773012493.3250
CHLD 25412 0.164062 1773012493.3301
CHLD 36952 0.015625 1773012493.3301
CHLD 61868 7156.324219 1773012493.3301
MEM 0.195312 1773012493.4332
CHLD 25412 0.164062 1773012493.4377
CHLD 36952 0.015625 1773012493.4377
CHLD 61868 7157.199219 1773012493.4377
MEM 0.195312 1773012493.5410
CHLD 25412 0.164062 1773012493.5470
CHLD 36952 0.015625 1773012493.5470
CHLD 61868 7158.164062 1773012493.5470
MEM 0.195312 1773012493.6490
CHLD 25412 0.164062 1773012493.6522
CHLD 36952 0.015625 1773012493.6522
CHLD 61868 7159.074219 1773012493.6522
MEM 0.195312 1773012493.7566
CHLD 25412 0.164062 1773012493.7618
CHLD 36952 0.015625 1773012493.7618
CHLD 61868 7160.000000 1773012493.7618
MEM 0.195312 1773012493.8649
CHLD 25412 0.164062 1773012493.8718
CHLD 36952 0.015625 1773012493.8718
CHLD 61868 7160.953125 1773012493.8718
MEM 0.195312 1773012493.9728
CHLD 25412 0.164062 1773012493.9799
CHLD 36952 0.015625 1773012493.9799
CHLD 61868 7161.808594 1773012493.9799
MEM 0.195312 1773012494.0805
CHLD 25412 0.164062 1773012494.0845
CHLD 36952 0.015625 1773012494.0845
CHLD 61868 7162.773438 1773012494.0845
MEM 0.195312 1773012494.1876
CHLD 25412 0.164062 1773012494.1941
CHLD 36952 0.015625 1773012494.1941
CHLD 61868 7163.667969 1773012494.1941
MEM 0.195312 1773012494.2949
CHLD 25412 0.164062 1773012494.3019
CHLD 36952 0.015625 1773012494.3019
CHLD 61868 7164.632812 1773012494.3019
MEM 0.195312 1773012494.4027
CHLD 25412 0.164062 1773012494.4118
CHLD 36952 0.015625 1773012494.4118
CHLD 61868 7165.519531 1773012494.4118
MEM 0.195312 1773012494.5128
CHLD 25412 0.164062 1773012494.5195
CHLD 36952 0.015625 1773012494.5195
CHLD 61868 7166.531250 1773012494.5195
MEM 0.195312 1773012494.6207
CHLD 25412 0.164062 1773012494.6267
CHLD 36952 0.015625 1773012494.6285
CHLD 61868 7167.531250 1773012494.6285
MEM 0.195312 1773012494.7287
CHLD 25412 0.164062 1773012494.7327
CHLD 36952 0.015625 1773012494.7327
CHLD 61868 7168.464844 1773012494.7327
MEM 0.195312 1773012494.8369
CHLD 25412 0.164062 1773012494.8442
CHLD 36952 0.015625 1773012494.8442
CHLD 61868 7169.445312 1773012494.8442
MEM 0.195312 1773012494.9448
CHLD 25412 0.164062 1773012494.9518
CHLD 36952 0.015625 1773012494.9518
CHLD 61868 7170.367188 1773012494.9518
MEM 0.195312 1773012495.0525
CHLD 25412 0.164062 1773012495.0595
CHLD 36952 0.015625 1773012495.0595
CHLD 61868 7171.277344 1773012495.0595
MEM 0.195312 1773012495.1605
CHLD 25412 0.164062 1773012495.1678
CHLD 36952 0.015625 1773012495.1678
CHLD 61868 7172.230469 1773012495.1678
MEM 0.195312 1773012495.2685
CHLD 25412 0.164062 1773012495.2738
CHLD 36952 0.015625 1773012495.2738
CHLD 61868 7173.214844 1773012495.2738
MEM 0.195312 1773012495.3777
CHLD 25412 0.164062 1773012495.3852
CHLD 36952 0.015625 1773012495.3852
CHLD 61868 7174.187500 1773012495.3852
MEM 0.195312 1773012495.4855
CHLD 25412 0.164062 1773012495.4893
CHLD 36952 0.015625 1773012495.4893
CHLD 61868 7175.117188 1773012495.4893
MEM 0.195312 1773012495.5942
CHLD 25412 0.164062 1773012495.6002
CHLD 36952 0.015625 1773012495.6002
CHLD 61868 7176.035156 1773012495.6002
MEM 0.195312 1773012495.7020
CHLD 25412 0.164062 1773012495.7062
CHLD 36952 0.015625 1773012495.7062
CHLD 61868 7177.003906 1773012495.7062
MEM 0.195312 1773012495.8097
CHLD 25412 0.164062 1773012495.8137
CHLD 36952 0.015625 1773012495.8137
CHLD 61868 7177.968750 1773012495.8137
MEM 0.195312 1773012495.9167
CHLD 25412 0.164062 1773012495.9237
CHLD 36952 0.015625 1773012495.9237
CHLD 61868 7178.890625 1773012495.9237
MEM 0.195312 1773012496.0243
CHLD 25412 0.164062 1773012496.0313
CHLD 36952 0.015625 1773012496.0313
CHLD 61868 7179.824219 1773012496.0313
MEM 0.195312 1773012496.1321
CHLD 25412 0.164062 1773012496.1371
CHLD 36952 0.015625 1773012496.1371
CHLD 61868 7180.750000 1773012496.1371
MEM 0.195312 1773012496.2404
CHLD 25412 0.164062 1773012496.2456
CHLD 36952 0.015625 1773012496.2456
CHLD 61868 7181.679688 1773012496.2456
MEM 0.195312 1773012496.3485
CHLD 25412 0.164062 1773012496.3549
CHLD 36952 0.015625 1773012496.3549
CHLD 61868 7182.636719 1773012496.3549
MEM 0.195312 1773012496.4567
CHLD 25412 0.164062 1773012496.4593
CHLD 36952 0.015625 1773012496.4593
CHLD 61868 7183.585938 1773012496.4593
MEM 0.195312 1773012496.5649
CHLD 25412 0.164062 1773012496.5716
CHLD 36952 0.015625 1773012496.5716
CHLD 61868 7184.562500 1773012496.5716
MEM 0.195312 1773012496.6728
CHLD 25412 0.164062 1773012496.6805
CHLD 36952 0.015625 1773012496.6805
CHLD 61868 7185.488281 1773012496.6805
MEM 0.195312 1773012496.7809
CHLD 25412 0.164062 1773012496.7872
CHLD 36952 0.015625 1773012496.7872
CHLD 61868 7186.437500 1773012496.7872
MEM 0.195312 1773012496.8887
CHLD 25412 0.164062 1773012496.8925
CHLD 36952 0.015625 1773012496.8925
CHLD 61868 7187.316406 1773012496.8925
MEM 0.195312 1773012496.9966
CHLD 25412 0.164062 1773012497.0026
CHLD 36952 0.015625 1773012497.0026
CHLD 61868 7188.281250 1773012497.0026
MEM 0.195312 1773012497.1044
CHLD 25412 0.164062 1773012497.1092
CHLD 36952 0.015625 1773012497.1092
CHLD 61868 7189.304688 1773012497.1092
MEM 0.195312 1773012497.2122
CHLD 25412 0.164062 1773012497.2184
CHLD 36952 0.015625 1773012497.2184
CHLD 61868 7190.226562 1773012497.2184
MEM 0.195312 1773012497.3201
CHLD 25412 0.164062 1773012497.3273
CHLD 36952 0.015625 1773012497.3273
CHLD 61868 7191.187500 1773012497.3273
MEM 0.195312 1773012497.4280
CHLD 25412 0.164062 1773012497.4316
CHLD 36952 0.015625 1773012497.4316
CHLD 61868 7192.167969 1773012497.4316
MEM 0.195312 1773012497.5357
CHLD 25412 0.164062 1773012497.5394
CHLD 36952 0.015625 1773012497.5394
CHLD 61868 7193.070312 1773012497.5394
MEM 0.195312 1773012497.6437
CHLD 25412 0.164062 1773012497.6487
CHLD 36952 0.015625 1773012497.6487
CHLD 61868 7193.957031 1773012497.6487
MEM 0.195312 1773012497.7506
CHLD 25412 0.164062 1773012497.7524
CHLD 36952 0.015625 1773012497.7524
CHLD 61868 7194.906250 1773012497.7524
MEM 0.195312 1773012497.8580
CHLD 25412 0.164062 1773012497.8624
CHLD 36952 0.015625 1773012497.8624
CHLD 61868 7195.890625 1773012497.8624
MEM 0.195312 1773012497.9656
CHLD 25412 0.164062 1773012497.9687
CHLD 36952 0.015625 1773012497.9687
CHLD 61868 7196.828125 1773012497.9687
MEM 0.195312 1773012498.0734
CHLD 25412 0.164062 1773012498.0771
CHLD 36952 0.015625 1773012498.0771
CHLD 61868 7197.828125 1773012498.0771
MEM 0.195312 1773012498.1813
CHLD 25412 0.164062 1773012498.1873
CHLD 36952 0.015625 1773012498.1873
CHLD 61868 7198.792969 1773012498.1873
MEM 0.195312 1773012498.2895
CHLD 25412 0.164062 1773012498.2932
CHLD 36952 0.015625 1773012498.2932
CHLD 61868 7199.765625 1773012498.2932
MEM 0.195312 1773012498.3973
CHLD 25412 0.164062 1773012498.4043
CHLD 36952 0.015625 1773012498.4043
CHLD 61868 7200.687500 1773012498.4043
MEM 0.195312 1773012498.5050
CHLD 25412 0.164062 1773012498.5120
CHLD 36952 0.015625 1773012498.5120
CHLD 61868 7201.679688 1773012498.5120
MEM 0.195312 1773012498.6128
CHLD 25412 0.164062 1773012498.6160
CHLD 36952 0.015625 1773012498.6160
CHLD 61868 7202.585938 1773012498.6160
MEM 0.195312 1773012498.7208
CHLD 25412 0.164062 1773012498.7298
CHLD 36952 0.015625 1773012498.7298
CHLD 61868 7203.535156 1773012498.7298
MEM 0.195312 1773012498.8301
CHLD 25412 0.164062 1773012498.8344
CHLD 36952 0.015625 1773012498.8344
CHLD 61868 7204.468750 1773012498.8344
MEM 0.195312 1773012498.9369
CHLD 25412 0.164062 1773012498.9421
CHLD 36952 0.015625 1773012498.9421
CHLD 61868 7205.347656 1773012498.9421
MEM 0.195312 1773012499.0447
CHLD 25412 0.164062 1773012499.0508
CHLD 36952 0.191406 1773012499.0508
CHLD 61868 7206.312500 1773012499.0508
MEM 0.195312 1773012499.1520
CHLD 25412 0.164062 1773012499.1560
CHLD 36952 0.191406 1773012499.1560
CHLD 61868 7207.253906 1773012499.1593
MEM 0.195312 1773012499.2593
CHLD 25412 0.164062 1773012499.2632
CHLD 36952 0.191406 1773012499.2632
CHLD 61868 7208.292969 1773012499.2632
MEM 0.195312 1773012499.3670
CHLD 25412 0.164062 1773012499.3740
CHLD 36952 0.191406 1773012499.3740
CHLD 61868 7209.136719 1773012499.3740
MEM 0.195312 1773012499.4761
CHLD 25412 0.164062 1773012499.4816
CHLD 36952 0.191406 1773012499.4816
CHLD 61868 7210.113281 1773012499.4816
MEM 0.195312 1773012499.5839
CHLD 25412 0.164062 1773012499.5889
CHLD 36952 0.191406 1773012499.5889
CHLD 61868 7211.062500 1773012499.5889
MEM 0.195312 1773012499.6911
CHLD 25412 0.164062 1773012499.6962
CHLD 36952 0.191406 1773012499.6962
CHLD 61868 7212.015625 1773012499.6962
MEM 0.195312 1773012499.7985
CHLD 25412 0.164062 1773012499.8080
CHLD 36952 0.191406 1773012499.8080
CHLD 61868 7212.949219 1773012499.8080
MEM 0.195312 1773012499.9086
CHLD 25412 0.164062 1773012499.9127
CHLD 36952 0.191406 1773012499.9127
CHLD 61868 7213.910156 1773012499.9127
MEM 0.195312 1773012500.0160
CHLD 25412 0.164062 1773012500.0210
CHLD 36952 0.191406 1773012500.0210
CHLD 61868 7214.812500 1773012500.0210
MEM 0.195312 1773012500.1230
CHLD 25412 0.164062 1773012500.1270
CHLD 36952 0.191406 1773012500.1270
CHLD 61868 7215.750000 1773012500.1270
MEM 0.195312 1773012500.2305
CHLD 25412 0.164062 1773012500.2376
CHLD 36952 0.191406 1773012500.2376
CHLD 61868 7216.695312 1773012500.2376
MEM 0.195312 1773012500.3393
CHLD 25412 0.164062 1773012500.3464
CHLD 36952 0.191406 1773012500.3464
CHLD 61868 7217.617188 1773012500.3464
MEM 0.195312 1773012500.4481
CHLD 25412 0.164062 1773012500.4542
CHLD 36952 0.191406 1773012500.4542
CHLD 61868 7218.585938 1773012500.4542
MEM 0.195312 1773012500.5564
CHLD 25412 0.164062 1773012500.5634
CHLD 36952 0.191406 1773012500.5634
CHLD 61868 7219.484375 1773012500.5634
MEM 0.195312 1773012500.6643
CHLD 25412 0.164062 1773012500.6690
CHLD 36952 0.191406 1773012500.6690
CHLD 61868 7220.425781 1773012500.6690
MEM 0.195312 1773012500.7724
CHLD 25412 0.164062 1773012500.7791
CHLD 36952 0.191406 1773012500.7791
CHLD 61868 7221.398438 1773012500.7791
MEM 0.195312 1773012500.8802
CHLD 25412 0.164062 1773012500.8871
CHLD 36952 0.191406 1773012500.8871
CHLD 61868 7222.375000 1773012500.8871
MEM 0.195312 1773012500.9881
CHLD 25412 0.164062 1773012500.9908
CHLD 36952 0.191406 1773012500.9908
CHLD 61868 7223.347656 1773012500.9908
MEM 0.195312 1773012501.0959
CHLD 25412 0.164062 1773012501.1047
CHLD 36952 0.191406 1773012501.1047
CHLD 61868 7224.277344 1773012501.1047
MEM 0.195312 1773012501.2062
CHLD 25412 0.164062 1773012501.2136
CHLD 36952 0.191406 1773012501.2136
CHLD 61868 7225.234375 1773012501.2136
MEM 0.195312 1773012501.3143
CHLD 25412 0.164062 1773012501.3175
CHLD 36952 0.191406 1773012501.3175
CHLD 61868 7226.062500 1773012501.3175
MEM 0.195312 1773012501.4220
CHLD 25412 0.164062 1773012501.4271
CHLD 36952 0.191406 1773012501.4271
CHLD 61868 7227.042969 1773012501.4271
MEM 0.195312 1773012501.5297
CHLD 25412 0.164062 1773012501.5348
CHLD 36952 0.191406 1773012501.5348
CHLD 61868 7228.000000 1773012501.5348
MEM 0.195312 1773012501.6379
CHLD 25412 0.164062 1773012501.6431
CHLD 36952 0.191406 1773012501.6431
CHLD 61868 7228.933594 1773012501.6431
MEM 0.195312 1773012501.7463
CHLD 25412 0.164062 1773012501.7525
CHLD 36952 0.191406 1773012501.7525
CHLD 61868 7229.878906 1773012501.7525
MEM 0.195312 1773012501.8541
CHLD 25412 0.164062 1773012501.8606
CHLD 36952 0.191406 1773012501.8606
CHLD 61868 7230.824219 1773012501.8606
MEM 0.195312 1773012501.9619
CHLD 25412 0.164062 1773012501.9689
CHLD 36952 0.191406 1773012501.9689
CHLD 61868 7231.812500 1773012501.9689
MEM 0.195312 1773012502.0697
CHLD 25412 0.164062 1773012502.0747
CHLD 36952 0.191406 1773012502.0747
CHLD 61868 7232.789062 1773012502.0747
MEM 0.195312 1773012502.1778
CHLD 25412 0.164062 1773012502.1848
CHLD 36952 0.191406 1773012502.1848
CHLD 61868 7233.773438 1773012502.1848
MEM 0.195312 1773012502.2857
CHLD 25412 0.164062 1773012502.2910
CHLD 36952 0.191406 1773012502.2910
CHLD 61868 7234.718750 1773012502.2910
MEM 0.195312 1773012502.3927
CHLD 25412 0.164062 1773012502.3954
CHLD 36952 0.191406 1773012502.3954
CHLD 61868 7235.714844 1773012502.3954
MEM 0.195312 1773012502.4999
CHLD 25412 0.164062 1773012502.5050
CHLD 36952 0.191406 1773012502.5050
CHLD 61868 7236.632812 1773012502.5050
MEM 0.195312 1773012502.6081
CHLD 25412 0.164062 1773012502.6148
CHLD 36952 0.191406 1773012502.6148
CHLD 61868 7237.609375 1773012502.6148
MEM 0.195312 1773012502.7158
CHLD 25412 0.164062 1773012502.7215
CHLD 36952 0.191406 1773012502.7215
CHLD 61868 7238.535156 1773012502.7215
MEM 0.195312 1773012502.8231
CHLD 25412 0.164062 1773012502.8305
CHLD 36952 0.191406 1773012502.8305
CHLD 61868 7239.523438 1773012502.8305
MEM 0.195312 1773012502.9314
CHLD 25412 0.164062 1773012502.9384
CHLD 36952 0.191406 1773012502.9384
CHLD 61868 7240.515625 1773012502.9384
MEM 0.195312 1773012503.0405
CHLD 25412 0.164062 1773012503.0475
CHLD 36952 0.191406 1773012503.0475
CHLD 61868 7241.421875 1773012503.0475
MEM 0.195312 1773012503.1481
CHLD 25412 0.164062 1773012503.1541
CHLD 36952 0.191406 1773012503.1541
CHLD 61868 7242.390625 1773012503.1541
MEM 0.195312 1773012503.2558
CHLD 25412 0.164062 1773012503.2625
CHLD 36952 0.191406 1773012503.2625
CHLD 61868 7243.285156 1773012503.2625
MEM 0.195312 1773012503.3639
CHLD 25412 0.164062 1773012503.3680
CHLD 36952 0.191406 1773012503.3680
CHLD 61868 7244.292969 1773012503.3680
MEM 0.195312 1773012503.4717
CHLD 25412 0.164062 1773012503.4767
CHLD 36952 0.191406 1773012503.4767
CHLD 61868 7245.222656 1773012503.4767
MEM 0.195312 1773012503.5794
CHLD 25412 0.164062 1773012503.5867
CHLD 36952 0.191406 1773012503.5867
CHLD 61868 7246.105469 1773012503.5867
MEM 0.195312 1773012503.6874
CHLD 25412 0.164062 1773012503.6925
CHLD 36952 0.191406 1773012503.6925
CHLD 61868 7247.085938 1773012503.6925
MEM 0.195312 1773012503.7955
CHLD 25412 0.164062 1773012503.8016
CHLD 36952 0.191406 1773012503.8016
CHLD 61868 7248.023438 1773012503.8016
MEM 0.195312 1773012503.9055
CHLD 25412 0.164062 1773012503.9118
CHLD 36952 0.191406 1773012503.9118
CHLD 61868 7248.972656 1773012503.9118
MEM 0.195312 1773012504.0130
CHLD 25412 0.164062 1773012504.0162
CHLD 36952 0.191406 1773012504.0162
CHLD 61868 7249.957031 1773012504.0162
MEM 0.195312 1773012504.1209
CHLD 25412 0.164062 1773012504.1252
CHLD 36952 0.191406 1773012504.1252
CHLD 61868 7250.871094 1773012504.1252
MEM 0.195312 1773012504.2286
CHLD 25412 0.164062 1773012504.2337
CHLD 36952 0.191406 1773012504.2337
CHLD 61868 7251.839844 1773012504.2337
MEM 0.195312 1773012504.3366
CHLD 25412 0.164062 1773012504.3443
CHLD 36952 0.191406 1773012504.3443
CHLD 61868 7252.722656 1773012504.3443
MEM 0.195312 1773012504.4450
CHLD 25412 0.164062 1773012504.4521
CHLD 36952 0.191406 1773012504.4521
CHLD 61868 7253.683594 1773012504.4521
MEM 0.195312 1773012504.5528
CHLD 25412 0.164062 1773012504.5595
CHLD 36952 0.191406 1773012504.5595
CHLD 61868 7254.636719 1773012504.5595
MEM 0.195312 1773012504.6605
CHLD 25412 0.164062 1773012504.6675
CHLD 36952 0.191406 1773012504.6675
CHLD 61868 7255.589844 1773012504.6675
MEM 0.195312 1773012504.7681
CHLD 25412 0.164062 1773012504.7743
CHLD 36952 0.191406 1773012504.7743
CHLD 61868 7256.515625 1773012504.7743
MEM 0.195312 1773012504.8752
CHLD 25412 0.164062 1773012504.8835
CHLD 36952 0.191406 1773012504.8835
CHLD 61868 7257.457031 1773012504.8835
MEM 0.195312 1773012504.9842
CHLD 25412 0.164062 1773012504.9893
CHLD 36952 0.191406 1773012504.9893
CHLD 61868 7258.351562 1773012504.9893
MEM 0.195312 1773012505.0922
CHLD 25412 0.164062 1773012505.0992
CHLD 36952 0.191406 1773012505.0992
CHLD 61868 7259.324219 1773012505.0992
MEM 0.195312 1773012505.2006
CHLD 25412 0.164062 1773012505.2073
CHLD 36952 0.191406 1773012505.2073
CHLD 61868 7260.230469 1773012505.2073
MEM 0.195312 1773012505.3085
CHLD 25412 0.164062 1773012505.3171
CHLD 36952 0.191406 1773012505.3171
CHLD 61868 7261.195312 1773012505.3171
MEM 0.195312 1773012505.4183
CHLD 25412 0.164062 1773012505.4249
CHLD 36952 0.191406 1773012505.4249
CHLD 61868 7262.082031 1773012505.4249
MEM 0.195312 1773012505.5260
CHLD 25412 0.164062 1773012505.5317
CHLD 36952 0.191406 1773012505.5317
CHLD 61868 7263.128906 1773012505.5317
MEM 0.195312 1773012505.6340
CHLD 25412 0.164062 1773012505.6380
CHLD 36952 0.191406 1773012505.6380
CHLD 61868 7264.003906 1773012505.6380
MEM 0.195312 1773012505.7420
CHLD 25412 0.164062 1773012505.7492
CHLD 36952 0.191406 1773012505.7492
CHLD 61868 7264.980469 1773012505.7492
MEM 0.195312 1773012505.8496
CHLD 25412 0.164062 1773012505.8531
CHLD 36952 0.191406 1773012505.8531
CHLD 61868 7265.980469 1773012505.8531
MEM 0.195312 1773012505.9575
CHLD 25412 0.164062 1773012505.9611
CHLD 36952 0.191406 1773012505.9611
CHLD 61868 7266.929688 1773012505.9611
MEM 0.195312 1773012506.0656
CHLD 25412 0.164062 1773012506.0716
CHLD 36952 0.191406 1773012506.0716
CHLD 61868 7267.835938 1773012506.0716
MEM 0.195312 1773012506.1733
CHLD 25412 0.164062 1773012506.1797
CHLD 36952 0.191406 1773012506.1797
CHLD 61868 7268.765625 1773012506.1797
MEM 0.195312 1773012506.2810
CHLD 25412 0.164062 1773012506.2878
CHLD 36952 0.191406 1773012506.2878
CHLD 61868 7269.742188 1773012506.2878
MEM 0.195312 1773012506.3895
CHLD 25412 0.164062 1773012506.3961
CHLD 36952 0.191406 1773012506.3961
CHLD 61868 7270.675781 1773012506.3961
MEM 0.195312 1773012506.4969
CHLD 25412 0.164062 1773012506.5031
CHLD 36952 0.191406 1773012506.5031
CHLD 61868 7271.617188 1773012506.5031
MEM 0.195312 1773012506.6051
CHLD 25412 0.164062 1773012506.6076
CHLD 36952 0.191406 1773012506.6076
CHLD 61868 7272.535156 1773012506.6076
MEM 0.195312 1773012506.7127
CHLD 25412 0.164062 1773012506.7207
CHLD 36952 0.191406 1773012506.7207
CHLD 61868 7273.460938 1773012506.7207
MEM 0.195312 1773012506.8218
CHLD 25412 0.164062 1773012506.8289
CHLD 36952 0.191406 1773012506.8289
CHLD 61868 7274.421875 1773012506.8289
MEM 0.195312 1773012506.9294
CHLD 25412 0.164062 1773012506.9361
CHLD 36952 0.191406 1773012506.9361
CHLD 61868 7275.394531 1773012506.9361
MEM 0.195312 1773012507.0366
CHLD 25412 0.164062 1773012507.0426
CHLD 36952 0.191406 1773012507.0426
CHLD 61868 7276.351562 1773012507.0426
MEM 0.195312 1773012507.1440
CHLD 25412 0.164062 1773012507.1485
CHLD 36952 0.191406 1773012507.1485
CHLD 61868 7277.269531 1773012507.1485
MEM 0.195312 1773012507.2515
CHLD 25412 0.164062 1773012507.2593
CHLD 36952 0.191406 1773012507.2593
CHLD 61868 7278.250000 1773012507.2593
MEM 0.195312 1773012507.3618
CHLD 25412 0.164062 1773012507.3670
CHLD 36952 0.191406 1773012507.3670
CHLD 61868 7279.207031 1773012507.3670
MEM 0.195312 1773012507.4689
CHLD 25412 0.164062 1773012507.4730
CHLD 36952 0.191406 1773012507.4730
CHLD 61868 7280.167969 1773012507.4730
MEM 0.195312 1773012507.5761
CHLD 25412 0.164062 1773012507.5852
CHLD 36952 0.191406 1773012507.5852
CHLD 61868 7281.093750 1773012507.5852
MEM 0.195312 1773012507.6856
CHLD 25412 0.164062 1773012507.6906
CHLD 36952 0.191406 1773012507.6906
CHLD 61868 7282.042969 1773012507.6906
MEM 0.195312 1773012507.7927
CHLD 25412 0.164062 1773012507.7975
CHLD 36952 0.191406 1773012507.7975
CHLD 61868 7283.042969 1773012507.7975
MEM 0.195312 1773012507.8999
CHLD 25412 0.164062 1773012507.9060
CHLD 36952 0.191406 1773012507.9060
CHLD 61868 7284.019531 1773012507.9060
MEM 0.195312 1773012508.0078
CHLD 25412 0.164062 1773012508.0138
CHLD 36952 0.191406 1773012508.0138
CHLD 61868 7284.972656 1773012508.0138
MEM 0.195312 1773012508.1165
CHLD 25412 0.164062 1773012508.1218
CHLD 36952 0.191406 1773012508.1218
CHLD 61868 7285.914062 1773012508.1218
MEM 0.195312 1773012508.2254
CHLD 25412 0.164062 1773012508.2340
CHLD 36952 0.191406 1773012508.2340
CHLD 61868 7286.855469 1773012508.2340
MEM 0.195312 1773012508.3345
CHLD 25412 0.164062 1773012508.3430
CHLD 36952 0.191406 1773012508.3430
CHLD 61868 7287.835938 1773012508.3430
MEM 0.195312 1773012508.4438
CHLD 25412 0.164062 1773012508.4464
CHLD 36952 0.191406 1773012508.4464
CHLD 61868 7288.820312 1773012508.4464
MEM 0.195312 1773012508.5516
CHLD 25412 0.164062 1773012508.5596
CHLD 36952 0.191406 1773012508.5596
CHLD 61868 7289.750000 1773012508.5596
MEM 0.195312 1773012508.6603
CHLD 25412 0.164062 1773012508.6653
CHLD 36952 0.191406 1773012508.6653
CHLD 61868 7290.726562 1773012508.6653
MEM 0.195312 1773012508.7682
CHLD 25412 0.164062 1773012508.7752
CHLD 36952 0.191406 1773012508.7752
CHLD 61868 7291.710938 1773012508.7752
MEM 0.195312 1773012508.8764
CHLD 25412 0.164062 1773012508.8834
CHLD 36952 0.191406 1773012508.8834
CHLD 61868 7292.671875 1773012508.8834
MEM 0.195312 1773012508.9842
CHLD 25412 0.164062 1773012508.9912
CHLD 36952 0.191406 1773012508.9912
CHLD 61868 7293.652344 1773012508.9912
MEM 0.195312 1773012509.0925
CHLD 25412 0.164062 1773012509.0983
CHLD 36952 0.191406 1773012509.0983
CHLD 61868 7294.531250 1773012509.0983
MEM 0.195312 1773012509.1999
CHLD 25412 0.164062 1773012509.2069
CHLD 36952 0.191406 1773012509.2069
CHLD 61868 7295.480469 1773012509.2069
MEM 0.195312 1773012509.3083
CHLD 25412 0.164062 1773012509.3140
CHLD 36952 0.191406 1773012509.3140
CHLD 61868 7296.464844 1773012509.3140
MEM 0.195312 1773012509.4152
CHLD 25412 0.164062 1773012509.4215
CHLD 36952 0.191406 1773012509.4215
CHLD 61868 7297.402344 1773012509.4215
MEM 0.195312 1773012509.5244
CHLD 25412 0.164062 1773012509.5304
CHLD 36952 0.191406 1773012509.5304
CHLD 61868 7298.332031 1773012509.5304
MEM 0.195312 1773012509.6321
CHLD 25412 0.164062 1773012509.6389
CHLD 36952 0.191406 1773012509.6389
CHLD 61868 7299.312500 1773012509.6389
MEM 0.195312 1773012509.7406
CHLD 25412 0.164062 1773012509.7459
CHLD 36952 0.191406 1773012509.7459
CHLD 61868 7300.187500 1773012509.7459
MEM 0.195312 1773012509.8488
CHLD 25412 0.164062 1773012509.8551
CHLD 36952 0.191406 1773012509.8551
CHLD 61868 7301.128906 1773012509.8551
MEM 0.195312 1773012509.9569
CHLD 25412 0.164062 1773012509.9639
CHLD 36952 0.191406 1773012509.9639
CHLD 61868 7302.125000 1773012509.9639
MEM 0.195312 1773012510.0644
CHLD 25412 0.164062 1773012510.0702
CHLD 36952 0.191406 1773012510.0702
CHLD 61868 7303.109375 1773012510.0702
MEM 0.195312 1773012510.1723
CHLD 25412 0.164062 1773012510.1783
CHLD 36952 0.191406 1773012510.1783
CHLD 61868 7303.945312 1773012510.1783
MEM 0.195312 1773012510.2802
CHLD 25412 0.164062 1773012510.2831
CHLD 36952 0.191406 1773012510.2831
CHLD 61868 7304.832031 1773012510.2831
MEM 0.195312 1773012510.3880
CHLD 25412 0.164062 1773012510.3940
CHLD 36952 0.191406 1773012510.3940
CHLD 61868 7305.808594 1773012510.3940
MEM 0.195312 1773012510.4962
CHLD 25412 0.164062 1773012510.5030
CHLD 36952 0.191406 1773012510.5030
CHLD 61868 7306.773438 1773012510.5030
MEM 0.195312 1773012510.6043
CHLD 25412 0.164062 1773012510.6113
CHLD 36952 0.191406 1773012510.6113
CHLD 61868 7307.683594 1773012510.6113
MEM 0.195312 1773012510.7122
CHLD 25412 0.164062 1773012510.7182
CHLD 36952 0.191406 1773012510.7182
CHLD 61868 7308.683594 1773012510.7182
MEM 0.195312 1773012510.8197
CHLD 25412 0.164062 1773012510.8267
CHLD 36952 0.191406 1773012510.8267
CHLD 61868 7309.621094 1773012510.8267
MEM 0.195312 1773012510.9275
CHLD 25412 0.164062 1773012510.9340
CHLD 36952 0.191406 1773012510.9340
CHLD 61868 7310.582031 1773012510.9340
MEM 0.195312 1773012511.0353
CHLD 25412 0.164062 1773012511.0406
CHLD 36952 0.191406 1773012511.0406
CHLD 61868 7311.480469 1773012511.0406
MEM 0.195312 1773012511.1426
CHLD 25412 0.164062 1773012511.1481
CHLD 36952 0.191406 1773012511.1481
CHLD 61868 7312.480469 1773012511.1481
MEM 0.195312 1773012511.2503
CHLD 25412 0.164062 1773012511.2557
CHLD 36952 0.191406 1773012511.2557
CHLD 61868 7313.378906 1773012511.2557
MEM 0.195312 1773012511.3597
CHLD 25412 0.164062 1773012511.3650
CHLD 36952 0.191406 1773012511.3650
CHLD 61868 7314.328125 1773012511.3650
MEM 0.195312 1773012511.4678
CHLD 25412 0.164062 1773012511.4699
CHLD 36952 0.191406 1773012511.4699
CHLD 61868 7315.269531 1773012511.4699
MEM 0.195312 1773012511.5759
CHLD 25412 0.164062 1773012511.5831
CHLD 36952 0.191406 1773012511.5831
CHLD 61868 7316.207031 1773012511.5831
MEM 0.195312 1773012511.6839
CHLD 25412 0.164062 1773012511.6875
CHLD 36952 0.191406 1773012511.6875
CHLD 61868 7317.250000 1773012511.6875
MEM 0.195312 1773012511.7915
CHLD 25412 0.164062 1773012511.7967
CHLD 36952 0.191406 1773012511.7967
CHLD 61868 7318.187500 1773012511.7967
MEM 0.195312 1773012511.8996
CHLD 25412 0.164062 1773012511.9049
CHLD 36952 0.191406 1773012511.9049
CHLD 61868 7319.175781 1773012511.9049
MEM 0.195312 1773012512.0078
CHLD 25412 0.164062 1773012512.0132
CHLD 36952 0.191406 1773012512.0132
CHLD 61868 7320.148438 1773012512.0132
MEM 0.195312 1773012512.1160
CHLD 25412 0.164062 1773012512.1225
CHLD 36952 0.191406 1773012512.1225
CHLD 61868 7321.062500 1773012512.1225
MEM 0.195312 1773012512.2235
CHLD 25412 0.164062 1773012512.2267
CHLD 36952 0.191406 1773012512.2267
CHLD 61868 7322.007812 1773012512.2267
MEM 0.195312 1773012512.3315
CHLD 25412 0.164062 1773012512.3375
CHLD 36952 0.191406 1773012512.3375
CHLD 61868 7322.925781 1773012512.3375
MEM 0.195312 1773012512.4391
CHLD 25412 0.164062 1773012512.4460
CHLD 36952 0.191406 1773012512.4460
CHLD 61868 7323.835938 1773012512.4460
MEM 0.195312 1773012512.5470
CHLD 25412 0.164062 1773012512.5540
CHLD 36952 0.191406 1773012512.5540
CHLD 61868 7324.839844 1773012512.5540
MEM 0.195312 1773012512.6546
CHLD 25412 0.164062 1773012512.6616
CHLD 36952 0.191406 1773012512.6616
CHLD 61868 7325.742188 1773012512.6616
MEM 0.195312 1773012512.7622
CHLD 25412 0.164062 1773012512.7683
CHLD 36952 0.191406 1773012512.7683
CHLD 61868 7326.773438 1773012512.7683
MEM 0.195312 1773012512.8693
CHLD 25412 0.164062 1773012512.8766
CHLD 36952 0.191406 1773012512.8766
CHLD 61868 7327.718750 1773012512.8766
MEM 0.195312 1773012512.9773
CHLD 25412 0.164062 1773012512.9853
CHLD 36952 0.191406 1773012512.9853
CHLD 61868 7328.593750 1773012512.9853
MEM 0.195312 1773012513.0875
CHLD 25412 0.164062 1773012513.0944
CHLD 36952 0.191406 1773012513.0944
CHLD 61868 7329.562500 1773012513.0944
MEM 0.195312 1773012513.1953
CHLD 25412 0.164062 1773012513.1983
CHLD 36952 0.191406 1773012513.1983
CHLD 61868 7330.484375 1773012513.1983
MEM 0.195312 1773012513.3032
CHLD 25412 0.164062 1773012513.3083
CHLD 36952 0.191406 1773012513.3083
CHLD 61868 7331.468750 1773012513.3083
MEM 0.195312 1773012513.4114
CHLD 25412 0.164062 1773012513.4187
CHLD 36952 0.191406 1773012513.4187
CHLD 61868 7332.355469 1773012513.4187
MEM 0.195312 1773012513.5194
CHLD 25412 0.164062 1773012513.5244
CHLD 36952 0.191406 1773012513.5244
CHLD 61868 7333.242188 1773012513.5244
MEM 0.195312 1773012513.6287
CHLD 25412 0.164062 1773012513.6339
CHLD 36952 0.191406 1773012513.6339
CHLD 61868 6980.042969 1773012513.6339
MEM 0.195312 1773012513.7369
CHLD 25412 0.164062 1773012513.7424
CHLD 36952 0.191406 1773012513.7424
CHLD 61868 5844.058594 1773012513.7424
MEM 0.195312 1773012513.8447
CHLD 25412 0.164062 1773012513.8525
CHLD 36952 0.191406 1773012513.8525
CHLD 61868 4637.175781 1773012513.8525
MEM 0.195312 1773012513.9532
CHLD 25412 0.164062 1773012513.9600
CHLD 36952 0.191406 1773012513.9600
CHLD 61868 3477.605469 1773012513.9600
MEM 0.195312 1773012514.0616
CHLD 25412 0.164062 1773012514.0668
CHLD 36952 0.191406 1773012514.0668
CHLD 61868 2239.636719 1773012514.0668
MEM 0.195312 1773012514.1701
CHLD 25412 0.164062 1773012514.1753
CHLD 36952 0.191406 1773012514.1753
CHLD 61868 1036.820312 1773012514.1753
MEM 0.195312 1773012514.2783
CHLD 25412 0.164062 1773012514.2854
CHLD 36952 0.191406 1773012514.2854
CHLD 61868 9.011719 1773012514.2854
MEM 0.195312 1773012514.3899
CHLD 25412 0.164062 1773012514.3951
CHLD 36952 0.191406 1773012514.3951
CHLD 61868 10.300781 1773012514.3951
MEM 0.195312 1773012514.4978
CHLD 25412 0.164062 1773012514.5040
CHLD 36952 0.191406 1773012514.5040
CHLD 61868 11.339844 1773012514.5040
MEM 0.000000 1773012514.6061
CHLD 25412 0.164062 1773012514.6137
CHLD 36952 0.191406 1773012514.6137
CHLD 61868 12.285156 1773012514.6137
MEM 0.000000 1773012514.7152
CHLD 25412 0.000000 1773012514.7239
CHLD 36952 0.000000 1773012514.7239
CHLD 61868 13.281250 1773012514.7239
MEM 0.000000 1773012514.8241
CHLD 25412 0.000000 1773012514.8288
CHLD 36952 0.000000 1773012514.8288
CHLD 61868 14.195312 1773012514.8288
MEM 0.000000 1773012514.9319
CHLD 25412 0.000000 1773012514.9356
CHLD 36952 0.000000 1773012514.9356
CHLD 61868 15.105469 1773012514.9356
MEM 0.000000 1773012515.0400
CHLD 25412 0.000000 1773012515.0452
CHLD 36952 0.000000 1773012515.0452
CHLD 61868 16.007812 1773012515.0452
MEM 0.000000 1773012515.1479
CHLD 25412 0.000000 1773012515.1531
CHLD 36952 0.000000 1773012515.1531
CHLD 61868 16.933594 1773012515.1531
MEM 0.000000 1773012515.2561
CHLD 25412 0.000000 1773012515.2613
CHLD 36952 0.000000 1773012515.2613
CHLD 61868 17.671875 1773012515.2613
MEM 0.000000 1773012515.3646
CHLD 25412 0.000000 1773012515.3698
CHLD 36952 0.000000 1773012515.3698
CHLD 61868 18.503906 1773012515.3698
MEM 0.000000 1773012515.4728
CHLD 25412 0.000000 1773012515.4789
CHLD 36952 0.000000 1773012515.4789
CHLD 61868 19.359375 1773012515.4789
MEM 0.000000 1773012515.5808
CHLD 25412 0.000000 1773012515.5869
CHLD 36952 0.000000 1773012515.5869
CHLD 61868 20.324219 1773012515.5869
MEM 0.000000 1773012515.6893
CHLD 25412 0.000000 1773012515.6944
CHLD 36952 0.000000 1773012515.6944
CHLD 61868 21.183594 1773012515.6944
MEM 0.000000 1773012515.7975
CHLD 25412 0.000000 1773012515.8027
CHLD 36952 0.000000 1773012515.8027
CHLD 61868 22.097656 1773012515.8027
MEM 0.000000 1773012515.9075
CHLD 25412 0.000000 1773012515.9127
CHLD 36952 0.000000 1773012515.9127
CHLD 61868 23.093750 1773012515.9127
MEM 0.000000 1773012516.0161
CHLD 25412 0.000000 1773012516.0229
CHLD 36952 0.000000 1773012516.0229
CHLD 61868 23.957031 1773012516.0229
MEM 0.000000 1773012516.1242
CHLD 25412 0.000000 1773012516.1324
CHLD 36952 0.000000 1773012516.1324
CHLD 61868 24.816406 1773012516.1324
MEM 0.000000 1773012516.2331
CHLD 25412 0.000000 1773012516.2368
CHLD 36952 0.000000 1773012516.2368
CHLD 61868 25.628906 1773012516.2368
MEM 0.000000 1773012516.3420
CHLD 25412 0.000000 1773012516.3481
CHLD 36952 0.000000 1773012516.3481
CHLD 61868 26.371094 1773012516.3481
MEM 0.000000 1773012516.4503
CHLD 25412 0.000000 1773012516.4554
CHLD 36952 0.000000 1773012516.4554
CHLD 61868 27.195312 1773012516.4554
MEM 0.000000 1773012516.5603
CHLD 25412 0.000000 1773012516.5644
CHLD 36952 0.000000 1773012516.5644
CHLD 61868 27.937500 1773012516.5644
MEM 0.000000 1773012516.6681
CHLD 25412 0.000000 1773012516.6746
CHLD 36952 0.000000 1773012516.6746
CHLD 61868 28.824219 1773012516.6746
MEM 0.000000 1773012516.7758
CHLD 25412 0.000000 1773012516.7794
CHLD 36952 0.000000 1773012516.7794
CHLD 61868 29.652344 1773012516.7794
MEM 0.000000 1773012516.8837
CHLD 25412 0.000000 1773012516.8889
CHLD 36952 0.000000 1773012516.8889
CHLD 61868 30.503906 1773012516.8889
MEM 0.000000 1773012516.9917
CHLD 25412 0.000000 1773012516.9947
CHLD 36952 0.000000 1773012516.9947
CHLD 61868 31.316406 1773012516.9947
MEM 0.000000 1773012517.0995
CHLD 25412 0.000000 1773012517.1040
CHLD 36952 0.000000 1773012517.1040
CHLD 61868 32.144531 1773012517.1040
MEM 0.000000 1773012517.2076
CHLD 25412 0.000000 1773012517.2117
CHLD 36952 0.000000 1773012517.2117
CHLD 61868 32.914062 1773012517.2117
MEM 0.000000 1773012517.3157
CHLD 25412 0.000000 1773012517.3210
CHLD 36952 0.000000 1773012517.3210
CHLD 61868 33.812500 1773012517.3210
MEM 0.000000 1773012517.4254
CHLD 25412 0.000000 1773012517.4301
CHLD 36952 0.000000 1773012517.4301
CHLD 61868 34.656250 1773012517.4301
MEM 0.000000 1773012517.5335
CHLD 25412 0.000000 1773012517.5387
CHLD 36952 0.000000 1773012517.5387
CHLD 61868 35.414062 1773012517.5387
MEM 0.000000 1773012517.6417
CHLD 25412 0.000000 1773012517.6468
CHLD 36952 0.000000 1773012517.6468
CHLD 61868 36.253906 1773012517.6468
MEM 0.000000 1773012517.7509
CHLD 25412 0.000000 1773012517.7560
CHLD 36952 0.000000 1773012517.7560
CHLD 61868 37.054688 1773012517.7560
MEM 0.000000 1773012517.8593
CHLD 25412 0.000000 1773012517.8657
CHLD 36952 0.000000 1773012517.8657
CHLD 61868 37.792969 1773012517.8657
MEM 0.000000 1773012517.9673
CHLD 25412 0.000000 1773012517.9765
CHLD 36952 0.000000 1773012517.9765
CHLD 61868 38.593750 1773012517.9765
MEM 0.000000 1773012518.0769
CHLD 25412 0.000000 1773012518.0804
CHLD 36952 0.000000 1773012518.0804
CHLD 61868 39.355469 1773012518.0804
MEM 0.000000 1773012518.1849
CHLD 25412 0.000000 1773012518.1901
CHLD 36952 0.000000 1773012518.1901
CHLD 61868 40.164062 1773012518.1901
MEM 0.000000 1773012518.2945
CHLD 25412 0.000000 1773012518.2995
CHLD 36952 0.000000 1773012518.2995
CHLD 61868 40.765625 1773012518.2995
MEM 0.000000 1773012518.4041
CHLD 25412 0.000000 1773012518.4103
CHLD 36952 0.000000 1773012518.4103
CHLD 61868 41.519531 1773012518.4103
MEM 0.000000 1773012518.5118
CHLD 25412 0.000000 1773012518.5145
CHLD 36952 0.000000 1773012518.5196
CHLD 61868 42.269531 1773012518.5196
MEM 0.000000 1773012518.6198
CHLD 25412 0.000000 1773012518.6249
CHLD 36952 0.000000 1773012518.6249
CHLD 61868 43.121094 1773012518.6249
MEM 0.000000 1773012518.7289
CHLD 25412 0.000000 1773012518.7342
CHLD 36952 0.000000 1773012518.7342
CHLD 61868 44.015625 1773012518.7342
MEM 0.000000 1773012518.8372
CHLD 25412 0.000000 1773012518.8443
CHLD 36952 0.000000 1773012518.8443
CHLD 61868 44.878906 1773012518.8443
MEM 0.000000 1773012518.9456
CHLD 25412 0.000000 1773012518.9519
CHLD 36952 0.000000 1773012518.9519
CHLD 61868 45.718750 1773012518.9519
MEM 0.000000 1773012519.0567
CHLD 25412 0.000000 1773012519.0646
CHLD 36952 0.000000 1773012519.0646
CHLD 61868 46.539062 1773012519.0646
MEM 0.000000 1773012519.1661
CHLD 25412 0.000000 1773012519.1751
CHLD 36952 0.000000 1773012519.1751
CHLD 61868 47.359375 1773012519.1751
MEM 0.000000 1773012519.2769
CHLD 25412 0.000000 1773012519.2819
CHLD 36952 0.000000 1773012519.2819
CHLD 61868 48.160156 1773012519.2819
MEM 0.000000 1773012519.3864
CHLD 25412 0.000000 1773012519.3915
CHLD 36952 0.000000 1773012519.3915
CHLD 61868 49.000000 1773012519.3915
MEM 0.000000 1773012519.4958
CHLD 25412 0.000000 1773012519.5000
CHLD 36952 0.000000 1773012519.5000
CHLD 61868 49.847656 1773012519.5000
MEM 0.000000 1773012519.6035
CHLD 25412 0.000000 1773012519.6097
CHLD 36952 0.000000 1773012519.6097
CHLD 61868 50.738281 1773012519.6097
MEM 0.000000 1773012519.7115
CHLD 25412 0.000000 1773012519.7167
CHLD 36952 0.000000 1773012519.7167
CHLD 61868 51.585938 1773012519.7167
MEM 0.000000 1773012519.8202
CHLD 25412 0.000000 1773012519.8253
CHLD 36952 0.000000 1773012519.8253
CHLD 61868 52.460938 1773012519.8253
MEM 0.000000 1773012519.9293
CHLD 25412 0.000000 1773012519.9311
CHLD 36952 0.000000 1773012519.9311
CHLD 61868 53.355469 1773012519.9311
MEM 0.000000 1773012520.0366
CHLD 25412 0.000000 1773012520.0431
CHLD 36952 0.000000 1773012520.0431
CHLD 61868 54.214844 1773012520.0431
MEM 0.000000 1773012520.1472
CHLD 25412 0.000000 1773012520.1555
CHLD 36952 0.000000 1773012520.1555
CHLD 61868 55.023438 1773012520.1555
MEM 0.000000 1773012520.2563
CHLD 25412 0.000000 1773012520.2614
CHLD 36952 0.000000 1773012520.2614
CHLD 61868 55.898438 1773012520.2614
MEM 0.000000 1773012520.3648
CHLD 25412 0.000000 1773012520.3713
CHLD 36952 0.000000 1773012520.3713
CHLD 61868 56.820312 1773012520.3713
MEM 0.000000 1773012520.4733
CHLD 25412 0.000000 1773012520.4803
CHLD 36952 0.000000 1773012520.4803
CHLD 61868 57.761719 1773012520.4803
MEM 0.000000 1773012520.5812
CHLD 25412 0.000000 1773012520.5877
CHLD 36952 0.000000 1773012520.5877
CHLD 61868 58.644531 1773012520.5877
MEM 0.000000 1773012520.6900
CHLD 25412 0.000000 1773012520.6970
CHLD 36952 0.000000 1773012520.6970
CHLD 61868 59.621094 1773012520.6970
MEM 0.000000 1773012520.7979
CHLD 25412 0.000000 1773012520.8070
CHLD 36952 0.000000 1773012520.8070
CHLD 61868 60.554688 1773012520.8070
MEM 0.000000 1773012520.9082
CHLD 25412 0.000000 1773012520.9134
CHLD 36952 0.000000 1773012520.9134
CHLD 61868 61.484375 1773012520.9134
MEM 0.000000 1773012521.0179
CHLD 25412 0.000000 1773012521.0226
CHLD 36952 0.000000 1773012521.0226
CHLD 61868 62.507812 1773012521.0226
MEM 0.000000 1773012521.1258
CHLD 25412 0.000000 1773012521.1322
CHLD 36952 0.000000 1773012521.1322
CHLD 61868 63.476562 1773012521.1322
MEM 0.000000 1773012521.2339
CHLD 25412 0.000000 1773012521.2422
CHLD 36952 0.000000 1773012521.2422
CHLD 61868 64.445312 1773012521.2422
MEM 0.000000 1773012521.3433
CHLD 25412 0.000000 1773012521.3503
CHLD 36952 0.000000 1773012521.3503
CHLD 61868 65.359375 1773012521.3503
MEM 0.000000 1773012521.4511
CHLD 25412 0.000000 1773012521.4583
CHLD 36952 0.000000 1773012521.4583
CHLD 61868 66.292969 1773012521.4583
MEM 0.000000 1773012521.5605
CHLD 25412 0.000000 1773012521.5673
CHLD 36952 0.000000 1773012521.5673
CHLD 61868 67.332031 1773012521.5673
MEM 0.000000 1773012521.6688
CHLD 25412 0.000000 1773012521.6760
CHLD 36952 0.000000 1773012521.6760
CHLD 61868 68.328125 1773012521.6760
MEM 0.000000 1773012521.7775
CHLD 25412 0.000000 1773012521.7795
CHLD 36952 0.000000 1773012521.7795
CHLD 61868 69.277344 1773012521.7795
MEM 0.000000 1773012521.8850
CHLD 25412 0.000000 1773012521.8910
CHLD 36952 0.000000 1773012521.8910
CHLD 61868 70.230469 1773012521.8910
MEM 0.000000 1773012521.9914
CHLD 25412 0.000000 1773012521.9991
CHLD 36952 0.000000 1773012521.9991
CHLD 61868 71.214844 1773012521.9991
MEM 0.000000 1773012522.0995
CHLD 25412 0.000000 1773012522.1053
CHLD 36952 0.000000 1773012522.1053
CHLD 61868 72.121094 1773012522.1053
MEM 0.000000 1773012522.2075
CHLD 25412 0.000000 1773012522.2110
CHLD 36952 0.000000 1773012522.2110
CHLD 61868 73.085938 1773012522.2110
MEM 0.000000 1773012522.3156
CHLD 25412 0.000000 1773012522.3210
CHLD 36952 0.000000 1773012522.3210
CHLD 61868 73.996094 1773012522.3210
MEM 0.000000 1773012522.4239
CHLD 25412 0.000000 1773012522.4313
CHLD 36952 0.000000 1773012522.4313
CHLD 61868 74.933594 1773012522.4313
MEM 0.000000 1773012522.5321
CHLD 25412 0.000000 1773012522.5352
CHLD 36952 0.000000 1773012522.5352
CHLD 61868 75.953125 1773012522.5352
MEM 0.000000 1773012522.6399
CHLD 25412 0.000000 1773012522.6466
CHLD 36952 0.000000 1773012522.6466
CHLD 61868 76.910156 1773012522.6466
MEM 0.000000 1773012522.7482
CHLD 25412 0.000000 1773012522.7520
CHLD 36952 0.000000 1773012522.7520
CHLD 61868 77.789062 1773012522.7520
MEM 0.000000 1773012522.8567
CHLD 25412 0.000000 1773012522.8639
CHLD 36952 0.000000 1773012522.8639
CHLD 61868 78.660156 1773012522.8639
MEM 0.000000 1773012522.9646
CHLD 25412 0.000000 1773012522.9680
CHLD 36952 0.000000 1773012522.9680
CHLD 61868 79.644531 1773012522.9680
MEM 0.000000 1773012523.0726
CHLD 25412 0.000000 1773012523.0780
CHLD 36952 0.000000 1773012523.0780
CHLD 61868 80.500000 1773012523.0780
MEM 0.000000 1773012523.1802
CHLD 25412 0.000000 1773012523.1874
CHLD 36952 0.000000 1773012523.1874
CHLD 61868 81.421875 1773012523.1874
MEM 0.000000 1773012523.2881
CHLD 25412 0.000000 1773012523.2910
CHLD 36952 0.000000 1773012523.2910
CHLD 61868 82.417969 1773012523.2910
MEM 0.000000 1773012523.3960
CHLD 25412 0.000000 1773012523.4030
CHLD 36952 0.000000 1773012523.4030
CHLD 61868 83.363281 1773012523.4030
MEM 0.000000 1773012523.5033
CHLD 25412 0.000000 1773012523.5084
CHLD 36952 0.000000 1773012523.5084
CHLD 61868 84.273438 1773012523.5084
MEM 0.000000 1773012523.6111
CHLD 25412 0.000000 1773012523.6180
CHLD 36952 0.000000 1773012523.6180
CHLD 61868 85.187500 1773012523.6180
MEM 0.000000 1773012523.7190
CHLD 25412 0.000000 1773012523.7263
CHLD 36952 0.000000 1773012523.7263
CHLD 61868 86.132812 1773012523.7263
MEM 0.000000 1773012523.8279
CHLD 25412 0.000000 1773012523.8349
CHLD 36952 0.000000 1773012523.8349
CHLD 61868 87.089844 1773012523.8349
MEM 0.000000 1773012523.9357
CHLD 25412 0.000000 1773012523.9409
CHLD 36952 0.000000 1773012523.9409
CHLD 61868 88.046875 1773012523.9409
MEM 0.000000 1773012524.0437
CHLD 25412 0.000000 1773012524.0501
CHLD 36952 0.000000 1773012524.0501
CHLD 61868 89.031250 1773012524.0501
MEM 0.000000 1773012524.1520
CHLD 25412 0.000000 1773012524.1575
CHLD 36952 0.000000 1773012524.1575
CHLD 61868 89.996094 1773012524.1575
MEM 0.000000 1773012524.2595
CHLD 25412 0.000000 1773012524.2665
CHLD 36952 0.000000 1773012524.2665
CHLD 61868 90.902344 1773012524.2665
MEM 0.000000 1773012524.3674
CHLD 25412 0.000000 1773012524.3741
CHLD 36952 0.000000 1773012524.3741
CHLD 61868 91.804688 1773012524.3741
MEM 0.000000 1773012524.4755
CHLD 25412 0.000000 1773012524.4825
CHLD 36952 0.000000 1773012524.4825
CHLD 61868 92.839844 1773012524.4825
MEM 0.000000 1773012524.5834
CHLD 25412 0.000000 1773012524.5884
CHLD 36952 0.000000 1773012524.5884
CHLD 61868 93.769531 1773012524.5884
MEM 0.000000 1773012524.6912
CHLD 25412 0.000000 1773012524.6972
CHLD 36952 0.000000 1773012524.6972
CHLD 61868 94.734375 1773012524.6972
MEM 0.000000 1773012524.7992
CHLD 25412 0.000000 1773012524.8063
CHLD 36952 0.000000 1773012524.8063
CHLD 61868 95.699219 1773012524.8063
MEM 0.000000 1773012524.9079
CHLD 25412 0.000000 1773012524.9149
CHLD 36952 0.000000 1773012524.9149
CHLD 61868 96.664062 1773012524.9149
MEM 0.000000 1773012525.0160
CHLD 25412 0.000000 1773012525.0227
CHLD 36952 0.000000 1773012525.0227
CHLD 61868 97.628906 1773012525.0227
MEM 0.000000 1773012525.1242
CHLD 25412 0.000000 1773012525.1302
CHLD 36952 0.000000 1773012525.1302
CHLD 61868 98.496094 1773012525.1302
MEM 0.000000 1773012525.2319
CHLD 25412 0.000000 1773012525.2373
CHLD 36952 0.000000 1773012525.2373
CHLD 61868 99.472656 1773012525.2373
MEM 0.000000 1773012525.3402
CHLD 25412 0.000000 1773012525.3462
CHLD 36952 0.000000 1773012525.3462
CHLD 61868 100.417969 1773012525.3462
MEM 0.000000 1773012525.4481
CHLD 25412 0.000000 1773012525.4555
CHLD 36952 0.000000 1773012525.4555
CHLD 61868 101.269531 1773012525.4555
MEM 0.000000 1773012525.5565
CHLD 25412 0.000000 1773012525.5592
CHLD 36952 0.000000 1773012525.5592
CHLD 61868 102.140625 1773012525.5592
MEM 0.000000 1773012525.6647
CHLD 25412 0.000000 1773012525.6727
CHLD 36952 0.000000 1773012525.6727
CHLD 61868 102.988281 1773012525.6727
MEM 0.000000 1773012525.7750
CHLD 25412 0.000000 1773012525.7809
CHLD 36952 0.000000 1773012525.7809
CHLD 61868 103.910156 1773012525.7809
MEM 0.000000 1773012525.8830
CHLD 25412 0.000000 1773012525.8895
CHLD 36952 0.000000 1773012525.8895
CHLD 61868 104.781250 1773012525.8895
MEM 0.000000 1773012525.9914
CHLD 25412 0.000000 1773012525.9974
CHLD 36952 0.000000 1773012525.9974
CHLD 61868 105.625000 1773012525.9974
MEM 0.000000 1773012526.1007
CHLD 25412 0.000000 1773012526.1088
CHLD 36952 0.000000 1773012526.1088
CHLD 61868 106.386719 1773012526.1088
MEM 0.000000 1773012526.2097
CHLD 25412 0.000000 1773012526.2166
CHLD 36952 0.000000 1773012526.2166
CHLD 61868 107.230469 1773012526.2166
MEM 0.000000 1773012526.3178
CHLD 25412 0.000000 1773012526.3255
CHLD 36952 0.000000 1773012526.3255
CHLD 61868 108.078125 1773012526.3255
MEM 0.000000 1773012526.4265
CHLD 25412 0.000000 1773012526.4319
CHLD 36952 0.000000 1773012526.4319
CHLD 61868 108.925781 1773012526.4319
MEM 0.000000 1773012526.5344
CHLD 25412 0.000000 1773012526.5396
CHLD 36952 0.000000 1773012526.5396
CHLD 61868 109.871094 1773012526.5396
MEM 0.000000 1773012526.6423
CHLD 25412 0.000000 1773012526.6489
CHLD 36952 0.000000 1773012526.6489
CHLD 61868 110.808594 1773012526.6489
MEM 0.000000 1773012526.7505
CHLD 25412 0.000000 1773012526.7583
CHLD 36952 0.000000 1773012526.7583
CHLD 61868 111.765625 1773012526.7583
MEM 0.000000 1773012526.8586
CHLD 25412 0.000000 1773012526.8626
CHLD 36952 0.000000 1773012526.8626
CHLD 61868 112.746094 1773012526.8626
MEM 0.000000 1773012526.9663
CHLD 25412 0.000000 1773012526.9741
CHLD 36952 0.000000 1773012526.9741
CHLD 61868 113.652344 1773012526.9741
MEM 0.000000 1773012527.0745
CHLD 25412 0.000000 1773012527.0804
CHLD 36952 0.000000 1773012527.0804
CHLD 61868 114.613281 1773012527.0804
MEM 0.000000 1773012527.1821
CHLD 25412 0.000000 1773012527.1850
CHLD 36952 0.000000 1773012527.1850
CHLD 61868 115.589844 1773012527.1850
MEM 0.000000 1773012527.2899
CHLD 25412 0.000000 1773012527.2939
CHLD 36952 0.000000 1773012527.2939
CHLD 61868 116.496094 1773012527.2939
MEM 0.000000 1773012527.3976
CHLD 25412 0.000000 1773012527.4028
CHLD 36952 0.000000 1773012527.4028
CHLD 61868 117.359375 1773012527.4028
MEM 0.000000 1773012527.5079
CHLD 25412 0.000000 1773012527.5118
CHLD 36952 0.000000 1773012527.5118
CHLD 61868 118.328125 1773012527.5118
MEM 0.000000 1773012527.6153
CHLD 25412 0.000000 1773012527.6219
CHLD 36952 0.000000 1773012527.6219
CHLD 61868 119.250000 1773012527.6219
MEM 0.000000 1773012527.7229
CHLD 25412 0.000000 1773012527.7299
CHLD 36952 0.000000 1773012527.7299
CHLD 61868 120.183594 1773012527.7299
MEM 0.000000 1773012527.8306
CHLD 25412 0.000000 1773012527.8374
CHLD 36952 0.000000 1773012527.8374
CHLD 61868 121.132812 1773012527.8374
MEM 0.000000 1773012527.9383
CHLD 25412 0.000000 1773012527.9411
CHLD 36952 0.000000 1773012527.9411
CHLD 61868 121.972656 1773012527.9411
MEM 0.000000 1773012528.0460
CHLD 25412 0.000000 1773012528.0520
CHLD 36952 0.000000 1773012528.0520
CHLD 61868 122.968750 1773012528.0520
MEM 0.000000 1773012528.1541
CHLD 25412 0.000000 1773012528.1586
CHLD 36952 0.000000 1773012528.1586
CHLD 61868 123.941406 1773012528.1586
MEM 0.000000 1773012528.2615
CHLD 25412 0.000000 1773012528.2684
CHLD 36952 0.000000 1773012528.2684
CHLD 61868 124.800781 1773012528.2684
MEM 0.000000 1773012528.3693
CHLD 25412 0.000000 1773012528.3763
CHLD 36952 0.000000 1773012528.3763
CHLD 61868 125.683594 1773012528.3763
MEM 0.000000 1773012528.4771
CHLD 25412 0.000000 1773012528.4829
CHLD 36952 0.000000 1773012528.4829
CHLD 61868 126.593750 1773012528.4829
MEM 0.000000 1773012528.5857
CHLD 25412 0.000000 1773012528.5935
CHLD 36952 0.000000 1773012528.5935
CHLD 61868 127.507812 1773012528.5935
MEM 0.000000 1773012528.6941
CHLD 25412 0.000000 1773012528.6995
CHLD 36952 0.000000 1773012528.6995
CHLD 61868 128.367188 1773012528.6995
MEM 0.000000 1773012528.8018
CHLD 25412 0.000000 1773012528.8090
CHLD 36952 0.000000 1773012528.8090
CHLD 61868 129.191406 1773012528.8090
MEM 0.000000 1773012528.9093
CHLD 25412 0.000000 1773012528.9164
CHLD 36952 0.000000 1773012528.9164
CHLD 61868 130.089844 1773012528.9164
MEM 0.000000 1773012529.0174
CHLD 25412 0.000000 1773012529.0223
CHLD 36952 0.000000 1773012529.0223
CHLD 61868 130.964844 1773012529.0223
MEM 0.000000 1773012529.1257
CHLD 25412 0.000000 1773012529.1294
CHLD 36952 0.000000 1773012529.1294
CHLD 61868 131.886719 1773012529.1294
MEM 0.000000 1773012529.2332
CHLD 25412 0.000000 1773012529.2420
CHLD 36952 0.000000 1773012529.2420
CHLD 61868 132.757812 1773012529.2420
MEM 0.000000 1773012529.3428
CHLD 25412 0.000000 1773012529.3520
CHLD 36952 0.000000 1773012529.3520
CHLD 61868 133.542969 1773012529.3520
MEM 0.000000 1773012529.4536
CHLD 25412 0.000000 1773012529.4584
CHLD 36952 0.000000 1773012529.4584
CHLD 61868 134.464844 1773012529.4584
MEM 0.000000 1773012529.5628
CHLD 25412 0.000000 1773012529.5700
CHLD 36952 0.000000 1773012529.5700
CHLD 61868 135.351562 1773012529.5700
MEM 0.000000 1773012529.6705
CHLD 25412 0.000000 1773012529.6760
CHLD 36952 0.000000 1773012529.6760
CHLD 61868 136.253906 1773012529.6760
MEM 0.000000 1773012529.7785
CHLD 25412 0.000000 1773012529.7853
CHLD 36952 0.000000 1773012529.7853
CHLD 61868 137.113281 1773012529.7853
MEM 0.000000 1773012529.8864
CHLD 25412 0.000000 1773012529.8906
CHLD 36952 0.000000 1773012529.8906
CHLD 61868 138.121094 1773012529.8906
MEM 0.000000 1773012529.9957
CHLD 25412 0.000000 1773012530.0052
CHLD 36952 0.000000 1773012530.0052
CHLD 61868 138.980469 1773012530.0052
MEM 0.000000 1773012530.1056
CHLD 25412 0.000000 1773012530.1144
CHLD 36952 0.000000 1773012530.1144
CHLD 61868 139.886719 1773012530.1144
MEM 0.000000 1773012530.2152
CHLD 25412 0.000000 1773012530.2208
CHLD 36952 0.000000 1773012530.2208
CHLD 61868 140.730469 1773012530.2208
MEM 0.000000 1773012530.3230
CHLD 25412 0.000000 1773012530.3307
CHLD 36952 0.000000 1773012530.3307
CHLD 61868 141.636719 1773012530.3307
MEM 0.000000 1773012530.4313
CHLD 25412 0.000000 1773012530.4373
CHLD 36952 0.000000 1773012530.4373
CHLD 61868 142.554688 1773012530.4373
MEM 0.000000 1773012530.5400
CHLD 25412 0.000000 1773012530.5471
CHLD 36952 0.000000 1773012530.5471
CHLD 61868 143.558594 1773012530.5471
MEM 0.000000 1773012530.6478
CHLD 25412 0.000000 1773012530.6548
CHLD 36952 0.000000 1773012530.6548
CHLD 61868 144.476562 1773012530.6548
MEM 0.000000 1773012530.7556
CHLD 25412 0.000000 1773012530.7607
CHLD 36952 0.000000 1773012530.7607
CHLD 61868 145.449219 1773012530.7607
MEM 0.000000 1773012530.8635
CHLD 25412 0.000000 1773012530.8703
CHLD 36952 0.000000 1773012530.8703
CHLD 61868 146.359375 1773012530.8703
MEM 0.000000 1773012530.9714
CHLD 25412 0.000000 1773012530.9771
CHLD 36952 0.000000 1773012530.9771
CHLD 61868 147.367188 1773012530.9771
MEM 0.000000 1773012531.0791
CHLD 25412 0.000000 1773012531.0851
CHLD 36952 0.000000 1773012531.0851
CHLD 61868 148.312500 1773012531.0851
MEM 0.000000 1773012531.1871
CHLD 25412 0.000000 1773012531.1941
CHLD 36952 0.000000 1773012531.1941
CHLD 61868 149.250000 1773012531.1941
MEM 0.000000 1773012531.2956
CHLD 25412 0.000000 1773012531.3011
CHLD 36952 0.000000 1773012531.3011
CHLD 61868 150.203125 1773012531.3011
MEM 0.000000 1773012531.4037
CHLD 25412 0.000000 1773012531.4107
CHLD 36952 0.000000 1773012531.4107
CHLD 61868 151.109375 1773012531.4107
MEM 0.000000 1773012531.5115
CHLD 25412 0.000000 1773012531.5175
CHLD 36952 0.000000 1773012531.5175
CHLD 61868 152.113281 1773012531.5175
MEM 0.000000 1773012531.6196
CHLD 25412 0.000000 1773012531.6232
CHLD 36952 0.000000 1773012531.6232
CHLD 61868 153.070312 1773012531.6232
MEM 0.000000 1773012531.7277
CHLD 25412 0.000000 1773012531.7347
CHLD 36952 0.000000 1773012531.7347
CHLD 61868 153.960938 1773012531.7347
MEM 0.000000 1773012531.8352
CHLD 25412 0.000000 1773012531.8417
CHLD 36952 0.000000 1773012531.8417
CHLD 61868 154.933594 1773012531.8417
MEM 0.000000 1773012531.9436
CHLD 25412 0.000000 1773012531.9496
CHLD 36952 0.000000 1773012531.9496
CHLD 61868 155.851562 1773012531.9496
MEM 0.000000 1773012532.0515
CHLD 25412 0.000000 1773012532.0572
CHLD 36952 0.000000 1773012532.0572
CHLD 61868 156.753906 1773012532.0572
MEM 0.000000 1773012532.1594
CHLD 25412 0.000000 1773012532.1665
CHLD 36952 0.000000 1773012532.1665
CHLD 61868 157.687500 1773012532.1665
MEM 0.000000 1773012532.2678
CHLD 25412 0.000000 1773012532.2733
CHLD 36952 0.000000 1773012532.2733
CHLD 61868 158.636719 1773012532.2733
MEM 0.000000 1773012532.3766
CHLD 25412 0.000000 1773012532.3837
CHLD 36952 0.000000 1773012532.3837
CHLD 61868 159.484375 1773012532.3837
MEM 0.000000 1773012532.4843
CHLD 25412 0.000000 1773012532.4893
CHLD 36952 0.000000 1773012532.4893
CHLD 61868 160.421875 1773012532.4893
MEM 0.000000 1773012532.5942
CHLD 25412 0.000000 1773012532.6010
CHLD 36952 0.000000 1773012532.6010
CHLD 61868 161.371094 1773012532.6010
MEM 0.000000 1773012532.7020
CHLD 25412 0.000000 1773012532.7077
CHLD 36952 0.000000 1773012532.7077
CHLD 61868 162.328125 1773012532.7077
MEM 0.000000 1773012532.8087
CHLD 25412 0.000000 1773012532.8158
CHLD 36952 0.000000 1773012532.8158
CHLD 61868 163.351562 1773012532.8158
MEM 0.000000 1773012532.9163
CHLD 25412 0.000000 1773012532.9205
CHLD 36952 0.000000 1773012532.9205
CHLD 61868 164.269531 1773012532.9205
MEM 0.000000 1773012533.0249
CHLD 25412 0.000000 1773012533.0319
CHLD 36952 0.000000 1773012533.0319
CHLD 61868 165.191406 1773012533.0319
MEM 0.000000 1773012533.1327
CHLD 25412 0.000000 1773012533.1372
CHLD 36952 0.000000 1773012533.1372
CHLD 61868 166.136719 1773012533.1372
MEM 0.000000 1773012533.2408
CHLD 25412 0.000000 1773012533.2468
CHLD 36952 0.000000 1773012533.2468
CHLD 61868 167.011719 1773012533.2468
MEM 0.000000 1773012533.3487
CHLD 25412 0.000000 1773012533.3542
CHLD 36952 0.000000 1773012533.3542
CHLD 61868 167.984375 1773012533.3542
MEM 0.000000 1773012533.4568
CHLD 25412 0.000000 1773012533.4633
CHLD 36952 0.000000 1773012533.4633
CHLD 61868 168.863281 1773012533.4633
MEM 0.000000 1773012533.5647
CHLD 25412 0.000000 1773012533.5705
CHLD 36952 0.000000 1773012533.5705
CHLD 61868 169.812500 1773012533.5705
MEM 0.000000 1773012533.6740
CHLD 25412 0.000000 1773012533.6800
CHLD 36952 0.000000 1773012533.6800
CHLD 61868 170.765625 1773012533.6800
MEM 0.000000 1773012533.7820
CHLD 25412 0.000000 1773012533.7893
CHLD 36952 0.000000 1773012533.7893
CHLD 61868 171.695312 1773012533.7893
MEM 0.000000 1773012533.8901
CHLD 25412 0.000000 1773012533.8971
CHLD 36952 0.000000 1773012533.8971
CHLD 61868 172.644531 1773012533.8971
MEM 0.000000 1773012533.9981
CHLD 25412 0.000000 1773012534.0018
CHLD 36952 0.000000 1773012534.0018
CHLD 61868 173.558594 1773012534.0018
MEM 0.000000 1773012534.1074
CHLD 25412 0.000000 1773012534.1120
CHLD 36952 0.000000 1773012534.1120
CHLD 61868 174.593750 1773012534.1120
MEM 0.000000 1773012534.2153
CHLD 25412 0.000000 1773012534.2204
CHLD 36952 0.000000 1773012534.2204
CHLD 61868 175.464844 1773012534.2204
MEM 0.000000 1773012534.3232
CHLD 25412 0.000000 1773012534.3264
CHLD 36952 0.000000 1773012534.3264
CHLD 61868 176.410156 1773012534.3264
MEM 0.000000 1773012534.4315
CHLD 25412 0.000000 1773012534.4353
CHLD 36952 0.000000 1773012534.4353
CHLD 61868 177.375000 1773012534.4353
MEM 0.000000 1773012534.5393
CHLD 25412 0.000000 1773012534.5456
CHLD 36952 0.000000 1773012534.5456
CHLD 61868 178.277344 1773012534.5456
MEM 0.000000 1773012534.6461
CHLD 25412 0.000000 1773012534.6511
CHLD 36952 0.000000 1773012534.6511
CHLD 61868 179.250000 1773012534.6511
MEM 0.000000 1773012534.7541
CHLD 25412 0.000000 1773012534.7595
CHLD 36952 0.000000 1773012534.7595
CHLD 61868 180.179688 1773012534.7595
MEM 0.000000 1773012534.8621
CHLD 25412 0.000000 1773012534.8696
CHLD 36952 0.000000 1773012534.8696
CHLD 61868 181.144531 1773012534.8696
MEM 0.000000 1773012534.9703
CHLD 25412 0.000000 1773012534.9764
CHLD 36952 0.000000 1773012534.9764
CHLD 61868 182.050781 1773012534.9764
MEM 0.000000 1773012535.0783
CHLD 25412 0.000000 1773012535.0826
CHLD 36952 0.000000 1773012535.0826
CHLD 61868 183.039062 1773012535.0826
MEM 0.000000 1773012535.1865
CHLD 25412 0.000000 1773012535.1917
CHLD 36952 0.000000 1773012535.1917
CHLD 61868 183.957031 1773012535.1917
MEM 0.000000 1773012535.2944
CHLD 25412 0.000000 1773012535.3011
CHLD 36952 0.000000 1773012535.3011
CHLD 61868 184.921875 1773012535.3011
MEM 0.000000 1773012535.4021
CHLD 25412 0.000000 1773012535.4091
CHLD 36952 0.000000 1773012535.4091
CHLD 61868 185.859375 1773012535.4091
MEM 0.000000 1773012535.5098
CHLD 25412 0.000000 1773012535.5168
CHLD 36952 0.000000 1773012535.5168
CHLD 61868 186.835938 1773012535.5168
MEM 0.000000 1773012535.6177
CHLD 25412 0.000000 1773012535.6237
CHLD 36952 0.000000 1773012535.6237
CHLD 61868 187.671875 1773012535.6237
MEM 0.000000 1773012535.7266
CHLD 25412 0.000000 1773012535.7336
CHLD 36952 0.000000 1773012535.7336
CHLD 61868 188.691406 1773012535.7336
MEM 0.000000 1773012535.8342
CHLD 25412 0.000000 1773012535.8403
CHLD 36952 0.000000 1773012535.8403
CHLD 61868 189.566406 1773012535.8403
MEM 0.000000 1773012535.9420
CHLD 25412 0.000000 1773012535.9495
CHLD 36952 0.000000 1773012535.9495
CHLD 61868 190.484375 1773012535.9495
MEM 0.000000 1773012536.0502
CHLD 25412 0.000000 1773012536.0569
CHLD 36952 0.000000 1773012536.0569
CHLD 61868 191.460938 1773012536.0569
MEM 0.000000 1773012536.1580
CHLD 25412 0.000000 1773012536.1607
CHLD 36952 0.000000 1773012536.1607
CHLD 61868 192.398438 1773012536.1607
MEM 0.000000 1773012536.2654
CHLD 25412 0.000000 1773012536.2729
CHLD 36952 0.000000 1773012536.2729
CHLD 61868 193.398438 1773012536.2729
MEM 0.000000 1773012536.3775
CHLD 25412 0.000000 1773012536.3839
CHLD 36952 0.000000 1773012536.3839
CHLD 61868 194.335938 1773012536.3839
MEM 0.000000 1773012536.4843
CHLD 25412 0.000000 1773012536.4923
CHLD 36952 0.000000 1773012536.4923
CHLD 61868 195.285156 1773012536.4923
MEM 0.000000 1773012536.5926
CHLD 25412 0.000000 1773012536.5980
CHLD 36952 0.000000 1773012536.5980
CHLD 61868 196.203125 1773012536.5980
MEM 0.000000 1773012536.7014
CHLD 25412 0.000000 1773012536.7084
CHLD 36952 0.000000 1773012536.7084
CHLD 61868 197.144531 1773012536.7084
MEM 0.000000 1773012536.8095
CHLD 25412 0.000000 1773012536.8163
CHLD 36952 0.000000 1773012536.8163
CHLD 61868 198.093750 1773012536.8163
MEM 0.000000 1773012536.9178
CHLD 25412 0.000000 1773012536.9249
CHLD 36952 0.000000 1773012536.9249
CHLD 61868 199.027344 1773012536.9249
MEM 0.000000 1773012537.0260
CHLD 25412 0.000000 1773012537.0328
CHLD 36952 0.000000 1773012537.0328
CHLD 61868 199.968750 1773012537.0328
MEM 0.000000 1773012537.1340
CHLD 25412 0.000000 1773012537.1408
CHLD 36952 0.000000 1773012537.1408
CHLD 61868 200.945312 1773012537.1408
MEM 0.000000 1773012537.2420
CHLD 25412 0.000000 1773012537.2483
CHLD 36952 0.000000 1773012537.2483
CHLD 61868 201.835938 1773012537.2483
MEM 0.000000 1773012537.3501
CHLD 25412 0.000000 1773012537.3576
CHLD 36952 0.000000 1773012537.3576
CHLD 61868 202.765625 1773012537.3576
MEM 0.000000 1773012537.4576
CHLD 25412 0.000000 1773012537.4644
CHLD 36952 0.000000 1773012537.4644
CHLD 61868 203.730469 1773012537.4644
MEM 0.000000 1773012537.5652
CHLD 25412 0.000000 1773012537.5726
CHLD 36952 0.000000 1773012537.5726
CHLD 61868 204.660156 1773012537.5726
MEM 0.000000 1773012537.6732
CHLD 25412 0.000000 1773012537.6802
CHLD 36952 0.000000 1773012537.6802
CHLD 61868 205.679688 1773012537.6802
MEM 0.000000 1773012537.7807
CHLD 25412 0.000000 1773012537.7876
CHLD 36952 0.000000 1773012537.7876
CHLD 61868 206.578125 1773012537.7876
MEM 0.000000 1773012537.8889
CHLD 25412 0.000000 1773012537.8959
CHLD 36952 0.000000 1773012537.8959
CHLD 61868 207.480469 1773012537.8959
MEM 0.000000 1773012537.9963
CHLD 25412 0.000000 1773012538.0027
CHLD 36952 0.000000 1773012538.0027
CHLD 61868 208.453125 1773012538.0027
MEM 0.000000 1773012538.1032
CHLD 25412 0.000000 1773012538.1076
CHLD 36952 0.000000 1773012538.1076
CHLD 61868 209.433594 1773012538.1076
MEM 0.000000 1773012538.2105
CHLD 25412 0.000000 1773012538.2155
CHLD 36952 0.000000 1773012538.2155
CHLD 61868 210.480469 1773012538.2155
MEM 0.000000 1773012538.3192
CHLD 25412 0.000000 1773012538.3265
CHLD 36952 0.000000 1773012538.3265
CHLD 61868 211.378906 1773012538.3265
MEM 0.000000 1773012538.4272
CHLD 25412 0.000000 1773012538.4326
CHLD 36952 0.000000 1773012538.4326
CHLD 61868 212.414062 1773012538.4326
MEM 0.000000 1773012538.5346
CHLD 25412 0.000000 1773012538.5416
CHLD 36952 0.000000 1773012538.5416
CHLD 61868 213.332031 1773012538.5416
MEM 0.000000 1773012538.6425
CHLD 25412 0.000000 1773012538.6485
CHLD 36952 0.000000 1773012538.6485
CHLD 61868 214.265625 1773012538.6485
MEM 0.000000 1773012538.7497
CHLD 25412 0.000000 1773012538.7564
CHLD 36952 0.000000 1773012538.7564
CHLD 61868 215.105469 1773012538.7564
MEM 0.000000 1773012538.8573
CHLD 25412 0.000000 1773012538.8655
CHLD 36952 0.000000 1773012538.8655
CHLD 61868 215.937500 1773012538.8655
MEM 0.000000 1773012538.9657
CHLD 25412 0.000000 1773012538.9750
CHLD 36952 0.000000 1773012538.9750
CHLD 61868 216.835938 1773012538.9750
MEM 0.000000 1773012539.0759
CHLD 25412 0.000000 1773012539.0847
CHLD 36952 0.000000 1773012539.0847
CHLD 61868 217.843750 1773012539.0847
MEM 0.000000 1773012539.1850
CHLD 25412 0.000000 1773012539.1936
CHLD 36952 0.000000 1773012539.1936
CHLD 61868 218.789062 1773012539.1936
MEM 0.000000 1773012539.2941
CHLD 25412 0.000000 1773012539.2980
CHLD 36952 0.000000 1773012539.2980
CHLD 61868 219.707031 1773012539.2980
MEM 0.000000 1773012539.4012
CHLD 25412 0.000000 1773012539.4029
CHLD 36952 0.000000 1773012539.4029
CHLD 61868 220.687500 1773012539.4029
MEM 0.000000 1773012539.5086
CHLD 25412 0.000000 1773012539.5135
CHLD 36952 0.000000 1773012539.5135
CHLD 61868 221.648438 1773012539.5135
MEM 0.000000 1773012539.6165
CHLD 25412 0.000000 1773012539.6228
CHLD 36952 0.000000 1773012539.6228
CHLD 61868 222.589844 1773012539.6228
MEM 0.000000 1773012539.7247
CHLD 25412 0.000000 1773012539.7267
CHLD 36952 0.000000 1773012539.7267
CHLD 61868 223.515625 1773012539.7267
MEM 0.000000 1773012539.8320
CHLD 25412 0.000000 1773012539.8356
CHLD 36952 0.000000 1773012539.8356
CHLD 61868 224.464844 1773012539.8356
MEM 0.000000 1773012539.9402
CHLD 25412 0.000000 1773012539.9493
CHLD 36952 0.000000 1773012539.9493
CHLD 61868 225.464844 1773012539.9493
MEM 0.000000 1773012540.0500
CHLD 25412 0.000000 1773012540.0547
CHLD 36952 0.000000 1773012540.0547
CHLD 61868 226.394531 1773012540.0547
MEM 0.000000 1773012540.1586
CHLD 25412 0.000000 1773012540.1646
CHLD 36952 0.000000 1773012540.1646
CHLD 61868 227.320312 1773012540.1646
MEM 0.000000 1773012540.2662
CHLD 25412 0.000000 1773012540.2702
CHLD 36952 0.000000 1773012540.2702
CHLD 61868 228.226562 1773012540.2702
MEM 0.000000 1773012540.3744
CHLD 25412 0.000000 1773012540.3784
CHLD 36952 0.000000 1773012540.3784
CHLD 61868 229.226562 1773012540.3784
MEM 0.000000 1773012540.4833
CHLD 25412 0.000000 1773012540.4873
CHLD 36952 0.000000 1773012540.4873
CHLD 61868 230.132812 1773012540.4873
MEM 0.000000 1773012540.5915
CHLD 25412 0.000000 1773012540.5985
CHLD 36952 0.000000 1773012540.5985
CHLD 61868 230.976562 1773012540.5985
MEM 0.000000 1773012540.7004
CHLD 25412 0.000000 1773012540.7039
CHLD 36952 0.000000 1773012540.7039
CHLD 61868 231.886719 1773012540.7039
MEM 0.000000 1773012540.8088
CHLD 25412 0.000000 1773012540.8159
CHLD 36952 0.000000 1773012540.8159
CHLD 61868 232.847656 1773012540.8159
MEM 0.000000 1773012540.9166
CHLD 25412 0.000000 1773012540.9238
CHLD 36952 0.000000 1773012540.9238
CHLD 61868 233.750000 1773012540.9238
MEM 0.000000 1773012541.0250
CHLD 25412 0.000000 1773012541.0291
CHLD 36952 0.000000 1773012541.0291
CHLD 61868 234.656250 1773012541.0291
MEM 0.000000 1773012541.1327
CHLD 25412 0.000000 1773012541.1364
CHLD 36952 0.000000 1773012541.1364
CHLD 61868 235.582031 1773012541.1364
MEM 0.000000 1773012541.2407
CHLD 25412 0.000000 1773012541.2434
CHLD 36952 0.000000 1773012541.2434
CHLD 61868 236.468750 1773012541.2434
MEM 0.000000 1773012541.3485
CHLD 25412 0.000000 1773012541.3556
CHLD 36952 0.000000 1773012541.3556
CHLD 61868 237.378906 1773012541.3556
MEM 0.000000 1773012541.4564
CHLD 25412 0.000000 1773012541.4617
CHLD 36952 0.000000 1773012541.4617
CHLD 61868 237.957031 1773012541.4617
MEM 0.000000 1773012541.5657
CHLD 25412 0.000000 1773012541.5702
CHLD 36952 0.000000 1773012541.5702
CHLD 61868 238.914062 1773012541.5702
MEM 0.000000 1773012541.6739
CHLD 25412 0.000000 1773012541.6809
CHLD 36952 0.000000 1773012541.6809
CHLD 61868 239.859375 1773012541.6809
MEM 0.000000 1773012541.7816
CHLD 25412 0.000000 1773012541.7886
CHLD 36952 0.000000 1773012541.7886
CHLD 61868 240.855469 1773012541.7886
MEM 0.000000 1773012541.8898
CHLD 25412 0.000000 1773012541.8963
CHLD 36952 0.000000 1773012541.8963
CHLD 61868 241.812500 1773012541.8963
MEM 0.000000 1773012541.9974
CHLD 25412 0.000000 1773012542.0053
CHLD 36952 0.000000 1773012542.0053
CHLD 61868 242.714844 1773012542.0053
MEM 0.000000 1773012542.1061
CHLD 25412 0.000000 1773012542.1098
CHLD 36952 0.000000 1773012542.1098
CHLD 61868 243.675781 1773012542.1098
MEM 0.000000 1773012542.2141
CHLD 25412 0.000000 1773012542.2212
CHLD 36952 0.000000 1773012542.2212
CHLD 61868 244.566406 1773012542.2212
MEM 0.000000 1773012542.3225
CHLD 25412 0.000000 1773012542.3275
CHLD 36952 0.000000 1773012542.3275
CHLD 61868 245.492188 1773012542.3275
MEM 0.000000 1773012542.4304
CHLD 25412 0.000000 1773012542.4397
CHLD 36952 0.000000 1773012542.4397
CHLD 61868 246.421875 1773012542.4397
MEM 0.000000 1773012542.5407
CHLD 25412 0.000000 1773012542.5460
CHLD 36952 0.000000 1773012542.5460
CHLD 61868 247.308594 1773012542.5460
MEM 0.000000 1773012542.6487
CHLD 25412 0.000000 1773012542.6554
CHLD 36952 0.000000 1773012542.6554
CHLD 61868 248.355469 1773012542.6554
MEM 0.000000 1773012542.7564
CHLD 25412 0.000000 1773012542.7640
CHLD 36952 0.000000 1773012542.7640
CHLD 61868 249.285156 1773012542.7640
MEM 0.000000 1773012542.8644
CHLD 25412 0.000000 1773012542.8716
CHLD 36952 0.000000 1773012542.8716
CHLD 61868 250.246094 1773012542.8716
MEM 0.000000 1773012542.9726
CHLD 25412 0.000000 1773012542.9796
CHLD 36952 0.000000 1773012542.9796
CHLD 61868 251.175781 1773012542.9796
MEM 0.000000 1773012543.0809
CHLD 25412 0.000000 1773012543.0836
CHLD 36952 0.000000 1773012543.0836
CHLD 61868 252.031250 1773012543.0836
MEM 0.000000 1773012543.1884
CHLD 25412 0.000000 1773012543.1956
CHLD 36952 0.000000 1773012543.1956
CHLD 61868 253.000000 1773012543.1956
MEM 0.000000 1773012543.2964
CHLD 25412 0.000000 1773012543.3052
CHLD 36952 0.000000 1773012543.3072
CHLD 61868 253.937500 1773012543.3072
MEM 0.000000 1773012543.4076
CHLD 25412 0.000000 1773012543.4156
CHLD 36952 0.000000 1773012543.4156
CHLD 61868 254.941406 1773012543.4156
MEM 0.000000 1773012543.5160
CHLD 25412 0.000000 1773012543.5241
CHLD 36952 0.000000 1773012543.5241
CHLD 61868 255.812500 1773012543.5241
MEM 0.000000 1773012543.6251
CHLD 25412 0.000000 1773012543.6322
CHLD 36952 0.000000 1773012543.6322
CHLD 61868 256.730469 1773012543.6322
MEM 0.000000 1773012543.7332
CHLD 25412 0.000000 1773012543.7396
CHLD 36952 0.000000 1773012543.7406
CHLD 61868 257.691406 1773012543.7406
MEM 0.000000 1773012543.8412
CHLD 25412 0.000000 1773012543.8477
CHLD 36952 0.000000 1773012543.8477
CHLD 61868 258.617188 1773012543.8477
MEM 0.000000 1773012543.9489
CHLD 25412 0.000000 1773012543.9579
CHLD 36952 0.000000 1773012543.9579
CHLD 61868 259.546875 1773012543.9579
MEM 0.000000 1773012544.0588
CHLD 25412 0.000000 1773012544.0636
CHLD 36952 0.000000 1773012544.0636
CHLD 61868 260.492188 1773012544.0636
MEM 0.000000 1773012544.1665
CHLD 25412 0.000000 1773012544.1727
CHLD 36952 0.000000 1773012544.1727
CHLD 61868 261.402344 1773012544.1727
MEM 0.000000 1773012544.2764
CHLD 25412 0.000000 1773012544.2837
CHLD 36952 0.000000 1773012544.2837
CHLD 61868 262.324219 1773012544.2837
MEM 0.000000 1773012544.3847
CHLD 25412 0.000000 1773012544.3921
CHLD 36952 0.000000 1773012544.3921
CHLD 61868 263.261719 1773012544.3921
MEM 0.000000 1773012544.4924
CHLD 25412 0.000000 1773012544.4992
CHLD 36952 0.000000 1773012544.4992
CHLD 61868 264.250000 1773012544.4992
MEM 0.000000 1773012544.6000
CHLD 25412 0.000000 1773012544.6073
CHLD 36952 0.000000 1773012544.6073
CHLD 61868 265.125000 1773012544.6073
MEM 0.000000 1773012544.7077
CHLD 25412 0.000000 1773012544.7137
CHLD 36952 0.000000 1773012544.7137
CHLD 61868 266.019531 1773012544.7137
MEM 0.000000 1773012544.8146
CHLD 25412 0.000000 1773012544.8216
CHLD 36952 0.000000 1773012544.8216
CHLD 61868 266.984375 1773012544.8216
MEM 0.000000 1773012544.9223
CHLD 25412 0.000000 1773012544.9271
CHLD 36952 0.000000 1773012544.9271
CHLD 61868 267.929688 1773012544.9271
MEM 0.000000 1773012545.0293
CHLD 25412 0.000000 1773012545.0367
CHLD 36952 0.000000 1773012545.0367
CHLD 61868 268.843750 1773012545.0367
MEM 0.000000 1773012545.1382
CHLD 25412 0.000000 1773012545.1455
CHLD 36952 0.000000 1773012545.1455
CHLD 61868 269.765625 1773012545.1455
MEM 0.000000 1773012545.2463
CHLD 25412 0.000000 1773012545.2493
CHLD 36952 0.000000 1773012545.2493
CHLD 61868 270.679688 1773012545.2493
MEM 0.000000 1773012545.3546
CHLD 25412 0.000000 1773012545.3579
CHLD 36952 0.000000 1773012545.3579
CHLD 61868 271.625000 1773012545.3579
MEM 0.000000 1773012545.4618
CHLD 25412 0.000000 1773012545.4692
CHLD 36952 0.000000 1773012545.4692
CHLD 61868 272.507812 1773012545.4692
MEM 0.000000 1773012545.5698
CHLD 25412 0.000000 1773012545.5772
CHLD 36952 0.000000 1773012545.5772
CHLD 61868 273.496094 1773012545.5772
MEM 0.000000 1773012545.6779
CHLD 25412 0.000000 1773012545.6830
CHLD 36952 0.000000 1773012545.6830
CHLD 61868 274.460938 1773012545.6830
MEM 0.000000 1773012545.7845
CHLD 25412 0.000000 1773012545.7909
CHLD 36952 0.000000 1773012545.7909
CHLD 61868 275.398438 1773012545.7909
MEM 0.000000 1773012545.8925
CHLD 25412 0.000000 1773012545.8996
CHLD 36952 0.000000 1773012545.8996
CHLD 61868 276.402344 1773012545.8996
MEM 0.000000 1773012546.0005
CHLD 25412 0.000000 1773012546.0063
CHLD 36952 0.000000 1773012546.0063
CHLD 61868 277.265625 1773012546.0063
MEM 0.000000 1773012546.1074
CHLD 25412 0.000000 1773012546.1125
CHLD 36952 0.000000 1773012546.1125
CHLD 61868 278.191406 1773012546.1125
MEM 0.000000 1773012546.2159
CHLD 25412 0.000000 1773012546.2191
CHLD 36952 0.000000 1773012546.2238
CHLD 61868 279.078125 1773012546.2238
MEM 0.000000 1773012546.3243
CHLD 25412 0.000000 1773012546.3301
CHLD 36952 0.000000 1773012546.3301
CHLD 61868 280.031250 1773012546.3301
MEM 0.000000 1773012546.4318
CHLD 25412 0.000000 1773012546.4392
CHLD 36952 0.000000 1773012546.4392
CHLD 61868 280.984375 1773012546.4392
MEM 0.000000 1773012546.5397
CHLD 25412 0.000000 1773012546.5457
CHLD 36952 0.000000 1773012546.5457
CHLD 61868 281.941406 1773012546.5457
MEM 0.000000 1773012546.6462
CHLD 25412 0.000000 1773012546.6552
CHLD 36952 0.000000 1773012546.6552
CHLD 61868 282.933594 1773012546.6552
MEM 0.000000 1773012546.7555
CHLD 25412 0.000000 1773012546.7635
CHLD 36952 0.000000 1773012546.7635
CHLD 61868 283.855469 1773012546.7635
MEM 0.000000 1773012546.8645
CHLD 25412 0.000000 1773012546.8710
CHLD 36952 0.000000 1773012546.8710
CHLD 61868 284.761719 1773012546.8710
MEM 0.000000 1773012546.9725
CHLD 25412 0.000000 1773012546.9756
CHLD 36952 0.000000 1773012546.9756
CHLD 61868 285.699219 1773012546.9756
MEM 0.000000 1773012547.0792
CHLD 25412 0.000000 1773012547.0844
CHLD 36952 0.000000 1773012547.0844
CHLD 61868 286.644531 1773012547.0844
MEM 0.000000 1773012547.1872
CHLD 25412 0.000000 1773012547.1942
CHLD 36952 0.000000 1773012547.1942
CHLD 61868 287.589844 1773012547.1942
MEM 0.000000 1773012547.2950
CHLD 25412 0.000000 1773012547.2983
CHLD 36952 0.000000 1773012547.2983
CHLD 61868 288.550781 1773012547.2983
MEM 0.000000 1773012547.4027
CHLD 25412 0.000000 1773012547.4097
CHLD 36952 0.000000 1773012547.4097
CHLD 61868 289.480469 1773012547.4097
MEM 0.000000 1773012547.5106
CHLD 25412 0.000000 1773012547.5176
CHLD 36952 0.000000 1773012547.5176
CHLD 61868 290.453125 1773012547.5176
MEM 0.000000 1773012547.6184
CHLD 25412 0.000000 1773012547.6234
CHLD 36952 0.000000 1773012547.6234
CHLD 61868 291.417969 1773012547.6234
MEM 0.000000 1773012547.7255
CHLD 25412 0.000000 1773012547.7325
CHLD 36952 0.000000 1773012547.7325
CHLD 61868 292.347656 1773012547.7325
MEM 0.000000 1773012547.8331
CHLD 25412 0.000000 1773012547.8357
CHLD 36952 0.000000 1773012547.8357
CHLD 61868 293.277344 1773012547.8357
MEM 0.000000 1773012547.9404
CHLD 25412 0.000000 1773012547.9444
CHLD 36952 0.000000 1773012547.9444
CHLD 61868 294.226562 1773012547.9444
MEM 0.000000 1773012548.0474
CHLD 25412 0.000000 1773012548.0538
CHLD 36952 0.000000 1773012548.0538
CHLD 61868 295.207031 1773012548.0538
MEM 0.000000 1773012548.1547
CHLD 25412 0.000000 1773012548.1582
CHLD 36952 0.000000 1773012548.1582
CHLD 61868 296.144531 1773012548.1582
MEM 0.000000 1773012548.2630
CHLD 25412 0.000000 1773012548.2680
CHLD 36952 0.000000 1773012548.2680
CHLD 61868 297.117188 1773012548.2680
MEM 0.000000 1773012548.3704
CHLD 25412 0.000000 1773012548.3764
CHLD 36952 0.000000 1773012548.3764
CHLD 61868 298.109375 1773012548.3764
MEM 0.000000 1773012548.4781
CHLD 25412 0.000000 1773012548.4851
CHLD 36952 0.000000 1773012548.4851
CHLD 61868 299.089844 1773012548.4851
MEM 0.000000 1773012548.5867
CHLD 25412 0.000000 1773012548.5902
CHLD 36952 0.000000 1773012548.5902
CHLD 61868 300.011719 1773012548.5902
MEM 0.000000 1773012548.6941
CHLD 25412 0.000000 1773012548.7006
CHLD 36952 0.000000 1773012548.7006
CHLD 61868 300.960938 1773012548.7006
MEM 0.000000 1773012548.8019
CHLD 25412 0.000000 1773012548.8107
CHLD 36952 0.000000 1773012548.8107
CHLD 61868 301.933594 1773012548.8107
MEM 0.000000 1773012548.9113
CHLD 25412 0.000000 1773012548.9197
CHLD 36952 0.000000 1773012548.9197
CHLD 61868 302.882812 1773012548.9197
MEM 0.000000 1773012549.0213
CHLD 25412 0.000000 1773012549.0283
CHLD 36952 0.000000 1773012549.0283
CHLD 61868 303.898438 1773012549.0283
MEM 0.000000 1773012549.1290
CHLD 25412 0.000000 1773012549.1318
CHLD 36952 0.000000 1773012549.1318
CHLD 61868 304.781250 1773012549.1318
MEM 0.000000 1773012549.2371
CHLD 25412 0.000000 1773012549.2441
CHLD 36952 0.000000 1773012549.2441
CHLD 61868 305.746094 1773012549.2441
MEM 0.000000 1773012549.3452
CHLD 25412 0.000000 1773012549.3526
CHLD 36952 0.000000 1773012549.3526
CHLD 61868 306.687500 1773012549.3526
MEM 0.000000 1773012549.4532
CHLD 25412 0.000000 1773012549.4564
CHLD 36952 0.000000 1773012549.4564
CHLD 61868 307.640625 1773012549.4564
MEM 0.000000 1773012549.5613
CHLD 25412 0.000000 1773012549.5690
CHLD 36952 0.000000 1773012549.5690
CHLD 61868 308.605469 1773012549.5690
MEM 0.000000 1773012549.6696
CHLD 25412 0.000000 1773012549.6723
CHLD 36952 0.000000 1773012549.6723
CHLD 61868 309.566406 1773012549.6723
MEM 0.000000 1773012549.7773
CHLD 25412 0.000000 1773012549.7843
CHLD 36952 0.000000 1773012549.7843
CHLD 61868 310.546875 1773012549.7843
MEM 0.000000 1773012549.8849
CHLD 25412 0.000000 1773012549.8908
CHLD 36952 0.000000 1773012549.8908
CHLD 61868 311.527344 1773012549.8908
MEM 0.000000 1773012549.9925
CHLD 25412 0.000000 1773012550.0026
CHLD 36952 0.000000 1773012550.0026
CHLD 61868 312.402344 1773012550.0026
MEM 0.000000 1773012550.1030
CHLD 25412 0.000000 1773012550.1064
CHLD 36952 0.000000 1773012550.1064
CHLD 61868 313.359375 1773012550.1064
MEM 0.000000 1773012550.2113
CHLD 25412 0.000000 1773012550.2183
CHLD 36952 0.000000 1773012550.2183
CHLD 61868 314.382812 1773012550.2183
MEM 0.000000 1773012550.3193
CHLD 25412 0.000000 1773012550.3237
CHLD 36952 0.000000 1773012550.3237
CHLD 61868 315.292969 1773012550.3237
MEM 0.000000 1773012550.4272
CHLD 25412 0.000000 1773012550.4329
CHLD 36952 0.000000 1773012550.4329
CHLD 61868 316.203125 1773012550.4329
MEM 0.000000 1773012550.5347
CHLD 25412 0.000000 1773012550.5414
CHLD 36952 0.000000 1773012550.5414
CHLD 61868 317.136719 1773012550.5414
MEM 0.000000 1773012550.6417
CHLD 25412 0.000000 1773012550.6487
CHLD 36952 0.000000 1773012550.6487
CHLD 61868 318.027344 1773012550.6487
MEM 0.000000 1773012550.7496
CHLD 25412 0.000000 1773012550.7586
CHLD 36952 0.000000 1773012550.7586
CHLD 61868 318.968750 1773012550.7586
MEM 0.000000 1773012550.8595
CHLD 25412 0.000000 1773012550.8646
CHLD 36952 0.000000 1773012550.8646
CHLD 61868 319.933594 1773012550.8646
MEM 0.000000 1773012550.9668
CHLD 25412 0.000000 1773012550.9728
CHLD 36952 0.000000 1773012550.9728
CHLD 61868 320.937500 1773012550.9728
MEM 0.000000 1773012551.0746
CHLD 25412 0.000000 1773012551.0821
CHLD 36952 0.000000 1773012551.0821
CHLD 61868 321.851562 1773012551.0821
MEM 0.000000 1773012551.1827
CHLD 25412 0.000000 1773012551.1878
CHLD 36952 0.000000 1773012551.1878
CHLD 61868 322.789062 1773012551.1878
MEM 0.000000 1773012551.2913
CHLD 25412 0.000000 1773012551.2963
CHLD 36952 0.000000 1773012551.2963
CHLD 61868 323.750000 1773012551.2963
MEM 0.000000 1773012551.4002
CHLD 25412 0.000000 1773012551.4068
CHLD 36952 0.000000 1773012551.4068
CHLD 61868 324.730469 1773012551.4068
MEM 0.000000 1773012551.5077
CHLD 25412 0.000000 1773012551.5148
CHLD 36952 0.000000 1773012551.5148
CHLD 61868 325.707031 1773012551.5148
MEM 0.000000 1773012551.6165
CHLD 25412 0.000000 1773012551.6225
CHLD 36952 0.000000 1773012551.6225
CHLD 61868 326.675781 1773012551.6225
MEM 0.000000 1773012551.7236
CHLD 25412 0.000000 1773012551.7306
CHLD 36952 0.000000 1773012551.7306
CHLD 61868 327.679688 1773012551.7306
MEM 0.000000 1773012551.8317
CHLD 25412 0.000000 1773012551.8355
CHLD 36952 0.000000 1773012551.8355
CHLD 61868 328.593750 1773012551.8355
MEM 0.000000 1773012551.9396
CHLD 25412 0.000000 1773012551.9454
CHLD 36952 0.000000 1773012551.9454
CHLD 61868 329.542969 1773012551.9454
MEM 0.000000 1773012552.0470
CHLD 25412 0.000000 1773012552.0530
CHLD 36952 0.000000 1773012552.0530
CHLD 61868 330.496094 1773012552.0530
MEM 0.000000 1773012552.1547
CHLD 25412 0.000000 1773012552.1609
CHLD 36952 0.000000 1773012552.1609
CHLD 61868 331.425781 1773012552.1609
MEM 0.000000 1773012552.2618
CHLD 25412 0.000000 1773012552.2689
CHLD 36952 0.000000 1773012552.2689
CHLD 61868 332.429688 1773012552.2689
MEM 0.000000 1773012552.3699
CHLD 25412 0.000000 1773012552.3769
CHLD 36952 0.000000 1773012552.3769
CHLD 61868 333.386719 1773012552.3769
MEM 0.000000 1773012552.4775
CHLD 25412 0.000000 1773012552.4810
CHLD 36952 0.000000 1773012552.4810
CHLD 61868 334.351562 1773012552.4810
MEM 0.000000 1773012552.5853
CHLD 25412 0.000000 1773012552.5922
CHLD 36952 0.000000 1773012552.5922
CHLD 61868 335.238281 1773012552.5922
MEM 0.000000 1773012552.6934
CHLD 25412 0.000000 1773012552.6997
CHLD 36952 0.000000 1773012552.6997
CHLD 61868 336.183594 1773012552.6997
MEM 0.000000 1773012552.8014
CHLD 25412 0.000000 1773012552.8067
CHLD 36952 0.000000 1773012552.8067
CHLD 61868 337.222656 1773012552.8067
MEM 0.000000 1773012552.9093
CHLD 25412 0.000000 1773012552.9163
CHLD 36952 0.000000 1773012552.9163
CHLD 61868 338.183594 1773012552.9163
MEM 0.000000 1773012553.0170
CHLD 25412 0.000000 1773012553.0240
CHLD 36952 0.000000 1773012553.0240
CHLD 61868 339.218750 1773012553.0240
MEM 0.000000 1773012553.1248
CHLD 25412 0.000000 1773012553.1313
CHLD 36952 0.000000 1773012553.1313
CHLD 61868 340.050781 1773012553.1313
MEM 0.000000 1773012553.2328
CHLD 25412 0.000000 1773012553.2409
CHLD 36952 0.000000 1773012553.2409
CHLD 61868 341.011719 1773012553.2409
MEM 0.000000 1773012553.3416
CHLD 25412 0.000000 1773012553.3486
CHLD 36952 0.000000 1773012553.3486
CHLD 61868 341.964844 1773012553.3486
MEM 0.000000 1773012553.4497
CHLD 25412 0.000000 1773012553.4584
CHLD 36952 0.000000 1773012553.4584
CHLD 61868 342.902344 1773012553.4584
MEM 0.000000 1773012553.5586
CHLD 25412 0.000000 1773012553.5647
CHLD 36952 0.000000 1773012553.5647
CHLD 61868 343.878906 1773012553.5647
MEM 0.000000 1773012553.6665
CHLD 25412 0.000000 1773012553.6715
CHLD 36952 0.000000 1773012553.6715
CHLD 61868 344.804688 1773012553.6715
MEM 0.000000 1773012553.7744
CHLD 25412 0.000000 1773012553.7816
CHLD 36952 0.000000 1773012553.7816
CHLD 61868 345.792969 1773012553.7816
MEM 0.000000 1773012553.8823
CHLD 25412 0.000000 1773012553.8892
CHLD 36952 0.000000 1773012553.8892
CHLD 61868 346.730469 1773012553.8892
MEM 0.000000 1773012553.9902
CHLD 25412 0.000000 1773012553.9956
CHLD 36952 0.000000 1773012553.9956
CHLD 61868 347.683594 1773012553.9956
MEM 0.000000 1773012554.0983
CHLD 25412 0.000000 1773012554.1035
CHLD 36952 0.000000 1773012554.1035
CHLD 61868 348.703125 1773012554.1035
MEM 0.000000 1773012554.2061
CHLD 25412 0.000000 1773012554.2112
CHLD 36952 0.000000 1773012554.2112
CHLD 61868 349.648438 1773012554.2112
MEM 0.000000 1773012554.3143
CHLD 25412 0.000000 1773012554.3194
CHLD 36952 0.000000 1773012554.3194
CHLD 61868 350.679688 1773012554.3194
MEM 0.000000 1773012554.4231
CHLD 25412 0.000000 1773012554.4282
CHLD 36952 0.000000 1773012554.4282
CHLD 61868 351.570312 1773012554.4282
MEM 0.000000 1773012554.5307
CHLD 25412 0.000000 1773012554.5359
CHLD 36952 0.000000 1773012554.5359
CHLD 61868 352.570312 1773012554.5359
MEM 0.000000 1773012554.6399
CHLD 25412 0.000000 1773012554.6442
CHLD 36952 0.000000 1773012554.6442
CHLD 61868 353.546875 1773012554.6442
MEM 0.000000 1773012554.7475
CHLD 25412 0.000000 1773012554.7510
CHLD 36952 0.000000 1773012554.7510
CHLD 61868 354.464844 1773012554.7510
MEM 0.000000 1773012554.8549
CHLD 25412 0.000000 1773012554.8619
CHLD 36952 0.000000 1773012554.8619
CHLD 61868 355.378906 1773012554.8619
MEM 0.000000 1773012554.9641
CHLD 25412 0.000000 1773012554.9718
CHLD 36952 0.000000 1773012554.9718
CHLD 61868 356.328125 1773012554.9718
MEM 0.000000 1773012555.0724
CHLD 25412 0.000000 1773012555.0776
CHLD 36952 0.000000 1773012555.0776
CHLD 61868 357.296875 1773012555.0776
MEM 0.000000 1773012555.1803
CHLD 25412 0.000000 1773012555.1848
CHLD 36952 0.000000 1773012555.1848
CHLD 61868 358.210938 1773012555.1848
MEM 0.000000 1773012555.2880
CHLD 25412 0.000000 1773012555.2934
CHLD 36952 0.000000 1773012555.2934
CHLD 61868 359.187500 1773012555.2934
MEM 0.000000 1773012555.3959
CHLD 25412 0.000000 1773012555.4029
CHLD 36952 0.000000 1773012555.4029
CHLD 61868 360.167969 1773012555.4029
MEM 0.000000 1773012555.5037
CHLD 25412 0.000000 1773012555.5098
CHLD 36952 0.000000 1773012555.5098
CHLD 61868 361.089844 1773012555.5098
MEM 0.000000 1773012555.6118
CHLD 25412 0.000000 1773012555.6188
CHLD 36952 0.000000 1773012555.6188
CHLD 61868 362.082031 1773012555.6188
MEM 0.000000 1773012555.7195
CHLD 25412 0.000000 1773012555.7252
CHLD 36952 0.000000 1773012555.7252
CHLD 61868 363.000000 1773012555.7252
MEM 0.000000 1773012555.8273
CHLD 25412 0.000000 1773012555.8315
CHLD 36952 0.000000 1773012555.8315
CHLD 61868 363.988281 1773012555.8315
MEM 0.000000 1773012555.9348
CHLD 25412 0.000000 1773012555.9389
CHLD 36952 0.000000 1773012555.9389
CHLD 61868 364.937500 1773012555.9389
MEM 0.000000 1773012556.0417
CHLD 25412 0.000000 1773012556.0477
CHLD 36952 0.000000 1773012556.0477
CHLD 61868 365.957031 1773012556.0477
MEM 0.000000 1773012556.1489
CHLD 25412 0.000000 1773012556.1539
CHLD 36952 0.000000 1773012556.1539
CHLD 61868 366.843750 1773012556.1539
MEM 0.000000 1773012556.2562
CHLD 25412 0.000000 1773012556.2623
CHLD 36952 0.000000 1773012556.2623
CHLD 61868 367.886719 1773012556.2623
MEM 0.000000 1773012556.3643
CHLD 25412 0.000000 1773012556.3660
CHLD 36952 0.000000 1773012556.3660
CHLD 61868 368.785156 1773012556.3660
MEM 0.000000 1773012556.4714
CHLD 25412 0.000000 1773012556.4741
CHLD 36952 0.000000 1773012556.4741
CHLD 61868 369.718750 1773012556.4741
MEM 0.000000 1773012556.5794
CHLD 25412 0.000000 1773012556.5854
CHLD 36952 0.000000 1773012556.5854
CHLD 61868 370.660156 1773012556.5854
MEM 0.000000 1773012556.6867
CHLD 25412 0.000000 1773012556.6927
CHLD 36952 0.000000 1773012556.6927
CHLD 61868 371.621094 1773012556.6927
MEM 0.000000 1773012556.7937
CHLD 25412 0.000000 1773012556.7954
CHLD 36952 0.000000 1773012556.7954
CHLD 61868 372.562500 1773012556.7954
MEM 0.000000 1773012556.9006
CHLD 25412 0.000000 1773012556.9066
CHLD 36952 0.000000 1773012556.9066
CHLD 61868 373.554688 1773012556.9066
MEM 0.000000 1773012557.0076
CHLD 25412 0.000000 1773012557.0122
CHLD 36952 0.000000 1773012557.0122
CHLD 61868 374.531250 1773012557.0122
MEM 0.000000 1773012557.1153
CHLD 25412 0.000000 1773012557.1213
CHLD 36952 0.000000 1773012557.1213
CHLD 61868 375.480469 1773012557.1213
MEM 0.000000 1773012557.2232
CHLD 25412 0.000000 1773012557.2302
CHLD 36952 0.000000 1773012557.2302
CHLD 61868 376.417969 1773012557.2302
MEM 0.000000 1773012557.3310
CHLD 25412 0.000000 1773012557.3377
CHLD 36952 0.000000 1773012557.3377
CHLD 61868 377.386719 1773012557.3377
MEM 0.000000 1773012557.4388
CHLD 25412 0.000000 1773012557.4458
CHLD 36952 0.000000 1773012557.4458
CHLD 61868 378.343750 1773012557.4458
MEM 0.000000 1773012557.5463
CHLD 25412 0.000000 1773012557.5523
CHLD 36952 0.000000 1773012557.5523
CHLD 61868 379.328125 1773012557.5523
MEM 0.000000 1773012557.6544
CHLD 25412 0.000000 1773012557.6594
CHLD 36952 0.000000 1773012557.6594
CHLD 61868 380.269531 1773012557.6594
MEM 0.000000 1773012557.7640
CHLD 25412 0.000000 1773012557.7715
CHLD 36952 0.000000 1773012557.7715
CHLD 61868 381.246094 1773012557.7715
MEM 0.000000 1773012557.8720
CHLD 25412 0.000000 1773012557.8793
CHLD 36952 0.000000 1773012557.8793
CHLD 61868 382.171875 1773012557.8793
MEM 0.000000 1773012557.9805
CHLD 25412 0.000000 1773012557.9859
CHLD 36952 0.000000 1773012557.9859
CHLD 61868 383.140625 1773012557.9859
MEM 0.000000 1773012558.0877
CHLD 25412 0.000000 1773012558.0894
CHLD 36952 0.000000 1773012558.0894
CHLD 61868 384.070312 1773012558.0894
MEM 0.000000 1773012558.1938
CHLD 25412 0.000000 1773012558.1990
CHLD 36952 0.000000 1773012558.1990
CHLD 61868 385.074219 1773012558.1990
MEM 0.000000 1773012558.3018
CHLD 25412 0.000000 1773012558.3089
CHLD 36952 0.000000 1773012558.3089
CHLD 61868 386.027344 1773012558.3089
MEM 0.000000 1773012558.4094
CHLD 25412 0.000000 1773012558.4145
CHLD 36952 0.000000 1773012558.4145
CHLD 61868 387.003906 1773012558.4145
MEM 0.000000 1773012558.5176
CHLD 25412 0.000000 1773012558.5226
CHLD 36952 0.000000 1773012558.5226
CHLD 61868 387.968750 1773012558.5226
MEM 0.000000 1773012558.6254
CHLD 25412 0.000000 1773012558.6305
CHLD 36952 0.000000 1773012558.6305
CHLD 61868 388.890625 1773012558.6305
MEM 0.000000 1773012558.7335
CHLD 25412 0.000000 1773012558.7386
CHLD 36952 0.000000 1773012558.7386
CHLD 61868 389.792969 1773012558.7386
MEM 0.000000 1773012558.8414
CHLD 25412 0.000000 1773012558.8484
CHLD 36952 0.000000 1773012558.8484
CHLD 61868 390.738281 1773012558.8484
MEM 0.000000 1773012558.9496
CHLD 25412 0.000000 1773012558.9546
CHLD 36952 0.000000 1773012558.9546
CHLD 61868 391.746094 1773012558.9546
MEM 0.000000 1773012559.0576
CHLD 25412 0.000000 1773012559.0630
CHLD 36952 0.000000 1773012559.0630
CHLD 61868 392.746094 1773012559.0630
MEM 0.000000 1773012559.1655
CHLD 25412 0.000000 1773012559.1709
CHLD 36952 0.000000 1773012559.1709
CHLD 61868 393.675781 1773012559.1709
MEM 0.000000 1773012559.2727
CHLD 25412 0.000000 1773012559.2797
CHLD 36952 0.000000 1773012559.2797
CHLD 61868 394.617188 1773012559.2797
MEM 0.000000 1773012559.3801
CHLD 25412 0.000000 1773012559.3841
CHLD 36952 0.000000 1773012559.3841
CHLD 61868 395.593750 1773012559.3841
MEM 0.000000 1773012559.4876
CHLD 25412 0.000000 1773012559.4922
CHLD 36952 0.000000 1773012559.4922
CHLD 61868 396.539062 1773012559.4922
MEM 0.000000 1773012559.5957
CHLD 25412 0.000000 1773012559.6027
CHLD 36952 0.000000 1773012559.6027
CHLD 61868 397.523438 1773012559.6027
MEM 0.000000 1773012559.7043
CHLD 25412 0.000000 1773012559.7103
CHLD 36952 0.000000 1773012559.7103
CHLD 61868 398.410156 1773012559.7103
MEM 0.000000 1773012559.8123
CHLD 25412 0.000000 1773012559.8187
CHLD 36952 0.000000 1773012559.8187
CHLD 61868 399.375000 1773012559.8187
MEM 0.000000 1773012559.9222
CHLD 25412 0.000000 1773012559.9272
CHLD 36952 0.000000 1773012559.9272
CHLD 61868 400.382812 1773012559.9272
MEM 0.000000 1773012560.0296
CHLD 25412 0.000000 1773012560.0346
CHLD 36952 0.000000 1773012560.0346
CHLD 61868 401.339844 1773012560.0346
MEM 0.000000 1773012560.1367
CHLD 25412 0.000000 1773012560.1425
CHLD 36952 0.000000 1773012560.1425
CHLD 61868 402.320312 1773012560.1425
MEM 0.000000 1773012560.2448
CHLD 25412 0.000000 1773012560.2524
CHLD 36952 0.000000 1773012560.2524
CHLD 61868 403.222656 1773012560.2524
MEM 0.000000 1773012560.3528
CHLD 25412 0.000000 1773012560.3599
CHLD 36952 0.000000 1773012560.3599
CHLD 61868 404.218750 1773012560.3599
MEM 0.000000 1773012560.4606
CHLD 25412 0.000000 1773012560.4666
CHLD 36952 0.000000 1773012560.4666
CHLD 61868 405.125000 1773012560.4666
MEM 0.000000 1773012560.5683
CHLD 25412 0.000000 1773012560.5771
CHLD 36952 0.000000 1773012560.5771
CHLD 61868 406.066406 1773012560.5771
MEM 0.000000 1773012560.6781
CHLD 25412 0.000000 1773012560.6852
CHLD 36952 0.000000 1773012560.6852
CHLD 61868 407.031250 1773012560.6852
MEM 0.000000 1773012560.7858
CHLD 25412 0.000000 1773012560.7896
CHLD 36952 0.000000 1773012560.7896
CHLD 61868 408.074219 1773012560.7896
MEM 0.000000 1773012560.8936
CHLD 25412 0.000000 1773012560.8989
CHLD 36952 0.000000 1773012560.8989
CHLD 61868 409.019531 1773012560.8989
MEM 0.000000 1773012561.0013
CHLD 25412 0.000000 1773012561.0088
CHLD 36952 0.000000 1773012561.0088
CHLD 61868 410.019531 1773012561.0088
MEM 0.000000 1773012561.1108
CHLD 25412 0.000000 1773012561.1178
CHLD 36952 0.000000 1773012561.1178
CHLD 61868 410.933594 1773012561.1178
MEM 0.000000 1773012561.2187
CHLD 25412 0.000000 1773012561.2219
CHLD 36952 0.000000 1773012561.2219
CHLD 61868 411.902344 1773012561.2219
MEM 0.000000 1773012561.3267
CHLD 25412 0.000000 1773012561.3303
CHLD 36952 0.000000 1773012561.3303
CHLD 61868 412.921875 1773012561.3303
MEM 0.000000 1773012561.4342
CHLD 25412 0.000000 1773012561.4389
CHLD 36952 0.000000 1773012561.4389
CHLD 61868 413.824219 1773012561.4389
MEM 0.000000 1773012561.5418
CHLD 25412 0.000000 1773012561.5460
CHLD 36952 0.000000 1773012561.5460
CHLD 61868 414.761719 1773012561.5460
MEM 0.000000 1773012561.6498
CHLD 25412 0.000000 1773012561.6549
CHLD 36952 0.000000 1773012561.6549
CHLD 61868 415.718750 1773012561.6549
MEM 0.000000 1773012561.7592
CHLD 25412 0.000000 1773012561.7649
CHLD 36952 0.000000 1773012561.7649
CHLD 61868 416.722656 1773012561.7649
MEM 0.000000 1773012561.8667
CHLD 25412 0.000000 1773012561.8724
CHLD 36952 0.000000 1773012561.8724
CHLD 61868 417.671875 1773012561.8724
MEM 0.000000 1773012561.9742
CHLD 25412 0.000000 1773012561.9803
CHLD 36952 0.000000 1773012561.9803
CHLD 61868 418.574219 1773012561.9803
MEM 0.000000 1773012562.0818
CHLD 25412 0.000000 1773012562.0889
CHLD 36952 0.000000 1773012562.0889
CHLD 61868 419.539062 1773012562.0889
MEM 0.000000 1773012562.1910
CHLD 25412 0.000000 1773012562.2001
CHLD 36952 0.000000 1773012562.2001
CHLD 61868 420.523438 1773012562.2001
MEM 0.000000 1773012562.3006
CHLD 25412 0.000000 1773012562.3066
CHLD 36952 0.000000 1773012562.3066
CHLD 61868 421.445312 1773012562.3066
MEM 0.000000 1773012562.4083
CHLD 25412 0.000000 1773012562.4136
CHLD 36952 0.000000 1773012562.4136
CHLD 61868 422.378906 1773012562.4136
MEM 0.000000 1773012562.5157
CHLD 25412 0.000000 1773012562.5227
CHLD 36952 0.000000 1773012562.5227
CHLD 61868 423.324219 1773012562.5227
MEM 0.000000 1773012562.6235
CHLD 25412 0.000000 1773012562.6288
CHLD 36952 0.000000 1773012562.6288
CHLD 61868 424.343750 1773012562.6288
MEM 0.000000 1773012562.7309
CHLD 25412 0.000000 1773012562.7334
CHLD 36952 0.000000 1773012562.7334
CHLD 61868 425.289062 1773012562.7334
MEM 0.000000 1773012562.8384
CHLD 25412 0.000000 1773012562.8435
CHLD 36952 0.000000 1773012562.8435
CHLD 61868 426.292969 1773012562.8435
MEM 0.000000 1773012562.9462
CHLD 25412 0.000000 1773012562.9524
CHLD 36952 0.000000 1773012562.9524
CHLD 61868 427.226562 1773012562.9524
MEM 0.000000 1773012563.0535
CHLD 25412 0.000000 1773012563.0593
CHLD 36952 0.000000 1773012563.0593
CHLD 61868 428.167969 1773012563.0593
MEM 0.000000 1773012563.1605
CHLD 25412 0.000000 1773012563.1665
CHLD 36952 0.000000 1773012563.1665
CHLD 61868 429.132812 1773012563.1665
MEM 0.000000 1773012563.2678
CHLD 25412 0.000000 1773012563.2750
CHLD 36952 0.000000 1773012563.2750
CHLD 61868 430.042969 1773012563.2750
MEM 0.000000 1773012563.3758
CHLD 25412 0.000000 1773012563.3808
CHLD 36952 0.000000 1773012563.3808
CHLD 61868 430.972656 1773012563.3808
MEM 0.000000 1773012563.4835
CHLD 25412 0.000000 1773012563.4890
CHLD 36952 0.000000 1773012563.4890
CHLD 61868 431.925781 1773012563.4890
MEM 0.000000 1773012563.5913
CHLD 25412 0.000000 1773012563.5996
CHLD 36952 0.000000 1773012563.5996
CHLD 61868 432.949219 1773012563.5996
MEM 0.000000 1773012563.7004
CHLD 25412 0.000000 1773012563.7056
CHLD 36952 0.000000 1773012563.7056
CHLD 61868 433.910156 1773012563.7056
MEM 0.000000 1773012563.8082
CHLD 25412 0.000000 1773012563.8145
CHLD 36952 0.000000 1773012563.8145
CHLD 61868 434.859375 1773012563.8145
MEM 0.000000 1773012563.9174
CHLD 25412 0.000000 1773012563.9227
CHLD 36952 0.000000 1773012563.9227
CHLD 61868 435.777344 1773012563.9227
MEM 0.000000 1773012564.0245
CHLD 25412 0.000000 1773012564.0316
CHLD 36952 0.000000 1773012564.0316
CHLD 61868 436.656250 1773012564.0316
MEM 0.000000 1773012564.1335
CHLD 25412 0.000000 1773012564.1399
CHLD 36952 0.000000 1773012564.1399
CHLD 61868 437.160156 1773012564.1399
MEM 0.000000 1773012564.2438
CHLD 25412 0.000000 1773012564.2508
CHLD 36952 0.000000 1773012564.2508
CHLD 61868 438.062500 1773012564.2508
MEM 0.000000 1773012564.3513
CHLD 25412 0.000000 1773012564.3583
CHLD 36952 0.000000 1773012564.3583
CHLD 61868 438.988281 1773012564.3583
MEM 0.000000 1773012564.4589
CHLD 25412 0.000000 1773012564.4664
CHLD 36952 0.000000 1773012564.4664
CHLD 61868 439.976562 1773012564.4664
MEM 0.000000 1773012564.5693
CHLD 25412 0.000000 1773012564.5744
CHLD 36952 0.000000 1773012564.5744
CHLD 61868 440.949219 1773012564.5744
MEM 0.000000 1773012564.6770
CHLD 25412 0.000000 1773012564.6843
CHLD 36952 0.000000 1773012564.6843
CHLD 61868 441.910156 1773012564.6843
MEM 0.000000 1773012564.7851
CHLD 25412 0.000000 1773012564.7904
CHLD 36952 0.000000 1773012564.7904
CHLD 61868 442.945312 1773012564.7904
MEM 0.000000 1773012564.8929
CHLD 25412 0.000000 1773012564.8980
CHLD 36952 0.000000 1773012564.8980
CHLD 61868 443.863281 1773012564.8980
MEM 0.011719 1773012564.9998
CHLD 25412 0.015625 1773012565.0048
CHLD 36952 0.015625 1773012565.0048
CHLD 61868 444.781250 1773012565.0048
MEM 0.011719 1773012565.1070
CHLD 25412 0.015625 1773012565.1096
CHLD 36952 0.015625 1773012565.1096
CHLD 61868 445.695312 1773012565.1096
MEM 0.011719 1773012565.2148
CHLD 25412 0.015625 1773012565.2197
CHLD 36952 0.015625 1773012565.2197
CHLD 61868 446.570312 1773012565.2197
MEM 0.011719 1773012565.3217
CHLD 25412 0.015625 1773012565.3269
CHLD 36952 0.015625 1773012565.3269
CHLD 61868 447.542969 1773012565.3269
MEM 0.011719 1773012565.4280
CHLD 25412 0.015625 1773012565.4305
CHLD 36952 0.015625 1773012565.4305
CHLD 61868 448.492188 1773012565.4305
MEM 0.011719 1773012565.5362
CHLD 25412 0.015625 1773012565.5416
CHLD 36952 0.015625 1773012565.5416
CHLD 61868 449.406250 1773012565.5416
MEM 0.011719 1773012565.6440
CHLD 25412 0.015625 1773012565.6458
CHLD 36952 0.015625 1773012565.6458
CHLD 61868 450.359375 1773012565.6458
MEM 0.011719 1773012565.7507
CHLD 25412 0.015625 1773012565.7557
CHLD 36952 0.015625 1773012565.7557
CHLD 61868 451.343750 1773012565.7557
MEM 0.011719 1773012565.8580
CHLD 25412 0.015625 1773012565.8633
CHLD 36952 0.015625 1773012565.8633
CHLD 61868 452.250000 1773012565.8633
MEM 0.011719 1773012565.9650
CHLD 25412 0.015625 1773012565.9671
CHLD 36952 0.015625 1773012565.9671
CHLD 61868 453.191406 1773012565.9671
MEM 0.011719 1773012566.0724
CHLD 25412 0.015625 1773012566.0766
CHLD 36952 0.015625 1773012566.0766
CHLD 61868 454.156250 1773012566.0766
MEM 0.011719 1773012566.1791
CHLD 25412 0.015625 1773012566.1862
CHLD 36952 0.015625 1773012566.1862
CHLD 61868 455.031250 1773012566.1862
MEM 0.011719 1773012566.2867
CHLD 25412 0.015625 1773012566.2943
CHLD 36952 0.015625 1773012566.2943
CHLD 61868 456.007812 1773012566.2943
MEM 0.011719 1773012566.3949
CHLD 25412 0.015625 1773012566.3975
CHLD 36952 0.015625 1773012566.3975
CHLD 61868 456.976562 1773012566.3975
MEM 0.011719 1773012566.5017
CHLD 25412 0.015625 1773012566.5087
CHLD 36952 0.015625 1773012566.5087
CHLD 61868 457.929688 1773012566.5087
MEM 0.011719 1773012566.6095
CHLD 25412 0.015625 1773012566.6146
CHLD 36952 0.015625 1773012566.6146
CHLD 61868 458.933594 1773012566.6146
MEM 0.011719 1773012566.7173
CHLD 25412 0.015625 1773012566.7246
CHLD 36952 0.015625 1773012566.7246
CHLD 61868 459.882812 1773012566.7246
MEM 0.011719 1773012566.8275
CHLD 25412 0.015625 1773012566.8347
CHLD 36952 0.015625 1773012566.8347
CHLD 61868 460.796875 1773012566.8347
MEM 0.011719 1773012566.9353
CHLD 25412 0.015625 1773012566.9406
CHLD 36952 0.015625 1773012566.9406
CHLD 61868 461.808594 1773012566.9406
MEM 0.011719 1773012567.0433
CHLD 25412 0.015625 1773012567.0505
CHLD 36952 0.015625 1773012567.0505
CHLD 61868 462.746094 1773012567.0505
MEM 0.011719 1773012567.1510
CHLD 25412 0.015625 1773012567.1558
CHLD 36952 0.015625 1773012567.1558
CHLD 61868 463.695312 1773012567.1558
MEM 0.011719 1773012567.2590
CHLD 25412 0.015625 1773012567.2637
CHLD 36952 0.015625 1773012567.2637
CHLD 61868 464.660156 1773012567.2637
MEM 0.011719 1773012567.3669
CHLD 25412 0.015625 1773012567.3752
CHLD 36952 0.015625 1773012567.3752
CHLD 61868 465.656250 1773012567.3752
MEM 0.011719 1773012567.4763
CHLD 25412 0.015625 1773012567.4797
CHLD 36952 0.015625 1773012567.4797
CHLD 61868 466.628906 1773012567.4797
MEM 0.011719 1773012567.5843
CHLD 25412 0.015625 1773012567.5895
CHLD 36952 0.015625 1773012567.5895
CHLD 61868 467.582031 1773012567.5895
MEM 0.011719 1773012567.6940
CHLD 25412 0.015625 1773012567.6988
CHLD 36952 0.015625 1773012567.6988
CHLD 61868 468.585938 1773012567.6988
MEM 0.011719 1773012567.8017
CHLD 25412 0.015625 1773012567.8041
CHLD 36952 0.015625 1773012567.8041
CHLD 61868 469.558594 1773012567.8041
MEM 0.011719 1773012567.9098
CHLD 25412 0.015625 1773012567.9124
CHLD 36952 0.015625 1773012567.9124
CHLD 61868 470.519531 1773012567.9124
MEM 0.011719 1773012568.0176
CHLD 25412 0.015625 1773012568.0228
CHLD 36952 0.015625 1773012568.0228
CHLD 61868 471.585938 1773012568.0228
MEM 0.011719 1773012568.1264
CHLD 25412 0.015625 1773012568.1319
CHLD 36952 0.015625 1773012568.1319
CHLD 61868 472.476562 1773012568.1319
MEM 0.011719 1773012568.2347
CHLD 25412 0.015625 1773012568.2401
CHLD 36952 0.015625 1773012568.2401
CHLD 61868 473.382812 1773012568.2401
MEM 0.011719 1773012568.3428
CHLD 25412 0.015625 1773012568.3481
CHLD 36952 0.015625 1773012568.3481
CHLD 61868 474.359375 1773012568.3481
MEM 0.011719 1773012568.4506
CHLD 25412 0.015625 1773012568.4579
CHLD 36952 0.015625 1773012568.4579
CHLD 61868 475.398438 1773012568.4579
MEM 0.011719 1773012568.5584
CHLD 25412 0.015625 1773012568.5631
CHLD 36952 0.015625 1773012568.5631
CHLD 61868 476.339844 1773012568.5631
MEM 0.011719 1773012568.6663
CHLD 25412 0.015625 1773012568.6715
CHLD 36952 0.015625 1773012568.6715
CHLD 61868 477.304688 1773012568.6715
MEM 0.011719 1773012568.7741
CHLD 25412 0.015625 1773012568.7814
CHLD 36952 0.015625 1773012568.7814
CHLD 61868 478.265625 1773012568.7814
MEM 0.011719 1773012568.8823
CHLD 25412 0.015625 1773012568.8864
CHLD 36952 0.015625 1773012568.8864
CHLD 61868 479.222656 1773012568.8864
MEM 0.011719 1773012568.9899
CHLD 25412 0.015625 1773012568.9943
CHLD 36952 0.015625 1773012568.9943
CHLD 61868 480.222656 1773012568.9943
MEM 0.011719 1773012569.0979
CHLD 25412 0.015625 1773012569.1032
CHLD 36952 0.015625 1773012569.1032
CHLD 61868 481.175781 1773012569.1032
MEM 0.011719 1773012569.2058
CHLD 25412 0.015625 1773012569.2124
CHLD 36952 0.015625 1773012569.2124
CHLD 61868 482.078125 1773012569.2124
MEM 0.011719 1773012569.3132
CHLD 25412 0.015625 1773012569.3160
CHLD 36952 0.015625 1773012569.3160
CHLD 61868 483.046875 1773012569.3160
MEM 0.011719 1773012569.4200
CHLD 25412 0.015625 1773012569.4273
CHLD 36952 0.015625 1773012569.4273
CHLD 61868 483.992188 1773012569.4273
MEM 0.011719 1773012569.5279
CHLD 25412 0.015625 1773012569.5331
CHLD 36952 0.015625 1773012569.5331
CHLD 61868 484.992188 1773012569.5331
MEM 0.011719 1773012569.6366
CHLD 25412 0.015625 1773012569.6418
CHLD 36952 0.015625 1773012569.6418
CHLD 61868 485.945312 1773012569.6418
MEM 0.011719 1773012569.7445
CHLD 25412 0.015625 1773012569.7497
CHLD 36952 0.015625 1773012569.7497
CHLD 61868 486.894531 1773012569.7497
MEM 0.011719 1773012569.8549
CHLD 25412 0.015625 1773012569.8590
CHLD 36952 0.015625 1773012569.8590
CHLD 61868 487.875000 1773012569.8590
MEM 0.011719 1773012569.9630
CHLD 25412 0.015625 1773012569.9682
CHLD 36952 0.015625 1773012569.9682
CHLD 61868 488.824219 1773012569.9682
MEM 0.011719 1773012570.0718
CHLD 25412 0.015625 1773012570.0759
CHLD 36952 0.015625 1773012570.0759
CHLD 61868 489.812500 1773012570.0759
MEM 0.011719 1773012570.1797
CHLD 25412 0.015625 1773012570.1849
CHLD 36952 0.015625 1773012570.1849
CHLD 61868 490.777344 1773012570.1849
MEM 0.011719 1773012570.2877
CHLD 25412 0.015625 1773012570.2951
CHLD 36952 0.015625 1773012570.2951
CHLD 61868 491.726562 1773012570.2951
MEM 0.011719 1773012570.3972
CHLD 25412 0.015625 1773012570.4043
CHLD 36952 0.015625 1773012570.4043
CHLD 61868 492.683594 1773012570.4043
MEM 0.011719 1773012570.5050
CHLD 25412 0.015625 1773012570.5088
CHLD 36952 0.015625 1773012570.5088
CHLD 61868 493.644531 1773012570.5088
MEM 0.011719 1773012570.6130
CHLD 25412 0.015625 1773012570.6156
CHLD 36952 0.015625 1773012570.6156
CHLD 61868 494.628906 1773012570.6156
MEM 0.011719 1773012570.7205
CHLD 25412 0.015625 1773012570.7254
CHLD 36952 0.015625 1773012570.7254
CHLD 61868 495.613281 1773012570.7254
MEM 0.011719 1773012570.8277
CHLD 25412 0.015625 1773012570.8317
CHLD 36952 0.015625 1773012570.8317
CHLD 61868 496.531250 1773012570.8317
MEM 0.011719 1773012570.9347
CHLD 25412 0.015625 1773012570.9400
CHLD 36952 0.015625 1773012570.9400
CHLD 61868 497.539062 1773012570.9400
MEM 0.011719 1773012571.0424
CHLD 25412 0.015625 1773012571.0495
CHLD 36952 0.015625 1773012571.0495
CHLD 61868 498.542969 1773012571.0495
MEM 0.011719 1773012571.1502
CHLD 25412 0.015625 1773012571.1529
CHLD 36952 0.015625 1773012571.1529
CHLD 61868 499.488281 1773012571.1529
MEM 0.011719 1773012571.2579
CHLD 25412 0.015625 1773012571.2645
CHLD 36952 0.015625 1773012571.2645
CHLD 61868 500.398438 1773012571.2645
MEM 0.011719 1773012571.3655
CHLD 25412 0.015625 1773012571.3672
CHLD 36952 0.015625 1773012571.3672
CHLD 61868 501.304688 1773012571.3672
MEM 0.011719 1773012571.4728
CHLD 25412 0.015625 1773012571.4781
CHLD 36952 0.015625 1773012571.4781
CHLD 61868 502.273438 1773012571.4781
MEM 0.011719 1773012571.5803
CHLD 25412 0.015625 1773012571.5823
CHLD 36952 0.015625 1773012571.5823
CHLD 61868 503.234375 1773012571.5823
MEM 0.011719 1773012571.6873
CHLD 25412 0.015625 1773012571.6915
CHLD 36952 0.015625 1773012571.6915
CHLD 61868 504.156250 1773012571.6915
MEM 0.011719 1773012571.7951
CHLD 25412 0.015625 1773012571.8005
CHLD 36952 0.015625 1773012571.8005
CHLD 61868 505.171875 1773012571.8005
MEM 0.011719 1773012571.9033
CHLD 25412 0.015625 1773012571.9097
CHLD 36952 0.015625 1773012571.9097
CHLD 61868 506.121094 1773012571.9097
MEM 0.011719 1773012572.0118
CHLD 25412 0.015625 1773012572.0153
CHLD 36952 0.015625 1773012572.0153
CHLD 61868 507.097656 1773012572.0153
MEM 0.011719 1773012572.1204
CHLD 25412 0.015625 1773012572.1258
CHLD 36952 0.015625 1773012572.1258
CHLD 61868 508.113281 1773012572.1258
MEM 0.011719 1773012572.2298
CHLD 25412 0.015625 1773012572.2349
CHLD 36952 0.015625 1773012572.2349
CHLD 61868 509.019531 1773012572.2349
MEM 0.011719 1773012572.3372
CHLD 25412 0.015625 1773012572.3439
CHLD 36952 0.015625 1773012572.3439
CHLD 61868 510.011719 1773012572.3439
MEM 0.011719 1773012572.4448
CHLD 25412 0.015625 1773012572.4487
CHLD 36952 0.015625 1773012572.4487
CHLD 61868 510.933594 1773012572.4487
MEM 0.011719 1773012572.5517
CHLD 25412 0.015625 1773012572.5587
CHLD 36952 0.015625 1773012572.5587
CHLD 61868 511.878906 1773012572.5587
MEM 0.011719 1773012572.6593
CHLD 25412 0.015625 1773012572.6624
CHLD 36952 0.015625 1773012572.6624
CHLD 61868 512.835938 1773012572.6679
MEM 0.011719 1773012572.7682
CHLD 25412 0.015625 1773012572.7736
CHLD 36952 0.015625 1773012572.7736
CHLD 61868 513.828125 1773012572.7736
MEM 0.011719 1773012572.8761
CHLD 25412 0.015625 1773012572.8835
CHLD 36952 0.015625 1773012572.8835
CHLD 61868 514.792969 1773012572.8835
MEM 0.011719 1773012572.9840
CHLD 25412 0.015625 1773012572.9882
CHLD 36952 0.015625 1773012572.9882
CHLD 61868 515.773438 1773012572.9882
MEM 0.011719 1773012573.0919
CHLD 25412 0.015625 1773012573.0988
CHLD 36952 0.015625 1773012573.0988
CHLD 61868 516.753906 1773012573.0988
MEM 0.011719 1773012573.1996
CHLD 25412 0.015625 1773012573.2069
CHLD 36952 0.015625 1773012573.2069
CHLD 61868 517.816406 1773012573.2069
MEM 0.011719 1773012573.3079
CHLD 25412 0.015625 1773012573.3150
CHLD 36952 0.015625 1773012573.3150
CHLD 61868 518.742188 1773012573.3150
MEM 0.011719 1773012573.4156
CHLD 25412 0.015625 1773012573.4203
CHLD 36952 0.015625 1773012573.4203
CHLD 61868 519.722656 1773012573.4203
MEM 0.011719 1773012573.5236
CHLD 25412 0.015625 1773012573.5300
CHLD 36952 0.015625 1773012573.5300
CHLD 61868 520.671875 1773012573.5300
MEM 0.011719 1773012573.6317
CHLD 25412 0.015625 1773012573.6391
CHLD 36952 0.015625 1773012573.6391
CHLD 61868 521.699219 1773012573.6391
MEM 0.011719 1773012573.7395
CHLD 25412 0.015625 1773012573.7459
CHLD 36952 0.015625 1773012573.7459
CHLD 61868 522.636719 1773012573.7459
MEM 0.011719 1773012573.8475
CHLD 25412 0.015625 1773012573.8546
CHLD 36952 0.015625 1773012573.8546
CHLD 61868 523.636719 1773012573.8546
MEM 0.011719 1773012573.9561
CHLD 25412 0.015625 1773012573.9586
CHLD 36952 0.015625 1773012573.9637
CHLD 61868 524.613281 1773012573.9637
MEM 0.011719 1773012574.0642
CHLD 25412 0.015625 1773012574.0678
CHLD 36952 0.015625 1773012574.0678
CHLD 61868 525.574219 1773012574.0678
MEM 0.011719 1773012574.1722
CHLD 25412 0.015625 1773012574.1775
CHLD 36952 0.015625 1773012574.1775
CHLD 61868 526.484375 1773012574.1775
MEM 0.011719 1773012574.2800
CHLD 25412 0.015625 1773012574.2826
CHLD 36952 0.015625 1773012574.2826
CHLD 61868 527.457031 1773012574.2826
MEM 0.011719 1773012574.3879
CHLD 25412 0.015625 1773012574.3916
CHLD 36952 0.015625 1773012574.3916
CHLD 61868 528.507812 1773012574.3916
MEM 0.011719 1773012574.4961
CHLD 25412 0.015625 1773012574.5015
CHLD 36952 0.015625 1773012574.5015
CHLD 61868 529.441406 1773012574.5015
MEM 0.011719 1773012574.6047
CHLD 25412 0.015625 1773012574.6099
CHLD 36952 0.015625 1773012574.6099
CHLD 61868 530.449219 1773012574.6099
MEM 0.011719 1773012574.7128
CHLD 25412 0.015625 1773012574.7192
CHLD 36952 0.015625 1773012574.7192
CHLD 61868 531.425781 1773012574.7192
MEM 0.011719 1773012574.8224
CHLD 25412 0.015625 1773012574.8270
CHLD 36952 0.015625 1773012574.8270
CHLD 61868 532.359375 1773012574.8270
MEM 0.011719 1773012574.9305
CHLD 25412 0.015625 1773012574.9356
CHLD 36952 0.015625 1773012574.9356
CHLD 61868 533.339844 1773012574.9356
MEM 0.011719 1773012575.0398
CHLD 25412 0.015625 1773012575.0444
CHLD 36952 0.015625 1773012575.0444
CHLD 61868 534.292969 1773012575.0444
MEM 0.011719 1773012575.1477
CHLD 25412 0.015625 1773012575.1578
CHLD 36952 0.015625 1773012575.1578
CHLD 61868 535.292969 1773012575.1578
MEM 0.011719 1773012575.2611
CHLD 25412 0.015625 1773012575.2662
CHLD 36952 0.015625 1773012575.2662
CHLD 61868 536.285156 1773012575.2662
MEM 0.011719 1773012575.3691
CHLD 25412 0.015625 1773012575.3763
CHLD 36952 0.015625 1773012575.3763
CHLD 61868 537.296875 1773012575.3763
MEM 0.011719 1773012575.4769
CHLD 25412 0.015625 1773012575.4808
CHLD 36952 0.015625 1773012575.4808
CHLD 61868 538.136719 1773012575.4808
MEM 0.011719 1773012575.5846
CHLD 25412 0.015625 1773012575.5910
CHLD 36952 0.015625 1773012575.5910
CHLD 61868 539.171875 1773012575.5910
MEM 0.011719 1773012575.6922
CHLD 25412 0.015625 1773012575.6953
CHLD 36952 0.015625 1773012575.6953
CHLD 61868 540.074219 1773012575.6953
MEM 0.011719 1773012575.7987
CHLD 25412 0.015625 1773012575.8056
CHLD 36952 0.015625 1773012575.8056
CHLD 61868 541.109375 1773012575.8056
MEM 0.011719 1773012575.9066
CHLD 25412 0.015625 1773012575.9141
CHLD 36952 0.015625 1773012575.9141
CHLD 61868 542.046875 1773012575.9141
MEM 0.011719 1773012576.0143
CHLD 25412 0.015625 1773012576.0240
CHLD 36952 0.015625 1773012576.0240
CHLD 61868 542.914062 1773012576.0240
MEM 0.011719 1773012576.1257
CHLD 25412 0.015625 1773012576.1284
CHLD 36952 0.015625 1773012576.1284
CHLD 61868 543.937500 1773012576.1284
MEM 0.011719 1773012576.2334
CHLD 25412 0.015625 1773012576.2378
CHLD 36952 0.015625 1773012576.2378
CHLD 61868 544.847656 1773012576.2378
MEM 0.011719 1773012576.3415
CHLD 25412 0.015625 1773012576.3455
CHLD 36952 0.015625 1773012576.3455
CHLD 61868 545.746094 1773012576.3455
MEM 0.011719 1773012576.4493
CHLD 25412 0.015625 1773012576.4546
CHLD 36952 0.015625 1773012576.4546
CHLD 61868 546.734375 1773012576.4546
MEM 0.011719 1773012576.5584
CHLD 25412 0.015625 1773012576.5647
CHLD 36952 0.015625 1773012576.5647
CHLD 61868 547.730469 1773012576.5647
MEM 0.011719 1773012576.6665
CHLD 25412 0.015625 1773012576.6746
CHLD 36952 0.015625 1773012576.6746
CHLD 61868 548.660156 1773012576.6746
MEM 0.011719 1773012576.7766
CHLD 25412 0.015625 1773012576.7840
CHLD 36952 0.015625 1773012576.7840
CHLD 61868 549.640625 1773012576.7840
MEM 0.011719 1773012576.8846
CHLD 25412 0.015625 1773012576.8886
CHLD 36952 0.015625 1773012576.8886
CHLD 61868 550.621094 1773012576.8886
MEM 0.011719 1773012576.9926
CHLD 25412 0.015625 1773012576.9971
CHLD 36952 0.015625 1773012576.9971
CHLD 61868 551.546875 1773012576.9971
MEM 0.011719 1773012577.1007
CHLD 25412 0.015625 1773012577.1062
CHLD 36952 0.015625 1773012577.1062
CHLD 61868 552.503906 1773012577.1062
MEM 0.011719 1773012577.2083
CHLD 25412 0.015625 1773012577.2115
CHLD 36952 0.015625 1773012577.2115
CHLD 61868 553.410156 1773012577.2115
MEM 0.011719 1773012577.3162
CHLD 25412 0.015625 1773012577.3216
CHLD 36952 0.015625 1773012577.3216
CHLD 61868 554.339844 1773012577.3216
MEM 0.011719 1773012577.4254
CHLD 25412 0.015625 1773012577.4306
CHLD 36952 0.015625 1773012577.4306
CHLD 61868 555.359375 1773012577.4306
MEM 0.011719 1773012577.5333
CHLD 25412 0.015625 1773012577.5389
CHLD 36952 0.015625 1773012577.5389
CHLD 61868 556.289062 1773012577.5389
MEM 0.011719 1773012577.6409
CHLD 25412 0.015625 1773012577.6446
CHLD 36952 0.015625 1773012577.6446
CHLD 61868 557.277344 1773012577.6446
MEM 0.011719 1773012577.7486
CHLD 25412 0.015625 1773012577.7537
CHLD 36952 0.015625 1773012577.7537
CHLD 61868 558.292969 1773012577.7537
MEM 0.011719 1773012577.8565
CHLD 25412 0.015625 1773012577.8630
CHLD 36952 0.015625 1773012577.8630
CHLD 61868 559.265625 1773012577.8630
MEM 0.011719 1773012577.9665
CHLD 25412 0.015625 1773012577.9736
CHLD 36952 0.015625 1773012577.9736
CHLD 61868 560.218750 1773012577.9736
MEM 0.011719 1773012578.0746
CHLD 25412 0.015625 1773012578.0772
CHLD 36952 0.015625 1773012578.0772
CHLD 61868 561.234375 1773012578.0772
MEM 0.011719 1773012578.1820
CHLD 25412 0.015625 1773012578.1873
CHLD 36952 0.015625 1773012578.1873
CHLD 61868 562.117188 1773012578.1873
MEM 0.011719 1773012578.2894
CHLD 25412 0.015625 1773012578.2948
CHLD 36952 0.015625 1773012578.2948
CHLD 61868 563.054688 1773012578.2948
MEM 0.011719 1773012578.3975
CHLD 25412 0.015625 1773012578.4046
CHLD 36952 0.015625 1773012578.4046
CHLD 61868 564.015625 1773012578.4046
MEM 0.011719 1773012578.5066
CHLD 25412 0.015625 1773012578.5119
CHLD 36952 0.015625 1773012578.5119
CHLD 61868 564.960938 1773012578.5119
MEM 0.011719 1773012578.6145
CHLD 25412 0.015625 1773012578.6217
CHLD 36952 0.015625 1773012578.6217
CHLD 61868 565.906250 1773012578.6217
MEM 0.011719 1773012578.7228
CHLD 25412 0.015625 1773012578.7319
CHLD 36952 0.015625 1773012578.7319
CHLD 61868 566.851562 1773012578.7319
MEM 0.011719 1773012578.8328
CHLD 25412 0.015625 1773012578.8380
CHLD 36952 0.015625 1773012578.8380
CHLD 61868 567.644531 1773012578.8380
MEM 0.011719 1773012578.9415
CHLD 25412 0.015625 1773012578.9480
CHLD 36952 0.015625 1773012578.9480
CHLD 61868 568.558594 1773012578.9480
MEM 0.011719 1773012579.0498
CHLD 25412 0.015625 1773012579.0561
CHLD 36952 0.015625 1773012579.0561
CHLD 61868 569.410156 1773012579.0561
MEM 0.011719 1773012579.1582
CHLD 25412 0.015625 1773012579.1653
CHLD 36952 0.015625 1773012579.1653
CHLD 61868 570.152344 1773012579.1653
MEM 0.011719 1773012579.2664
CHLD 25412 0.015625 1773012579.2738
CHLD 36952 0.015625 1773012579.2738
CHLD 61868 570.949219 1773012579.2738
MEM 0.011719 1773012579.3749
CHLD 25412 0.000000 1773012579.3770
CHLD 36952 0.000000 1773012579.3770
CHLD 61868 571.878906 1773012579.3770
MEM 0.000000 1773012579.4824
CHLD 25412 0.000000 1773012579.4901
CHLD 36952 0.000000 1773012579.4901
CHLD 61868 572.820312 1773012579.4901
MEM 0.000000 1773012579.5912
CHLD 25412 0.000000 1773012579.5983
CHLD 36952 0.000000 1773012579.5983
CHLD 61868 4.023438 1773012579.5983
MEM 0.000000 1773012579.6991
CHLD 25412 0.000000 1773012579.7064
CHLD 36952 0.000000 1773012579.7064
CHLD 61868 5.769531 1773012579.7064
MEM 0.000000 1773012579.8075
CHLD 25412 0.000000 1773012579.8108
CHLD 36952 0.000000 1773012579.8108
CHLD 61868 6.980469 1773012579.8108
MEM 0.000000 1773012579.9155
CHLD 25412 0.000000 1773012579.9211
CHLD 36952 0.000000 1773012579.9211
CHLD 61868 8.054688 1773012579.9211
MEM 0.000000 1773012580.0234
CHLD 25412 0.000000 1773012580.0259
CHLD 36952 0.000000 1773012580.0259
CHLD 61868 9.007812 1773012580.0259
MEM 0.000000 1773012580.1318
CHLD 25412 0.000000 1773012580.1382
CHLD 36952 0.000000 1773012580.1382
CHLD 61868 9.929688 1773012580.1382
MEM 0.000000 1773012580.2401
CHLD 25412 0.000000 1773012580.2472
CHLD 36952 0.000000 1773012580.2472
CHLD 61868 10.867188 1773012580.2472
MEM 0.000000 1773012580.3485
CHLD 25412 0.000000 1773012580.3556
CHLD 36952 0.000000 1773012580.3556
CHLD 61868 11.734375 1773012580.3556
MEM 0.000000 1773012580.4568
CHLD 25412 0.000000 1773012580.4596
CHLD 36952 0.000000 1773012580.4596
CHLD 61868 12.687500 1773012580.4596
MEM 0.000000 1773012580.5647
CHLD 25412 0.000000 1773012580.5692
CHLD 36952 0.000000 1773012580.5692
CHLD 61868 13.539062 1773012580.5692
MEM 0.000000 1773012580.6729
CHLD 25412 0.000000 1773012580.6768
CHLD 36952 0.000000 1773012580.6768
CHLD 61868 14.464844 1773012580.6768
MEM 0.000000 1773012580.7805
CHLD 25412 0.000000 1773012580.7875
CHLD 36952 0.000000 1773012580.7875
CHLD 61868 15.281250 1773012580.7875
MEM 0.000000 1773012580.8883
CHLD 25412 0.000000 1773012580.8958
CHLD 36952 0.000000 1773012580.8958
CHLD 61868 16.101562 1773012580.8958
MEM 0.000000 1773012580.9976
CHLD 25412 0.000000 1773012581.0029
CHLD 36952 0.000000 1773012581.0029
CHLD 61868 16.890625 1773012581.0029
MEM 0.000000 1773012581.1053
CHLD 25412 0.000000 1773012581.1115
CHLD 36952 0.000000 1773012581.1115
CHLD 61868 17.738281 1773012581.1115
MEM 0.000000 1773012581.2138
CHLD 25412 0.000000 1773012581.2193
CHLD 36952 0.000000 1773012581.2193
CHLD 61868 18.578125 1773012581.2193
MEM 0.000000 1773012581.3224
CHLD 25412 0.000000 1773012581.3287
CHLD 36952 0.000000 1773012581.3287
CHLD 61868 19.421875 1773012581.3287
MEM 0.000000 1773012581.4315
CHLD 25412 0.000000 1773012581.4368
CHLD 36952 0.000000 1773012581.4368
CHLD 61868 20.250000 1773012581.4368
MEM 0.000000 1773012581.5401
CHLD 25412 0.000000 1773012581.5454
CHLD 36952 0.000000 1773012581.5454
CHLD 61868 21.023438 1773012581.5454
MEM 0.000000 1773012581.6477
CHLD 25412 0.000000 1773012581.6546
CHLD 36952 0.000000 1773012581.6546
CHLD 61868 21.824219 1773012581.6546
MEM 0.000000 1773012581.7555
CHLD 25412 0.000000 1773012581.7636
CHLD 36952 0.000000 1773012581.7636
CHLD 61868 22.613281 1773012581.7636
MEM 0.000000 1773012581.8645
CHLD 25412 0.000000 1773012581.8685
CHLD 36952 0.000000 1773012581.8685
CHLD 61868 23.484375 1773012581.8685
MEM 0.000000 1773012581.9725
CHLD 25412 0.000000 1773012581.9769
CHLD 36952 0.000000 1773012581.9769
CHLD 61868 24.230469 1773012581.9769
MEM 0.000000 1773012582.0804
CHLD 25412 0.000000 1773012582.0859
CHLD 36952 0.000000 1773012582.0859
CHLD 61868 25.042969 1773012582.0859
MEM 0.000000 1773012582.1891
CHLD 25412 0.000000 1773012582.1963
CHLD 36952 0.000000 1773012582.1963
CHLD 61868 25.835938 1773012582.1963
MEM 0.000000 1773012582.2968
CHLD 25412 0.000000 1773012582.3042
CHLD 36952 0.000000 1773012582.3042
CHLD 61868 26.613281 1773012582.3042
MEM 0.000000 1773012582.4048
CHLD 25412 0.000000 1773012582.4085
CHLD 36952 0.000000 1773012582.4085
CHLD 61868 27.527344 1773012582.4085
MEM 0.000000 1773012582.5137
CHLD 25412 0.000000 1773012582.5226
CHLD 36952 0.000000 1773012582.5226
CHLD 61868 28.382812 1773012582.5226
MEM 0.000000 1773012582.6231
CHLD 25412 0.000000 1773012582.6310
CHLD 36952 0.000000 1773012582.6310
CHLD 61868 29.328125 1773012582.6310
MEM 0.000000 1773012582.7330
CHLD 25412 0.000000 1773012582.7409
CHLD 36952 0.000000 1773012582.7409
CHLD 61868 30.152344 1773012582.7409
MEM 0.000000 1773012582.8413
CHLD 25412 0.000000 1773012582.8476
CHLD 36952 0.000000 1773012582.8476
CHLD 61868 31.062500 1773012582.8476
MEM 0.000000 1773012582.9497
CHLD 25412 0.000000 1773012582.9547
CHLD 36952 0.000000 1773012582.9547
CHLD 61868 32.015625 1773012582.9547
MEM 0.000000 1773012583.0578
CHLD 25412 0.000000 1773012583.0639
CHLD 36952 0.000000 1773012583.0639
CHLD 61868 32.921875 1773012583.0639
MEM 0.000000 1773012583.1657
CHLD 25412 0.000000 1773012583.1727
CHLD 36952 0.000000 1773012583.1727
CHLD 61868 33.839844 1773012583.1727
MEM 0.000000 1773012583.2736
CHLD 25412 0.000000 1773012583.2808
CHLD 36952 0.000000 1773012583.2808
CHLD 61868 34.851562 1773012583.2808
MEM 0.000000 1773012583.3814
CHLD 25412 0.000000 1773012583.3868
CHLD 36952 0.000000 1773012583.3868
CHLD 61868 35.808594 1773012583.3868
MEM 0.000000 1773012583.4913
CHLD 25412 0.000000 1773012583.4951
CHLD 36952 0.000000 1773012583.4951
CHLD 61868 36.796875 1773012583.4951
MEM 0.000000 1773012583.5990
CHLD 25412 0.000000 1773012583.6028
CHLD 36952 0.000000 1773012583.6028
CHLD 61868 37.675781 1773012583.6028
MEM 0.000000 1773012583.7078
CHLD 25412 0.000000 1773012583.7112
CHLD 36952 0.000000 1773012583.7112
CHLD 61868 40.968750 1773012583.7112
MEM 0.000000 1773012583.8157
CHLD 25412 0.000000 1773012583.8224
CHLD 36952 0.000000 1773012583.8224
CHLD 61868 41.863281 1773012583.8224
MEM 0.000000 1773012583.9236
CHLD 25412 0.000000 1773012583.9262
CHLD 36952 0.000000 1773012583.9262
CHLD 61868 42.816406 1773012583.9262
MEM 0.000000 1773012584.0315
CHLD 25412 0.000000 1773012584.0391
CHLD 36952 0.000000 1773012584.0391
CHLD 61868 43.753906 1773012584.0391
MEM 0.000000 1773012584.1403
CHLD 25412 0.000000 1773012584.1438
CHLD 36952 0.000000 1773012584.1438
CHLD 61868 44.652344 1773012584.1438
MEM 0.000000 1773012584.2483
CHLD 25412 0.000000 1773012584.2562
CHLD 36952 0.000000 1773012584.2562
CHLD 61868 45.667969 1773012584.2562
MEM 0.000000 1773012584.3567
CHLD 25412 0.000000 1773012584.3606
CHLD 36952 0.000000 1773012584.3606
CHLD 61868 46.605469 1773012584.3606
MEM 0.000000 1773012584.4646
CHLD 25412 0.000000 1773012584.4686
CHLD 36952 0.000000 1773012584.4686
CHLD 61868 47.453125 1773012584.4686
MEM 0.000000 1773012584.5724
CHLD 25412 0.000000 1773012584.5775
CHLD 36952 0.000000 1773012584.5775
CHLD 61868 48.386719 1773012584.5775
MEM 0.000000 1773012584.6811
CHLD 25412 0.000000 1773012584.6861
CHLD 36952 0.000000 1773012584.6861
CHLD 61868 49.289062 1773012584.6861
MEM 0.000000 1773012584.7894
CHLD 25412 0.000000 1773012584.7952
CHLD 36952 0.000000 1773012584.7952
CHLD 61868 50.269531 1773012584.7952
MEM 0.000000 1773012584.8973
CHLD 25412 0.000000 1773012584.9043
CHLD 36952 0.000000 1773012584.9043
CHLD 61868 51.222656 1773012584.9043
MEM 0.000000 1773012585.0053
CHLD 25412 0.000000 1773012585.0084
CHLD 36952 0.000000 1773012585.0084
CHLD 61868 52.097656 1773012585.0084
MEM 0.000000 1773012585.1125
CHLD 25412 0.000000 1773012585.1196
CHLD 36952 0.000000 1773012585.1196
CHLD 61868 53.121094 1773012585.1196
MEM 0.000000 1773012585.2205
CHLD 25412 0.000000 1773012585.2275
CHLD 36952 0.000000 1773012585.2275
CHLD 61868 54.019531 1773012585.2275
MEM 0.000000 1773012585.3286
CHLD 25412 0.000000 1773012585.3340
CHLD 36952 0.000000 1773012585.3340
CHLD 61868 54.964844 1773012585.3340
MEM 0.000000 1773012585.4366
CHLD 25412 0.000000 1773012585.4421
CHLD 36952 0.000000 1773012585.4421
CHLD 61868 55.925781 1773012585.4421
MEM 0.000000 1773012585.5443
CHLD 25412 0.000000 1773012585.5494
CHLD 36952 0.000000 1773012585.5494
CHLD 61868 56.824219 1773012585.5494
MEM 0.000000 1773012585.6512
CHLD 25412 0.000000 1773012585.6583
CHLD 36952 0.000000 1773012585.6583
CHLD 61868 57.742188 1773012585.6583
MEM 0.000000 1773012585.7594
CHLD 25412 0.000000 1773012585.7627
CHLD 36952 0.000000 1773012585.7627
CHLD 61868 58.734375 1773012585.7627
MEM 0.000000 1773012585.8675
CHLD 25412 0.000000 1773012585.8749
CHLD 36952 0.000000 1773012585.8749
CHLD 61868 59.660156 1773012585.8749
MEM 0.000000 1773012585.9765
CHLD 25412 0.000000 1773012585.9825
CHLD 36952 0.000000 1773012585.9825
CHLD 61868 60.593750 1773012585.9825
MEM 0.000000 1773012586.0845
CHLD 25412 0.000000 1773012586.0918
CHLD 36952 0.000000 1773012586.0918
CHLD 61868 61.500000 1773012586.0918
MEM 0.000000 1773012586.1921
CHLD 25412 0.000000 1773012586.1990
CHLD 36952 0.000000 1773012586.1990
CHLD 61868 61.871094 1773012586.1990
MEM 0.000000 1773012586.2997
CHLD 25412 0.000000 1773012586.3027
CHLD 36952 0.000000 1773012586.3027
CHLD 61868 62.718750 1773012586.3027
MEM 0.000000 1773012586.4080
CHLD 25412 0.000000 1773012586.4128
CHLD 36952 0.000000 1773012586.4128
CHLD 61868 63.656250 1773012586.4128
MEM 0.000000 1773012586.5156
CHLD 25412 0.000000 1773012586.5221
CHLD 36952 0.000000 1773012586.5221
CHLD 61868 64.656250 1773012586.5221
MEM 0.000000 1773012586.6240
CHLD 25412 0.000000 1773012586.6308
CHLD 36952 0.000000 1773012586.6308
CHLD 61868 65.597656 1773012586.6308
MEM 0.000000 1773012586.7320
CHLD 25412 0.000000 1773012586.7365
CHLD 36952 0.000000 1773012586.7365
CHLD 61868 66.593750 1773012586.7365
MEM 0.000000 1773012586.8401
CHLD 25412 0.000000 1773012586.8461
CHLD 36952 0.000000 1773012586.8461
CHLD 61868 67.500000 1773012586.8461
MEM 0.000000 1773012586.9474
CHLD 25412 0.000000 1773012586.9534
CHLD 36952 0.000000 1773012586.9534
CHLD 61868 68.503906 1773012586.9534
MEM 0.000000 1773012587.0555
CHLD 25412 0.000000 1773012587.0628
CHLD 36952 0.000000 1773012587.0628
CHLD 61868 69.398438 1773012587.0628
MEM 0.000000 1773012587.1631
CHLD 25412 0.000000 1773012587.1672
CHLD 36952 0.000000 1773012587.1672
CHLD 61868 70.375000 1773012587.1672
MEM 0.000000 1773012587.2708
CHLD 25412 0.000000 1773012587.2763
CHLD 36952 0.000000 1773012587.2763
CHLD 61868 71.300781 1773012587.2763
MEM 0.000000 1773012587.3783
CHLD 25412 0.000000 1773012587.3843
CHLD 36952 0.000000 1773012587.3843
CHLD 61868 72.281250 1773012587.3843
MEM 0.000000 1773012587.4864
CHLD 25412 0.000000 1773012587.4915
CHLD 36952 0.000000 1773012587.4915
CHLD 61868 73.277344 1773012587.4915
MEM 0.000000 1773012587.5939
CHLD 25412 0.000000 1773012587.5990
CHLD 36952 0.000000 1773012587.5990
CHLD 61868 74.203125 1773012587.5990
MEM 0.000000 1773012587.7017
CHLD 25412 0.000000 1773012587.7083
CHLD 36952 0.000000 1773012587.7083
CHLD 61868 75.156250 1773012587.7083
MEM 0.000000 1773012587.8113
CHLD 25412 0.000000 1773012587.8171
CHLD 36952 0.000000 1773012587.8171
CHLD 61868 76.164062 1773012587.8171
MEM 0.000000 1773012587.9189
CHLD 25412 0.000000 1773012587.9255
CHLD 36952 0.000000 1773012587.9255
CHLD 61868 77.105469 1773012587.9255
MEM 0.000000 1773012588.0267
CHLD 25412 0.000000 1773012588.0337
CHLD 36952 0.000000 1773012588.0337
CHLD 61868 78.113281 1773012588.0337
MEM 0.000000 1773012588.1344
CHLD 25412 0.000000 1773012588.1434
CHLD 36952 0.000000 1773012588.1434
CHLD 61868 79.023438 1773012588.1434
MEM 0.000000 1773012588.2442
CHLD 25412 0.000000 1773012588.2511
CHLD 36952 0.000000 1773012588.2511
CHLD 61868 79.929688 1773012588.2511
MEM 0.000000 1773012588.3524
CHLD 25412 0.000000 1773012588.3551
CHLD 36952 0.000000 1773012588.3551
CHLD 61868 80.906250 1773012588.3551
MEM 0.000000 1773012588.4603
CHLD 25412 0.000000 1773012588.4683
CHLD 36952 0.000000 1773012588.4683
CHLD 61868 81.804688 1773012588.4683
MEM 0.000000 1773012588.5687
CHLD 25412 0.000000 1773012588.5741
CHLD 36952 0.000000 1773012588.5741
CHLD 61868 82.796875 1773012588.5741
MEM 0.000000 1773012588.6764
CHLD 25412 0.000000 1773012588.6824
CHLD 36952 0.000000 1773012588.6824
CHLD 61868 83.726562 1773012588.6824
MEM 0.000000 1773012588.7856
CHLD 25412 0.000000 1773012588.7913
CHLD 36952 0.000000 1773012588.7913
CHLD 61868 84.640625 1773012588.7913
MEM 0.000000 1773012588.8933
CHLD 25412 0.000000 1773012588.8994
CHLD 36952 0.000000 1773012588.8994
CHLD 61868 85.597656 1773012588.8994
MEM 0.000000 1773012589.0003
CHLD 25412 0.000000 1773012589.0056
CHLD 36952 0.000000 1773012589.0056
CHLD 61868 86.531250 1773012589.0056
MEM 0.000000 1773012589.1072
CHLD 25412 0.000000 1773012589.1119
CHLD 36952 0.000000 1773012589.1119
CHLD 61868 87.496094 1773012589.1119
MEM 0.000000 1773012589.2151
CHLD 25412 0.000000 1773012589.2207
CHLD 36952 0.000000 1773012589.2207
CHLD 61868 88.414062 1773012589.2207
MEM 0.000000 1773012589.3230
CHLD 25412 0.000000 1773012589.3257
CHLD 36952 0.000000 1773012589.3257
CHLD 61868 89.386719 1773012589.3257
MEM 0.000000 1773012589.4304
CHLD 25412 0.000000 1773012589.4345
CHLD 36952 0.000000 1773012589.4345
CHLD 61868 90.335938 1773012589.4345
MEM 0.000000 1773012589.5384
CHLD 25412 0.000000 1773012589.5452
CHLD 36952 0.000000 1773012589.5452
CHLD 61868 91.324219 1773012589.5452
MEM 0.000000 1773012589.6468
CHLD 25412 0.000000 1773012589.6507
CHLD 36952 0.000000 1773012589.6507
CHLD 61868 92.230469 1773012589.6507
MEM 0.000000 1773012589.7543
CHLD 25412 0.000000 1773012589.7614
CHLD 36952 0.000000 1773012589.7614
CHLD 61868 93.164062 1773012589.7614
MEM 0.000000 1773012589.8615
CHLD 25412 0.000000 1773012589.8666
CHLD 36952 0.000000 1773012589.8666
CHLD 61868 94.039062 1773012589.8666
MEM 0.000000 1773012589.9689
CHLD 25412 0.000000 1773012589.9726
CHLD 36952 0.000000 1773012589.9726
CHLD 61868 95.035156 1773012589.9726
MEM 0.000000 1773012590.0761
CHLD 25412 0.000000 1773012590.0824
CHLD 36952 0.000000 1773012590.0824
CHLD 61868 95.953125 1773012590.0824
MEM 0.000000 1773012590.1837
CHLD 25412 0.000000 1773012590.1900
CHLD 36952 0.000000 1773012590.1900
CHLD 61868 96.902344 1773012590.1900
MEM 0.000000 1773012590.2916
CHLD 25412 0.000000 1773012590.2968
CHLD 36952 0.000000 1773012590.2968
CHLD 61868 97.863281 1773012590.2968
MEM 0.000000 1773012590.3991
CHLD 25412 0.000000 1773012590.4051
CHLD 36952 0.000000 1773012590.4051
CHLD 61868 98.847656 1773012590.4051
MEM 0.000000 1773012590.5066
CHLD 25412 0.000000 1773012590.5116
CHLD 36952 0.000000 1773012590.5116
CHLD 61868 99.781250 1773012590.5116
MEM 0.000000 1773012590.6136
CHLD 25412 0.000000 1773012590.6162
CHLD 36952 0.000000 1773012590.6162
CHLD 61868 100.726562 1773012590.6162
MEM 0.000000 1773012590.7206
CHLD 25412 0.000000 1773012590.7267
CHLD 36952 0.000000 1773012590.7267
CHLD 61868 101.703125 1773012590.7267
MEM 0.000000 1773012590.8282
CHLD 25412 0.000000 1773012590.8349
CHLD 36952 0.000000 1773012590.8349
CHLD 61868 102.644531 1773012590.8349
MEM 0.000000 1773012590.9354
CHLD 25412 0.000000 1773012590.9424
CHLD 36952 0.000000 1773012590.9424
CHLD 61868 103.558594 1773012590.9424
MEM 0.000000 1773012591.0428
CHLD 25412 0.000000 1773012591.0486
CHLD 36952 0.000000 1773012591.0486
CHLD 61868 104.457031 1773012591.0486
MEM 0.000000 1773012591.1495
CHLD 25412 0.000000 1773012591.1585
CHLD 36952 0.000000 1773012591.1585
CHLD 61868 105.386719 1773012591.1585
MEM 0.000000 1773012591.2594
CHLD 25412 0.000000 1773012591.2670
CHLD 36952 0.000000 1773012591.2670
CHLD 61868 106.371094 1773012591.2670
MEM 0.000000 1773012591.3672
CHLD 25412 0.000000 1773012591.3743
CHLD 36952 0.000000 1773012591.3743
CHLD 61868 107.375000 1773012591.3743
MEM 0.000000 1773012591.4752
CHLD 25412 0.000000 1773012591.4803
CHLD 36952 0.000000 1773012591.4803
CHLD 61868 108.269531 1773012591.4803
MEM 0.000000 1773012591.5831
CHLD 25412 0.000000 1773012591.5858
CHLD 36952 0.000000 1773012591.5858
CHLD 61868 109.238281 1773012591.5858
MEM 0.000000 1773012591.6912
CHLD 25412 0.000000 1773012591.6946
CHLD 36952 0.000000 1773012591.6946
CHLD 61868 110.152344 1773012591.6946
MEM 0.000000 1773012591.7990
CHLD 25412 0.000000 1773012591.8060
CHLD 36952 0.000000 1773012591.8060
CHLD 61868 111.171875 1773012591.8060
MEM 0.000000 1773012591.9069
CHLD 25412 0.000000 1773012591.9141
CHLD 36952 0.000000 1773012591.9141
CHLD 61868 112.035156 1773012591.9141
MEM 0.000000 1773012592.0144
CHLD 25412 0.000000 1773012592.0196
CHLD 36952 0.000000 1773012592.0196
CHLD 61868 112.996094 1773012592.0196
MEM 0.000000 1773012592.1215
CHLD 25412 0.000000 1773012592.1256
CHLD 36952 0.000000 1773012592.1256
CHLD 61868 113.968750 1773012592.1256
MEM 0.000000 1773012592.2293
CHLD 25412 0.000000 1773012592.2353
CHLD 36952 0.000000 1773012592.2353
CHLD 61868 114.957031 1773012592.2353
MEM 0.000000 1773012592.3372
CHLD 25412 0.000000 1773012592.3442
CHLD 36952 0.000000 1773012592.3442
CHLD 61868 115.878906 1773012592.3442
MEM 0.000000 1773012592.4451
CHLD 25412 0.000000 1773012592.4518
CHLD 36952 0.000000 1773012592.4518
CHLD 61868 116.867188 1773012592.4518
MEM 0.000000 1773012592.5533
CHLD 25412 0.000000 1773012592.5603
CHLD 36952 0.000000 1773012592.5603
CHLD 61868 117.878906 1773012592.5603
MEM 0.000000 1773012592.6634
CHLD 25412 0.000000 1773012592.6702
CHLD 36952 0.000000 1773012592.6702
CHLD 61868 118.832031 1773012592.6702
MEM 0.000000 1773012592.7715
CHLD 25412 0.000000 1773012592.7787
CHLD 36952 0.000000 1773012592.7787
CHLD 61868 119.742188 1773012592.7787
MEM 0.000000 1773012592.8790
CHLD 25412 0.000000 1773012592.8860
CHLD 36952 0.000000 1773012592.8860
CHLD 61868 120.761719 1773012592.8860
MEM 0.000000 1773012592.9868
CHLD 25412 0.000000 1773012592.9928
CHLD 36952 0.000000 1773012592.9928
CHLD 61868 121.718750 1773012592.9928
MEM 0.000000 1773012593.0946
CHLD 25412 0.000000 1773012593.1011
CHLD 36952 0.000000 1773012593.1011
CHLD 61868 122.656250 1773012593.1011
MEM 0.000000 1773012593.2022
CHLD 25412 0.000000 1773012593.2097
CHLD 36952 0.000000 1773012593.2097
CHLD 61868 123.652344 1773012593.2097
MEM 0.000000 1773012593.3120
CHLD 25412 0.000000 1773012593.3191
CHLD 36952 0.000000 1773012593.3191
CHLD 61868 124.617188 1773012593.3191
MEM 0.000000 1773012593.4200
CHLD 25412 0.000000 1773012593.4252
CHLD 36952 0.000000 1773012593.4252
CHLD 61868 125.578125 1773012593.4252
MEM 0.000000 1773012593.5275
CHLD 25412 0.000000 1773012593.5337
CHLD 36952 0.000000 1773012593.5337
CHLD 61868 126.542969 1773012593.5337
MEM 0.000000 1773012593.6355
CHLD 25412 0.000000 1773012593.6381
CHLD 36952 0.000000 1773012593.6381
CHLD 61868 127.515625 1773012593.6381
MEM 0.000000 1773012593.7433
CHLD 25412 0.000000 1773012593.7464
CHLD 36952 0.000000 1773012593.7464
CHLD 61868 128.460938 1773012593.7464
MEM 0.000000 1773012593.8500
CHLD 25412 0.000000 1773012593.8552
CHLD 36952 0.000000 1773012593.8552
CHLD 61868 129.402344 1773012593.8552
MEM 0.000000 1773012593.9575
CHLD 25412 0.000000 1773012593.9647
CHLD 36952 0.000000 1773012593.9647
CHLD 61868 130.488281 1773012593.9647
MEM 0.000000 1773012594.0654
CHLD 25412 0.000000 1773012594.0708
CHLD 36952 0.000000 1773012594.0708
CHLD 61868 131.378906 1773012594.0708
MEM 0.000000 1773012594.1742
CHLD 25412 0.000000 1773012594.1812
CHLD 36952 0.000000 1773012594.1812
CHLD 61868 132.351562 1773012594.1812
MEM 0.000000 1773012594.2820
CHLD 25412 0.000000 1773012594.2887
CHLD 36952 0.000000 1773012594.2887
CHLD 61868 133.292969 1773012594.2887
MEM 0.000000 1773012594.3904
CHLD 25412 0.000000 1773012594.3974
CHLD 36952 0.000000 1773012594.3974
CHLD 61868 134.183594 1773012594.3974
MEM 0.000000 1773012594.4981
CHLD 25412 0.000000 1773012594.5071
CHLD 36952 0.000000 1773012594.5071
CHLD 61868 135.203125 1773012594.5071
MEM 0.000000 1773012594.6079
CHLD 25412 0.000000 1773012594.6149
CHLD 36952 0.000000 1773012594.6149
CHLD 61868 136.152344 1773012594.6149
MEM 0.000000 1773012594.7160
CHLD 25412 0.000000 1773012594.7231
CHLD 36952 0.000000 1773012594.7231
CHLD 61868 137.128906 1773012594.7231
MEM 0.000000 1773012594.8255
CHLD 25412 0.000000 1773012594.8325
CHLD 36952 0.000000 1773012594.8325
CHLD 61868 138.109375 1773012594.8325
MEM 0.000000 1773012594.9332
CHLD 25412 0.000000 1773012594.9409
CHLD 36952 0.000000 1773012594.9409
CHLD 61868 139.082031 1773012594.9409
MEM 0.000000 1773012595.0419
CHLD 25412 0.000000 1773012595.0481
CHLD 36952 0.000000 1773012595.0481
CHLD 61868 139.988281 1773012595.0481
MEM 0.000000 1773012595.1495
CHLD 25412 0.000000 1773012595.1532
CHLD 36952 0.000000 1773012595.1532
CHLD 61868 141.027344 1773012595.1532
MEM 0.000000 1773012595.2572
CHLD 25412 0.000000 1773012595.2615
CHLD 36952 0.000000 1773012595.2615
CHLD 61868 141.917969 1773012595.2615
MEM 0.000000 1773012595.3649
CHLD 25412 0.000000 1773012595.3724
CHLD 36952 0.000000 1773012595.3724
CHLD 61868 142.828125 1773012595.3724
MEM 0.000000 1773012595.4725
CHLD 25412 0.000000 1773012595.4778
CHLD 36952 0.000000 1773012595.4778
CHLD 61868 143.746094 1773012595.4778
MEM 0.000000 1773012595.5795
CHLD 25412 0.000000 1773012595.5862
CHLD 36952 0.000000 1773012595.5862
CHLD 61868 144.613281 1773012595.5862
MEM 0.000000 1773012595.6881
CHLD 25412 0.000000 1773012595.6932
CHLD 36952 0.000000 1773012595.6932
CHLD 61868 145.558594 1773012595.6932
MEM 0.000000 1773012595.7960
CHLD 25412 0.000000 1773012595.8011
CHLD 36952 0.000000 1773012595.8011
CHLD 61868 146.511719 1773012595.8011
MEM 0.000000 1773012595.9041
CHLD 25412 0.000000 1773012595.9105
CHLD 36952 0.000000 1773012595.9105
CHLD 61868 147.496094 1773012595.9105
MEM 0.000000 1773012596.0123
CHLD 25412 0.000000 1773012596.0183
CHLD 36952 0.000000 1773012596.0183
CHLD 61868 148.429688 1773012596.0183
MEM 0.000000 1773012596.1204
CHLD 25412 0.000000 1773012596.1254
CHLD 36952 0.000000 1773012596.1254
CHLD 61868 149.343750 1773012596.1254
MEM 0.000000 1773012596.2283
CHLD 25412 0.000000 1773012596.2363
CHLD 36952 0.000000 1773012596.2363
CHLD 61868 150.332031 1773012596.2363
MEM 0.000000 1773012596.3369
CHLD 25412 0.000000 1773012596.3426
CHLD 36952 0.000000 1773012596.3426
CHLD 61868 151.242188 1773012596.3426
MEM 0.000000 1773012596.4445
CHLD 25412 0.000000 1773012596.4520
CHLD 36952 0.000000 1773012596.4520
CHLD 61868 152.218750 1773012596.4520
MEM 0.000000 1773012596.5524
CHLD 25412 0.000000 1773012596.5595
CHLD 36952 0.000000 1773012596.5595
CHLD 61868 153.105469 1773012596.5595
MEM 0.000000 1773012596.6632
CHLD 25412 0.000000 1773012596.6702
CHLD 36952 0.000000 1773012596.6702
CHLD 61868 154.132812 1773012596.6702
MEM 0.000000 1773012596.7710
CHLD 25412 0.000000 1773012596.7770
CHLD 36952 0.000000 1773012596.7770
CHLD 61868 155.101562 1773012596.7770
MEM 0.000000 1773012596.8787
CHLD 25412 0.000000 1773012596.8854
CHLD 36952 0.000000 1773012596.8854
CHLD 61868 156.031250 1773012596.8854
MEM 0.000000 1773012596.9864
CHLD 25412 0.000000 1773012596.9896
CHLD 36952 0.000000 1773012596.9896
CHLD 61868 157.039062 1773012596.9896
MEM 0.000000 1773012597.0941
CHLD 25412 0.000000 1773012597.1011
CHLD 36952 0.000000 1773012597.1011
CHLD 61868 157.976562 1773012597.1011
MEM 0.000000 1773012597.2018
CHLD 25412 0.000000 1773012597.2051
CHLD 36952 0.000000 1773012597.2051
CHLD 61868 158.910156 1773012597.2051
MEM 0.000000 1773012597.3085
CHLD 25412 0.000000 1773012597.3123
CHLD 36952 0.000000 1773012597.3123
CHLD 61868 159.894531 1773012597.3123
MEM 0.000000 1773012597.4163
CHLD 25412 0.000000 1773012597.4218
CHLD 36952 0.000000 1773012597.4218
CHLD 61868 160.890625 1773012597.4218
MEM 0.000000 1773012597.5238
CHLD 25412 0.000000 1773012597.5308
CHLD 36952 0.000000 1773012597.5308
CHLD 61868 161.871094 1773012597.5308
MEM 0.000000 1773012597.6315
CHLD 25412 0.000000 1773012597.6385
CHLD 36952 0.000000 1773012597.6385
CHLD 61868 162.750000 1773012597.6385
MEM 0.000000 1773012597.7395
CHLD 25412 0.000000 1773012597.7467
CHLD 36952 0.000000 1773012597.7467
CHLD 61868 163.730469 1773012597.7467
MEM 0.000000 1773012597.8492
CHLD 25412 0.000000 1773012597.8546
CHLD 36952 0.000000 1773012597.8546
CHLD 61868 164.726562 1773012597.8546
MEM 0.000000 1773012597.9566
CHLD 25412 0.000000 1773012597.9626
CHLD 36952 0.000000 1773012597.9626
CHLD 61868 165.617188 1773012597.9626
MEM 0.000000 1773012598.0650
CHLD 25412 0.000000 1773012598.0676
CHLD 36952 0.000000 1773012598.0676
CHLD 61868 166.550781 1773012598.0676
MEM 0.000000 1773012598.1728
CHLD 25412 0.000000 1773012598.1792
CHLD 36952 0.000000 1773012598.1792
CHLD 61868 167.441406 1773012598.1792
MEM 0.000000 1773012598.2806
CHLD 25412 0.000000 1773012598.2867
CHLD 36952 0.000000 1773012598.2867
CHLD 61868 168.367188 1773012598.2867
MEM 0.000000 1773012598.3881
CHLD 25412 0.000000 1773012598.3918
CHLD 36952 0.000000 1773012598.3918
CHLD 61868 169.394531 1773012598.3918
MEM 0.000000 1773012598.4956
CHLD 25412 0.000000 1773012598.5018
CHLD 36952 0.000000 1773012598.5018
CHLD 61868 170.359375 1773012598.5018
MEM 0.000000 1773012598.6029
CHLD 25412 0.000000 1773012598.6082
CHLD 36952 0.000000 1773012598.6082
CHLD 61868 171.289062 1773012598.6082
MEM 0.000000 1773012598.7101
CHLD 25412 0.000000 1773012598.7159
CHLD 36952 0.000000 1773012598.7159
CHLD 61868 172.269531 1773012598.7159
MEM 0.000000 1773012598.8178
CHLD 25412 0.000000 1773012598.8248
CHLD 36952 0.000000 1773012598.8248
CHLD 61868 173.222656 1773012598.8248
MEM 0.000000 1773012598.9257
CHLD 25412 0.000000 1773012598.9292
CHLD 36952 0.000000 1773012598.9292
CHLD 61868 174.199219 1773012598.9292
MEM 0.000000 1773012599.0322
CHLD 25412 0.000000 1773012599.0392
CHLD 36952 0.000000 1773012599.0392
CHLD 61868 175.160156 1773012599.0392
MEM 0.000000 1773012599.1402
CHLD 25412 0.000000 1773012599.1466
CHLD 36952 0.000000 1773012599.1466
CHLD 61868 176.156250 1773012599.1466
MEM 0.000000 1773012599.2481
CHLD 25412 0.000000 1773012599.2551
CHLD 36952 0.000000 1773012599.2551
CHLD 61868 177.066406 1773012599.2551
MEM 0.000000 1773012599.3557
CHLD 25412 0.000000 1773012599.3598
CHLD 36952 0.000000 1773012599.3598
CHLD 61868 178.050781 1773012599.3598
MEM 0.000000 1773012599.4647
CHLD 25412 0.000000 1773012599.4736
CHLD 36952 0.000000 1773012599.4736
CHLD 61868 179.101562 1773012599.4736
MEM 0.000000 1773012599.5747
CHLD 25412 0.000000 1773012599.5808
CHLD 36952 0.000000 1773012599.5808
CHLD 61868 180.023438 1773012599.5808
MEM 0.000000 1773012599.6830
CHLD 25412 0.000000 1773012599.6932
CHLD 36952 0.000000 1773012599.6932
CHLD 61868 180.925781 1773012599.6932
MEM 0.000000 1773012599.7936
CHLD 25412 0.000000 1773012599.8006
CHLD 36952 0.000000 1773012599.8006
CHLD 61868 181.570312 1773012599.8006
MEM 0.000000 1773012599.9030
CHLD 25412 0.000000 1773012599.9080
CHLD 36952 0.000000 1773012599.9080
CHLD 61868 182.429688 1773012599.9080
MEM 0.000000 1773012600.0100
CHLD 25412 0.000000 1773012600.0193
CHLD 36952 0.000000 1773012600.0193
CHLD 61868 183.398438 1773012600.0193
MEM 0.000000 1773012600.1200
CHLD 25412 0.000000 1773012600.1238
CHLD 36952 0.000000 1773012600.1238
CHLD 61868 184.289062 1773012600.1238
MEM 0.000000 1773012600.2278
CHLD 25412 0.000000 1773012600.2345
CHLD 36952 0.000000 1773012600.2345
CHLD 61868 185.222656 1773012600.2345
MEM 0.000000 1773012600.3358
CHLD 25412 0.000000 1773012600.3418
CHLD 36952 0.000000 1773012600.3418
CHLD 61868 186.144531 1773012600.3418
MEM 0.000000 1773012600.4434
CHLD 25412 0.000000 1773012600.4522
CHLD 36952 0.000000 1773012600.4522
CHLD 61868 187.152344 1773012600.4522
MEM 0.000000 1773012600.5533
CHLD 25412 0.000000 1773012600.5603
CHLD 36952 0.000000 1773012600.5603
CHLD 61868 188.121094 1773012600.5603
MEM 0.000000 1773012600.6611
CHLD 25412 0.000000 1773012600.6653
CHLD 36952 0.000000 1773012600.6653
CHLD 61868 189.101562 1773012600.6653
MEM 0.000000 1773012600.7693
CHLD 25412 0.000000 1773012600.7732
CHLD 36952 0.000000 1773012600.7732
CHLD 61868 190.027344 1773012600.7732
MEM 0.000000 1773012600.8770
CHLD 25412 0.000000 1773012600.8820
CHLD 36952 0.000000 1773012600.8820
CHLD 61868 191.023438 1773012600.8820
MEM 0.000000 1773012600.9852
CHLD 25412 0.000000 1773012600.9910
CHLD 36952 0.000000 1773012600.9910
CHLD 61868 191.871094 1773012600.9910
MEM 0.000000 1773012601.0938
CHLD 25412 0.000000 1773012601.0971
CHLD 36952 0.000000 1773012601.0971
CHLD 61868 192.867188 1773012601.0971
MEM 0.000000 1773012601.2021
CHLD 25412 0.000000 1773012601.2092
CHLD 36952 0.000000 1773012601.2092
CHLD 61868 193.742188 1773012601.2092
MEM 0.000000 1773012601.3106
CHLD 25412 0.000000 1773012601.3171
CHLD 36952 0.000000 1773012601.3171
CHLD 61868 194.640625 1773012601.3171
MEM 0.000000 1773012601.4181
CHLD 25412 0.000000 1773012601.4251
CHLD 36952 0.000000 1773012601.4251
CHLD 61868 195.671875 1773012601.4251
MEM 0.000000 1773012601.5260
CHLD 25412 0.000000 1773012601.5327
CHLD 36952 0.000000 1773012601.5327
CHLD 61868 196.625000 1773012601.5327
MEM 0.000000 1773012601.6341
CHLD 25412 0.000000 1773012601.6415
CHLD 36952 0.000000 1773012601.6415
CHLD 61868 197.625000 1773012601.6415
MEM 0.000000 1773012601.7421
CHLD 25412 0.000000 1773012601.7446
CHLD 36952 0.000000 1773012601.7446
CHLD 61868 198.531250 1773012601.7446
MEM 0.000000 1773012601.8497
CHLD 25412 0.000000 1773012601.8567
CHLD 36952 0.000000 1773012601.8567
CHLD 61868 199.476562 1773012601.8567
MEM 0.000000 1773012601.9574
CHLD 25412 0.000000 1773012601.9631
CHLD 36952 0.000000 1773012601.9631
CHLD 61868 200.527344 1773012601.9631
MEM 0.000000 1773012602.0641
CHLD 25412 0.000000 1773012602.0674
CHLD 36952 0.000000 1773012602.0674
CHLD 61868 201.417969 1773012602.0674
MEM 0.000000 1773012602.1722
CHLD 25412 0.000000 1773012602.1782
CHLD 36952 0.000000 1773012602.1782
CHLD 61868 202.355469 1773012602.1782
MEM 0.000000 1773012602.2800
CHLD 25412 0.000000 1773012602.2850
CHLD 36952 0.000000 1773012602.2850
CHLD 61868 203.277344 1773012602.2850
MEM 0.000000 1773012602.3881
CHLD 25412 0.000000 1773012602.3955
CHLD 36952 0.000000 1773012602.3955
CHLD 61868 204.222656 1773012602.3955
MEM 0.000000 1773012602.4964
CHLD 25412 0.000000 1773012602.5038
CHLD 36952 0.000000 1773012602.5038
CHLD 61868 205.234375 1773012602.5038
MEM 0.000000 1773012602.6044
CHLD 25412 0.000000 1773012602.6092
CHLD 36952 0.000000 1773012602.6092
CHLD 61868 206.125000 1773012602.6092
MEM 0.000000 1773012602.7124
CHLD 25412 0.000000 1773012602.7176
CHLD 36952 0.000000 1773012602.7176
CHLD 61868 207.050781 1773012602.7176
MEM 0.000000 1773012602.8202
CHLD 25412 0.000000 1773012602.8267
CHLD 36952 0.000000 1773012602.8267
CHLD 61868 208.035156 1773012602.8267
MEM 0.000000 1773012602.9282
CHLD 25412 0.000000 1773012602.9339
CHLD 36952 0.000000 1773012602.9339
CHLD 61868 209.042969 1773012602.9339
MEM 0.000000 1773012603.0359
CHLD 25412 0.000000 1773012603.0434
CHLD 36952 0.000000 1773012603.0434
CHLD 61868 209.980469 1773012603.0434
MEM 0.000000 1773012603.1442
CHLD 25412 0.000000 1773012603.1543
CHLD 36952 0.000000 1773012603.1543
CHLD 61868 210.820312 1773012603.1543
MEM 0.000000 1773012603.2563
CHLD 25412 0.000000 1773012603.2624
CHLD 36952 0.000000 1773012603.2624
CHLD 61868 211.593750 1773012603.2624
MEM 0.000000 1773012603.3654
CHLD 25412 0.000000 1773012603.3704
CHLD 36952 0.000000 1773012603.3704
CHLD 61868 212.476562 1773012603.3704
MEM 0.000000 1773012603.4737
CHLD 25412 0.000000 1773012603.4805
CHLD 36952 0.000000 1773012603.4805
CHLD 61868 213.421875 1773012603.4805
MEM 0.000000 1773012603.5814
CHLD 25412 0.000000 1773012603.5899
CHLD 36952 0.000000 1773012603.5899
CHLD 61868 214.312500 1773012603.5899
MEM 0.000000 1773012603.6907
CHLD 25412 0.000000 1773012603.6972
CHLD 36952 0.000000 1773012603.6972
CHLD 61868 215.332031 1773012603.6972
MEM 0.000000 1773012603.7995
CHLD 25412 0.000000 1773012603.8046
CHLD 36952 0.000000 1773012603.8046
CHLD 61868 216.281250 1773012603.8046
MEM 0.000000 1773012603.9079
CHLD 25412 0.000000 1773012603.9142
CHLD 36952 0.000000 1773012603.9142
CHLD 61868 217.210938 1773012603.9142
MEM 0.000000 1773012604.0163
CHLD 25412 0.000000 1773012604.0233
CHLD 36952 0.000000 1773012604.0233
CHLD 61868 218.187500 1773012604.0233
MEM 0.000000 1773012604.1241
CHLD 25412 0.000000 1773012604.1299
CHLD 36952 0.000000 1773012604.1299
CHLD 61868 219.132812 1773012604.1299
MEM 0.000000 1773012604.2307
CHLD 25412 0.000000 1773012604.2380
CHLD 36952 0.000000 1773012604.2380
CHLD 61868 219.957031 1773012604.2380
MEM 0.011719 1773012604.3400
CHLD 25412 0.015625 1773012604.3458
CHLD 36952 0.015625 1773012604.3458
CHLD 61868 220.921875 1773012604.3458
MEM 0.011719 1773012604.4473
CHLD 25412 0.015625 1773012604.4580
CHLD 36952 0.015625 1773012604.4580
CHLD 61868 221.785156 1773012604.4580
MEM 0.011719 1773012604.5599
CHLD 25412 0.015625 1773012604.5669
CHLD 36952 0.015625 1773012604.5669
CHLD 61868 222.738281 1773012604.5669
MEM 0.011719 1773012604.6675
CHLD 25412 0.015625 1773012604.6694
CHLD 36952 0.015625 1773012604.6744
CHLD 61868 223.628906 1773012604.6744
MEM 0.011719 1773012604.7745
CHLD 25412 0.015625 1773012604.7795
CHLD 36952 0.015625 1773012604.7795
CHLD 61868 224.523438 1773012604.7795
MEM 0.011719 1773012604.8823
CHLD 25412 0.015625 1773012604.8901
CHLD 36952 0.015625 1773012604.8901
CHLD 61868 225.457031 1773012604.8901
MEM 0.011719 1773012604.9907
CHLD 25412 0.015625 1773012604.9965
CHLD 36952 0.015625 1773012604.9965
CHLD 61868 226.382812 1773012604.9965
MEM 0.011719 1773012605.0986
CHLD 25412 0.015625 1773012605.1008
CHLD 36952 0.015625 1773012605.1008
CHLD 61868 227.316406 1773012605.1008
MEM 0.011719 1773012605.2060
CHLD 25412 0.015625 1773012605.2112
CHLD 36952 0.015625 1773012605.2112
CHLD 61868 228.261719 1773012605.2112
MEM 0.011719 1773012605.3139
CHLD 25412 0.015625 1773012605.3209
CHLD 36952 0.015625 1773012605.3209
CHLD 61868 229.136719 1773012605.3209
MEM 0.011719 1773012605.4222
CHLD 25412 0.015625 1773012605.4282
CHLD 36952 0.015625 1773012605.4282
CHLD 61868 230.128906 1773012605.4282
MEM 0.011719 1773012605.5294
CHLD 25412 0.015625 1773012605.5351
CHLD 36952 0.015625 1773012605.5351
CHLD 61868 231.015625 1773012605.5351
MEM 0.011719 1773012605.6379
CHLD 25412 0.015625 1773012605.6414
CHLD 36952 0.015625 1773012605.6414
CHLD 61868 231.957031 1773012605.6414
MEM 0.011719 1773012605.7447
CHLD 25412 0.015625 1773012605.7498
CHLD 36952 0.015625 1773012605.7498
CHLD 61868 232.863281 1773012605.7498
MEM 0.011719 1773012605.8528
CHLD 25412 0.015625 1773012605.8596
CHLD 36952 0.015625 1773012605.8596
CHLD 61868 233.789062 1773012605.8596
MEM 0.011719 1773012605.9614
CHLD 25412 0.015625 1773012605.9669
CHLD 36952 0.015625 1773012605.9669
CHLD 61868 234.800781 1773012605.9669
MEM 0.011719 1773012606.0688
CHLD 25412 0.015625 1773012606.0729
CHLD 36952 0.015625 1773012606.0729
CHLD 61868 235.699219 1773012606.0729
MEM 0.011719 1773012606.1770
CHLD 25412 0.015625 1773012606.1821
CHLD 36952 0.015625 1773012606.1821
CHLD 61868 236.570312 1773012606.1821
MEM 0.011719 1773012606.2853
CHLD 25412 0.015625 1773012606.2919
CHLD 36952 0.015625 1773012606.2919
CHLD 61868 237.468750 1773012606.2919
MEM 0.011719 1773012606.3937
CHLD 25412 0.015625 1773012606.4007
CHLD 36952 0.015625 1773012606.4007
CHLD 61868 238.402344 1773012606.4007
MEM 0.011719 1773012606.5016
CHLD 25412 0.015625 1773012606.5084
CHLD 36952 0.015625 1773012606.5084
CHLD 61868 239.390625 1773012606.5084
MEM 0.011719 1773012606.6096
CHLD 25412 0.015625 1773012606.6146
CHLD 36952 0.015625 1773012606.6146
CHLD 61868 240.308594 1773012606.6146
MEM 0.011719 1773012606.7167
CHLD 25412 0.015625 1773012606.7238
CHLD 36952 0.015625 1773012606.7238
CHLD 61868 241.308594 1773012606.7238
MEM 0.011719 1773012606.8245
CHLD 25412 0.015625 1773012606.8303
CHLD 36952 0.015625 1773012606.8303
CHLD 61868 242.242188 1773012606.8303
MEM 0.011719 1773012606.9322
CHLD 25412 0.015625 1773012606.9366
CHLD 36952 0.015625 1773012606.9366
CHLD 61868 243.152344 1773012606.9366
MEM 0.011719 1773012607.0403
CHLD 25412 0.015625 1773012607.0431
CHLD 36952 0.015625 1773012607.0431
CHLD 61868 244.117188 1773012607.0431
MEM 0.011719 1773012607.1479
CHLD 25412 0.015625 1773012607.1496
CHLD 36952 0.015625 1773012607.1496
CHLD 61868 245.074219 1773012607.1496
MEM 0.011719 1773012607.2554
CHLD 25412 0.015625 1773012607.2581
CHLD 36952 0.015625 1773012607.2581
CHLD 61868 246.000000 1773012607.2581
MEM 0.011719 1773012607.3625
CHLD 25412 0.015625 1773012607.3685
CHLD 36952 0.015625 1773012607.3685
CHLD 61868 246.898438 1773012607.3685
MEM 0.011719 1773012607.4696
CHLD 25412 0.015625 1773012607.4746
CHLD 36952 0.015625 1773012607.4746
CHLD 61868 247.878906 1773012607.4746
MEM 0.011719 1773012607.5768
CHLD 25412 0.015625 1773012607.5828
CHLD 36952 0.015625 1773012607.5828
CHLD 61868 248.867188 1773012607.5828
MEM 0.011719 1773012607.6838
CHLD 25412 0.015625 1773012607.6895
CHLD 36952 0.015625 1773012607.6895
CHLD 61868 249.765625 1773012607.6895
MEM 0.011719 1773012607.7913
CHLD 25412 0.015625 1773012607.7994
CHLD 36952 0.015625 1773012607.7994
CHLD 61868 250.757812 1773012607.7994
MEM 0.011719 1773012607.9004
CHLD 25412 0.015625 1773012607.9042
CHLD 36952 0.015625 1773012607.9042
CHLD 61868 251.757812 1773012607.9042
MEM 0.011719 1773012608.0082
CHLD 25412 0.015625 1773012608.0142
CHLD 36952 0.015625 1773012608.0142
CHLD 61868 252.695312 1773012608.0142
MEM 0.011719 1773012608.1175
CHLD 25412 0.015625 1773012608.1245
CHLD 36952 0.015625 1773012608.1245
CHLD 61868 253.644531 1773012608.1245
MEM 0.011719 1773012608.2263
CHLD 25412 0.015625 1773012608.2323
CHLD 36952 0.015625 1773012608.2323
CHLD 61868 254.628906 1773012608.2323
MEM 0.011719 1773012608.3340
CHLD 25412 0.015625 1773012608.3380
CHLD 36952 0.015625 1773012608.3380
CHLD 61868 255.566406 1773012608.3380
MEM 0.011719 1773012608.4424
CHLD 25412 0.015625 1773012608.4494
CHLD 36952 0.015625 1773012608.4494
CHLD 61868 256.558594 1773012608.4494
MEM 0.011719 1773012608.5519
CHLD 25412 0.015625 1773012608.5573
CHLD 36952 0.015625 1773012608.5573
CHLD 61868 257.542969 1773012608.5573
MEM 0.011719 1773012608.6611
CHLD 25412 0.015625 1773012608.6659
CHLD 36952 0.015625 1773012608.6659
CHLD 61868 258.472656 1773012608.6659
MEM 0.011719 1773012608.7696
CHLD 25412 0.015625 1773012608.7747
CHLD 36952 0.015625 1773012608.7747
CHLD 61868 259.460938 1773012608.7747
MEM 0.011719 1773012608.8761
CHLD 25412 0.015625 1773012608.8831
CHLD 36952 0.015625 1773012608.8831
CHLD 61868 260.382812 1773012608.8831
MEM 0.011719 1773012608.9838
CHLD 25412 0.015625 1773012608.9876
CHLD 36952 0.015625 1773012608.9876
CHLD 61868 261.367188 1773012608.9876
MEM 0.011719 1773012609.0918
CHLD 25412 0.015625 1773012609.0972
CHLD 36952 0.015625 1773012609.0972
CHLD 61868 262.289062 1773012609.0972
MEM 0.011719 1773012609.1990
CHLD 25412 0.015625 1773012609.2061
CHLD 36952 0.015625 1773012609.2061
CHLD 61868 263.191406 1773012609.2061
MEM 0.011719 1773012609.3065
CHLD 25412 0.015625 1773012609.3135
CHLD 36952 0.015625 1773012609.3135
CHLD 61868 264.117188 1773012609.3135
MEM 0.011719 1773012609.4153
CHLD 25412 0.015625 1773012609.4202
CHLD 36952 0.015625 1773012609.4202
CHLD 61868 265.097656 1773012609.4202
MEM 0.011719 1773012609.5246
CHLD 25412 0.015625 1773012609.5309
CHLD 36952 0.015625 1773012609.5309
CHLD 61868 266.078125 1773012609.5309
MEM 0.011719 1773012609.6326
CHLD 25412 0.015625 1773012609.6387
CHLD 36952 0.015625 1773012609.6387
CHLD 61868 267.039062 1773012609.6387
MEM 0.011719 1773012609.7406
CHLD 25412 0.015625 1773012609.7431
CHLD 36952 0.015625 1773012609.7431
CHLD 61868 268.003906 1773012609.7431
MEM 0.011719 1773012609.8486
CHLD 25412 0.015625 1773012609.8519
CHLD 36952 0.015625 1773012609.8519
CHLD 61868 268.996094 1773012609.8519
MEM 0.011719 1773012609.9563
CHLD 25412 0.015625 1773012609.9609
CHLD 36952 0.015625 1773012609.9609
CHLD 61868 270.015625 1773012609.9609
MEM 0.011719 1773012610.0643
CHLD 25412 0.015625 1773012610.0696
CHLD 36952 0.015625 1773012610.0696
CHLD 61868 270.972656 1773012610.0696
MEM 0.011719 1773012610.1728
CHLD 25412 0.015625 1773012610.1776
CHLD 36952 0.015625 1773012610.1776
CHLD 61868 271.863281 1773012610.1776
MEM 0.011719 1773012610.2807
CHLD 25412 0.015625 1773012610.2877
CHLD 36952 0.015625 1773012610.2877
CHLD 61868 272.839844 1773012610.2877
MEM 0.011719 1773012610.3889
CHLD 25412 0.015625 1773012610.3943
CHLD 36952 0.015625 1773012610.3943
CHLD 61868 273.847656 1773012610.3943
MEM 0.011719 1773012610.4969
CHLD 25412 0.015625 1773012610.5043
CHLD 36952 0.015625 1773012610.5043
CHLD 61868 274.773438 1773012610.5043
MEM 0.011719 1773012610.6052
CHLD 25412 0.015625 1773012610.6087
CHLD 36952 0.015625 1773012610.6087
CHLD 61868 275.738281 1773012610.6087
MEM 0.011719 1773012610.7128
CHLD 25412 0.015625 1773012610.7176
CHLD 36952 0.015625 1773012610.7176
CHLD 61868 276.687500 1773012610.7176
MEM 0.011719 1773012610.8205
CHLD 25412 0.015625 1773012610.8232
CHLD 36952 0.015625 1773012610.8232
CHLD 61868 277.695312 1773012610.8232
MEM 0.011719 1773012610.9266
CHLD 25412 0.015625 1773012610.9318
CHLD 36952 0.015625 1773012610.9318
CHLD 61868 278.613281 1773012610.9318
MEM 0.011719 1773012611.0348
CHLD 25412 0.015625 1773012611.0411
CHLD 36952 0.015625 1773012611.0411
CHLD 61868 279.554688 1773012611.0411
MEM 0.011719 1773012611.1429
CHLD 25412 0.015625 1773012611.1482
CHLD 36952 0.015625 1773012611.1482
CHLD 61868 280.546875 1773012611.1482
MEM 0.011719 1773012611.2512
CHLD 25412 0.015625 1773012611.2579
CHLD 36952 0.015625 1773012611.2579
CHLD 61868 281.511719 1773012611.2579
MEM 0.011719 1773012611.3596
CHLD 25412 0.015625 1773012611.3622
CHLD 36952 0.015625 1773012611.3622
CHLD 61868 282.414062 1773012611.3622
MEM 0.011719 1773012611.4677
CHLD 25412 0.015625 1773012611.4747
CHLD 36952 0.015625 1773012611.4747
CHLD 61868 283.402344 1773012611.4747
MEM 0.011719 1773012611.5761
CHLD 25412 0.015625 1773012611.5793
CHLD 36952 0.015625 1773012611.5793
CHLD 61868 284.398438 1773012611.5793
MEM 0.011719 1773012611.6842
CHLD 25412 0.015625 1773012611.6886
CHLD 36952 0.015625 1773012611.6886
CHLD 61868 285.363281 1773012611.6886
MEM 0.011719 1773012611.7919
CHLD 25412 0.015625 1773012611.7989
CHLD 36952 0.015625 1773012611.7989
CHLD 61868 286.347656 1773012611.7989
MEM 0.011719 1773012611.8996
CHLD 25412 0.015625 1773012611.9069
CHLD 36952 0.015625 1773012611.9069
CHLD 61868 287.277344 1773012611.9069
MEM 0.011719 1773012612.0090
CHLD 25412 0.015625 1773012612.0160
CHLD 36952 0.015625 1773012612.0160
CHLD 61868 288.136719 1773012612.0160
MEM 0.011719 1773012612.1167
CHLD 25412 0.015625 1773012612.1257
CHLD 36952 0.015625 1773012612.1257
CHLD 61868 289.058594 1773012612.1257
MEM 0.011719 1773012612.2270
CHLD 25412 0.015625 1773012612.2322
CHLD 36952 0.015625 1773012612.2322
CHLD 61868 290.023438 1773012612.2322
MEM 0.011719 1773012612.3348
CHLD 25412 0.015625 1773012612.3426
CHLD 36952 0.015625 1773012612.3426
CHLD 61868 290.988281 1773012612.3426
MEM 0.011719 1773012612.4428
CHLD 25412 0.015625 1773012612.4481
CHLD 36952 0.015625 1773012612.4481
CHLD 61868 291.953125 1773012612.4481
MEM 0.011719 1773012612.5498
CHLD 25412 0.015625 1773012612.5569
CHLD 36952 0.015625 1773012612.5569
CHLD 61868 292.890625 1773012612.5569
MEM 0.011719 1773012612.6577
CHLD 25412 0.015625 1773012612.6647
CHLD 36952 0.015625 1773012612.6647
CHLD 61868 293.863281 1773012612.6647
MEM 0.011719 1773012612.7660
CHLD 25412 0.015625 1773012612.7718
CHLD 36952 0.015625 1773012612.7718
CHLD 61868 294.832031 1773012612.7718
MEM 0.011719 1773012612.8738
CHLD 25412 0.015625 1773012612.8808
CHLD 36952 0.015625 1773012612.8808
CHLD 61868 295.800781 1773012612.8808
MEM 0.011719 1773012612.9818
CHLD 25412 0.015625 1773012612.9904
CHLD 36952 0.015625 1773012612.9904
CHLD 61868 296.753906 1773012612.9904
MEM 0.011719 1773012613.0905
CHLD 25412 0.015625 1773012613.0962
CHLD 36952 0.015625 1773012613.0962
CHLD 61868 297.785156 1773012613.0962
MEM 0.011719 1773012613.1984
CHLD 25412 0.015625 1773012613.2044
CHLD 36952 0.015625 1773012613.2044
CHLD 61868 298.691406 1773012613.2044
MEM 0.011719 1773012613.3063
CHLD 25412 0.015625 1773012613.3136
CHLD 36952 0.015625 1773012613.3136
CHLD 61868 299.644531 1773012613.3136
MEM 0.011719 1773012613.4141
CHLD 25412 0.015625 1773012613.4212
CHLD 36952 0.015625 1773012613.4212
CHLD 61868 300.656250 1773012613.4212
MEM 0.011719 1773012613.5222
CHLD 25412 0.015625 1773012613.5292
CHLD 36952 0.015625 1773012613.5292
CHLD 61868 301.578125 1773012613.5292
MEM 0.011719 1773012613.6301
CHLD 25412 0.015625 1773012613.6372
CHLD 36952 0.015625 1773012613.6372
CHLD 61868 302.554688 1773012613.6372
MEM 0.011719 1773012613.7381
CHLD 25412 0.015625 1773012613.7416
CHLD 36952 0.015625 1773012613.7416
CHLD 61868 303.523438 1773012613.7416
MEM 0.011719 1773012613.8452
CHLD 25412 0.015625 1773012613.8505
CHLD 36952 0.015625 1773012613.8505
CHLD 61868 304.425781 1773012613.8505
MEM 0.011719 1773012613.9519
CHLD 25412 0.015625 1773012613.9570
CHLD 36952 0.015625 1773012613.9570
CHLD 61868 305.347656 1773012613.9570
MEM 0.011719 1773012614.0598
CHLD 25412 0.015625 1773012614.0654
CHLD 36952 0.015625 1773012614.0654
CHLD 61868 306.253906 1773012614.0654
MEM 0.011719 1773012614.1673
CHLD 25412 0.015625 1773012614.1744
CHLD 36952 0.015625 1773012614.1744
CHLD 61868 307.324219 1773012614.1744
MEM 0.011719 1773012614.2749
CHLD 25412 0.015625 1773012614.2819
CHLD 36952 0.015625 1773012614.2819
CHLD 61868 308.156250 1773012614.2819
MEM 0.011719 1773012614.3823
CHLD 25412 0.015625 1773012614.3901
CHLD 36952 0.015625 1773012614.3901
CHLD 61868 309.175781 1773012614.3901
MEM 0.011719 1773012614.4907
CHLD 25412 0.015625 1773012614.4978
CHLD 36952 0.015625 1773012614.4978
CHLD 61868 310.062500 1773012614.4978
MEM 0.011719 1773012614.5986
CHLD 25412 0.015625 1773012614.6046
CHLD 36952 0.015625 1773012614.6046
CHLD 61868 311.003906 1773012614.6046
MEM 0.011719 1773012614.7064
CHLD 25412 0.015625 1773012614.7135
CHLD 36952 0.015625 1773012614.7135
CHLD 61868 311.984375 1773012614.7135
MEM 0.011719 1773012614.8145
CHLD 25412 0.015625 1773012614.8205
CHLD 36952 0.015625 1773012614.8205
CHLD 61868 312.957031 1773012614.8205
MEM 0.011719 1773012614.9217
CHLD 25412 0.015625 1773012614.9256
CHLD 36952 0.015625 1773012614.9256
CHLD 61868 313.898438 1773012614.9256
MEM 0.011719 1773012615.0291
CHLD 25412 0.015625 1773012615.0362
CHLD 36952 0.015625 1773012615.0362
CHLD 61868 314.859375 1773012615.0362
MEM 0.011719 1773012615.1364
CHLD 25412 0.015625 1773012615.1406
CHLD 36952 0.015625 1773012615.1406
CHLD 61868 315.839844 1773012615.1406
MEM 0.011719 1773012615.2439
CHLD 25412 0.015625 1773012615.2510
CHLD 36952 0.015625 1773012615.2510
CHLD 61868 316.761719 1773012615.2510
MEM 0.011719 1773012615.3514
CHLD 25412 0.015625 1773012615.3584
CHLD 36952 0.015625 1773012615.3584
CHLD 61868 317.761719 1773012615.3584
MEM 0.011719 1773012615.4598
CHLD 25412 0.015625 1773012615.4658
CHLD 36952 0.015625 1773012615.4658
CHLD 61868 318.667969 1773012615.4658
MEM 0.011719 1773012615.5672
CHLD 25412 0.015625 1773012615.5734
CHLD 36952 0.015625 1773012615.5734
CHLD 61868 319.644531 1773012615.5734
MEM 0.011719 1773012615.6749
CHLD 25412 0.015625 1773012615.6819
CHLD 36952 0.015625 1773012615.6819
CHLD 61868 320.632812 1773012615.6819
MEM 0.011719 1773012615.7837
CHLD 25412 0.015625 1773012615.7855
CHLD 36952 0.015625 1773012615.7855
CHLD 61868 321.550781 1773012615.7855
MEM 0.011719 1773012615.8912
CHLD 25412 0.015625 1773012615.8952
CHLD 36952 0.015625 1773012615.8952
CHLD 61868 322.492188 1773012615.8952
MEM 0.011719 1773012615.9986
CHLD 25412 0.015625 1773012616.0075
CHLD 36952 0.015625 1773012616.0075
CHLD 61868 323.480469 1773012616.0075
MEM 0.011719 1773012616.1088
CHLD 25412 0.015625 1773012616.1148
CHLD 36952 0.015625 1773012616.1148
CHLD 61868 324.460938 1773012616.1148
MEM 0.011719 1773012616.2159
CHLD 25412 0.015625 1773012616.2222
CHLD 36952 0.015625 1773012616.2222
CHLD 61868 325.410156 1773012616.2222
MEM 0.011719 1773012616.3240
CHLD 25412 0.015625 1773012616.3290
CHLD 36952 0.015625 1773012616.3290
CHLD 61868 326.316406 1773012616.3290
MEM 0.011719 1773012616.4309
CHLD 25412 0.015625 1773012616.4380
CHLD 36952 0.015625 1773012616.4380
CHLD 61868 327.285156 1773012616.4380
MEM 0.011719 1773012616.5410
CHLD 25412 0.015625 1773012616.5462
CHLD 36952 0.015625 1773012616.5462
CHLD 61868 328.253906 1773012616.5462
MEM 0.011719 1773012616.6502
CHLD 25412 0.015625 1773012616.6579
CHLD 36952 0.015625 1773012616.6579
CHLD 61868 329.152344 1773012616.6579
MEM 0.011719 1773012616.7581
CHLD 25412 0.015625 1773012616.7667
CHLD 36952 0.015625 1773012616.7667
CHLD 61868 330.078125 1773012616.7667
MEM 0.011719 1773012616.8674
CHLD 25412 0.015625 1773012616.8744
CHLD 36952 0.015625 1773012616.8744
CHLD 61868 331.019531 1773012616.8744
MEM 0.011719 1773012616.9755
CHLD 25412 0.015625 1773012616.9815
CHLD 36952 0.015625 1773012616.9815
CHLD 61868 331.980469 1773012616.9815
MEM 0.011719 1773012617.0837
CHLD 25412 0.015625 1773012617.0895
CHLD 36952 0.015625 1773012617.0895
CHLD 61868 333.000000 1773012617.0895
MEM 0.011719 1773012617.1916
CHLD 25412 0.015625 1773012617.1943
CHLD 36952 0.015625 1773012617.1943
CHLD 61868 333.898438 1773012617.1943
MEM 0.011719 1773012617.2993
CHLD 25412 0.015625 1773012617.3053
CHLD 36952 0.015625 1773012617.3053
CHLD 61868 334.839844 1773012617.3053
MEM 0.011719 1773012617.4072
CHLD 25412 0.015625 1773012617.4113
CHLD 36952 0.015625 1773012617.4113
CHLD 61868 335.742188 1773012617.4113
MEM 0.011719 1773012617.5150
CHLD 25412 0.015625 1773012617.5229
CHLD 36952 0.015625 1773012617.5229
CHLD 61868 336.734375 1773012617.5229
MEM 0.011719 1773012617.6236
CHLD 25412 0.015625 1773012617.6306
CHLD 36952 0.015625 1773012617.6306
CHLD 61868 337.636719 1773012617.6306
MEM 0.011719 1773012617.7319
CHLD 25412 0.015625 1773012617.7433
CHLD 36952 0.015625 1773012617.7433
CHLD 61868 338.589844 1773012617.7433
MEM 0.011719 1773012617.8435
CHLD 25412 0.015625 1773012617.8505
CHLD 36952 0.015625 1773012617.8505
CHLD 61868 339.550781 1773012617.8505
MEM 0.011719 1773012617.9514
CHLD 25412 0.015625 1773012617.9584
CHLD 36952 0.015625 1773012617.9584
CHLD 61868 340.523438 1773012617.9584
MEM 0.011719 1773012618.0595
CHLD 25412 0.015625 1773012618.0662
CHLD 36952 0.015625 1773012618.0662
CHLD 61868 341.472656 1773012618.0662
MEM 0.011719 1773012618.1671
CHLD 25412 0.015625 1773012618.1739
CHLD 36952 0.015625 1773012618.1739
CHLD 61868 342.425781 1773012618.1739
MEM 0.011719 1773012618.2753
CHLD 25412 0.015625 1773012618.2813
CHLD 36952 0.015625 1773012618.2813
CHLD 61868 343.390625 1773012618.2813
MEM 0.011719 1773012618.3831
CHLD 25412 0.015625 1773012618.3873
CHLD 36952 0.015625 1773012618.3873
CHLD 61868 344.386719 1773012618.3873
MEM 0.011719 1773012618.4914
CHLD 25412 0.015625 1773012618.4982
CHLD 36952 0.015625 1773012618.4982
CHLD 61868 345.292969 1773012618.4982
MEM 0.011719 1773012618.5989
CHLD 25412 0.015625 1773012618.6059
CHLD 36952 0.015625 1773012618.6059
CHLD 61868 346.261719 1773012618.6059
MEM 0.011719 1773012618.7067
CHLD 25412 0.015625 1773012618.7129
CHLD 36952 0.015625 1773012618.7129
CHLD 61868 347.261719 1773012618.7129
MEM 0.011719 1773012618.8149
CHLD 25412 0.015625 1773012618.8215
CHLD 36952 0.015625 1773012618.8215
CHLD 61868 348.207031 1773012618.8215
MEM 0.011719 1773012618.9232
CHLD 25412 0.015625 1773012618.9302
CHLD 36952 0.015625 1773012618.9302
CHLD 61868 349.132812 1773012618.9302
MEM 0.011719 1773012619.0312
CHLD 25412 0.015625 1773012619.0382
CHLD 36952 0.015625 1773012619.0382
CHLD 61868 350.152344 1773012619.0382
MEM 0.011719 1773012619.1396
CHLD 25412 0.015625 1773012619.1456
CHLD 36952 0.015625 1773012619.1456
CHLD 61868 351.144531 1773012619.1456
MEM 0.011719 1773012619.2471
CHLD 25412 0.015625 1773012619.2551
CHLD 36952 0.015625 1773012619.2551
CHLD 61868 352.058594 1773012619.2551
MEM 0.011719 1773012619.3558
CHLD 25412 0.015625 1773012619.3618
CHLD 36952 0.015625 1773012619.3618
CHLD 61868 353.011719 1773012619.3618
MEM 0.011719 1773012619.4638
CHLD 25412 0.015625 1773012619.4708
CHLD 36952 0.015625 1773012619.4708
CHLD 61868 354.023438 1773012619.4708
MEM 0.011719 1773012619.5720
CHLD 25412 0.015625 1773012619.5790
CHLD 36952 0.015625 1773012619.5790
CHLD 61868 354.914062 1773012619.5790
MEM 0.011719 1773012619.6812
CHLD 25412 0.015625 1773012619.6892
CHLD 36952 0.015625 1773012619.6892
CHLD 61868 355.949219 1773012619.6892
MEM 0.011719 1773012619.7904
CHLD 25412 0.015625 1773012619.7961
CHLD 36952 0.015625 1773012619.7961
CHLD 61868 356.894531 1773012619.7961
MEM 0.011719 1773012619.8981
CHLD 25412 0.015625 1773012619.9055
CHLD 36952 0.015625 1773012619.9055
CHLD 61868 357.824219 1773012619.9055
MEM 0.011719 1773012620.0063
CHLD 25412 0.015625 1773012620.0131
CHLD 36952 0.015625 1773012620.0131
CHLD 61868 358.746094 1773012620.0131
MEM 0.011719 1773012620.1146
CHLD 25412 0.015625 1773012620.1219
CHLD 36952 0.015625 1773012620.1219
CHLD 61868 359.738281 1773012620.1219
MEM 0.011719 1773012620.2230
CHLD 25412 0.015625 1773012620.2300
CHLD 36952 0.015625 1773012620.2300
CHLD 61868 360.640625 1773012620.2300
MEM 0.011719 1773012620.3310
CHLD 25412 0.015625 1773012620.3380
CHLD 36952 0.015625 1773012620.3380
CHLD 61868 361.652344 1773012620.3380
MEM 0.011719 1773012620.4391
CHLD 25412 0.015625 1773012620.4464
CHLD 36952 0.015625 1773012620.4464
CHLD 61868 362.566406 1773012620.4464
MEM 0.011719 1773012620.5472
CHLD 25412 0.015625 1773012620.5542
CHLD 36952 0.015625 1773012620.5542
CHLD 61868 363.542969 1773012620.5542
MEM 0.011719 1773012620.6553
CHLD 25412 0.015625 1773012620.6609
CHLD 36952 0.015625 1773012620.6609
CHLD 61868 364.468750 1773012620.6609
MEM 0.011719 1773012620.7632
CHLD 25412 0.015625 1773012620.7689
CHLD 36952 0.015625 1773012620.7689
CHLD 61868 365.433594 1773012620.7689
MEM 0.011719 1773012620.8709
CHLD 25412 0.015625 1773012620.8779
CHLD 36952 0.015625 1773012620.8779
CHLD 61868 366.402344 1773012620.8779
MEM 0.011719 1773012620.9785
CHLD 25412 0.015625 1773012620.9840
CHLD 36952 0.015625 1773012620.9840
CHLD 61868 367.355469 1773012620.9840
MEM 0.011719 1773012621.0866
CHLD 25412 0.015625 1773012621.0916
CHLD 36952 0.015625 1773012621.0916
CHLD 61868 368.289062 1773012621.0916
MEM 0.011719 1773012621.1948
CHLD 25412 0.015625 1773012621.1999
CHLD 36952 0.015625 1773012621.1999
CHLD 61868 369.230469 1773012621.1999
MEM 0.011719 1773012621.3022
CHLD 25412 0.015625 1773012621.3049
CHLD 36952 0.015625 1773012621.3049
CHLD 61868 370.160156 1773012621.3049
MEM 0.011719 1773012621.4104
CHLD 25412 0.015625 1773012621.4177
CHLD 36952 0.015625 1773012621.4177
CHLD 61868 371.121094 1773012621.4177
MEM 0.011719 1773012621.5187
CHLD 25412 0.015625 1773012621.5256
CHLD 36952 0.015625 1773012621.5256
CHLD 61868 372.039062 1773012621.5256
MEM 0.011719 1773012621.6268
CHLD 25412 0.015625 1773012621.6308
CHLD 36952 0.015625 1773012621.6308
CHLD 61868 372.996094 1773012621.6308
MEM 0.011719 1773012621.7346
CHLD 25412 0.015625 1773012621.7396
CHLD 36952 0.015625 1773012621.7396
CHLD 61868 373.945312 1773012621.7396
MEM 0.011719 1773012621.8425
CHLD 25412 0.015625 1773012621.8479
CHLD 36952 0.015625 1773012621.8479
CHLD 61868 374.894531 1773012621.8479
MEM 0.011719 1773012621.9501
CHLD 25412 0.015625 1773012621.9558
CHLD 36952 0.015625 1773012621.9558
CHLD 61868 375.835938 1773012621.9558
MEM 0.011719 1773012622.0583
CHLD 25412 0.015625 1773012622.0650
CHLD 36952 0.015625 1773012622.0650
CHLD 61868 376.738281 1773012622.0650
MEM 0.011719 1773012622.1658
CHLD 25412 0.015625 1773012622.1727
CHLD 36952 0.015625 1773012622.1727
CHLD 61868 377.757812 1773012622.1727
MEM 0.011719 1773012622.2741
CHLD 25412 0.015625 1773012622.2811
CHLD 36952 0.015625 1773012622.2811
CHLD 61868 378.667969 1773012622.2811
MEM 0.011719 1773012622.3819
CHLD 25412 0.015625 1773012622.3879
CHLD 36952 0.015625 1773012622.3879
CHLD 61868 379.570312 1773012622.3879
MEM 0.011719 1773012622.4903
CHLD 25412 0.015625 1773012622.4963
CHLD 36952 0.015625 1773012622.4963
CHLD 61868 380.531250 1773012622.4963
MEM 0.011719 1773012622.5976
CHLD 25412 0.015625 1773012622.6037
CHLD 36952 0.015625 1773012622.6037
CHLD 61868 381.437500 1773012622.6037
MEM 0.011719 1773012622.7058
CHLD 25412 0.015625 1773012622.7125
CHLD 36952 0.015625 1773012622.7125
CHLD 61868 382.468750 1773012622.7125
MEM 0.011719 1773012622.8132
CHLD 25412 0.015625 1773012622.8207
CHLD 36952 0.015625 1773012622.8207
CHLD 61868 383.406250 1773012622.8207
MEM 0.011719 1773012622.9209
CHLD 25412 0.015625 1773012622.9281
CHLD 36952 0.015625 1773012622.9281
CHLD 61868 384.363281 1773012622.9281
MEM 0.011719 1773012623.0289
CHLD 25412 0.015625 1773012623.0346
CHLD 36952 0.015625 1773012623.0346
CHLD 61868 385.363281 1773012623.0346
MEM 0.011719 1773012623.1370
CHLD 25412 0.015625 1773012623.1440
CHLD 36952 0.015625 1773012623.1440
CHLD 61868 386.273438 1773012623.1440
MEM 0.011719 1773012623.2444
CHLD 25412 0.015625 1773012623.2504
CHLD 36952 0.015625 1773012623.2504
CHLD 61868 387.203125 1773012623.2504
MEM 0.011719 1773012623.3526
CHLD 25412 0.015625 1773012623.3566
CHLD 36952 0.015625 1773012623.3566
CHLD 61868 388.156250 1773012623.3566
MEM 0.011719 1773012623.4602
CHLD 25412 0.015625 1773012623.4697
CHLD 36952 0.015625 1773012623.4697
CHLD 61868 389.109375 1773012623.4697
MEM 0.011719 1773012623.5700
CHLD 25412 0.015625 1773012623.5767
CHLD 36952 0.015625 1773012623.5767
CHLD 61868 390.070312 1773012623.5767
MEM 0.011719 1773012623.6790
CHLD 25412 0.015625 1773012623.6842
CHLD 36952 0.015625 1773012623.6842
CHLD 61868 391.031250 1773012623.6842
MEM 0.011719 1773012623.7867
CHLD 25412 0.015625 1773012623.7928
CHLD 36952 0.015625 1773012623.7928
CHLD 61868 391.921875 1773012623.7928
MEM 0.011719 1773012623.8949
CHLD 25412 0.015625 1773012623.9025
CHLD 36952 0.015625 1773012623.9025
CHLD 61868 392.910156 1773012623.9025
MEM 0.011719 1773012624.0037
CHLD 25412 0.015625 1773012624.0092
CHLD 36952 0.015625 1773012624.0092
CHLD 61868 393.820312 1773012624.0092
MEM 0.011719 1773012624.1112
CHLD 25412 0.015625 1773012624.1186
CHLD 36952 0.015625 1773012624.1186
CHLD 61868 394.753906 1773012624.1186
MEM 0.011719 1773012624.2187
CHLD 25412 0.015625 1773012624.2236
CHLD 36952 0.015625 1773012624.2236
CHLD 61868 395.746094 1773012624.2236
MEM 0.011719 1773012624.3265
CHLD 25412 0.015625 1773012624.3319
CHLD 36952 0.015625 1773012624.3319
CHLD 61868 396.703125 1773012624.3319
MEM 0.011719 1773012624.4334
CHLD 25412 0.015625 1773012624.4371
CHLD 36952 0.015625 1773012624.4371
CHLD 61868 397.667969 1773012624.4371
MEM 0.011719 1773012624.5413
CHLD 25412 0.015625 1773012624.5466
CHLD 36952 0.015625 1773012624.5466
CHLD 61868 398.601562 1773012624.5466
MEM 0.011719 1773012624.6496
CHLD 25412 0.015625 1773012624.6551
CHLD 36952 0.015625 1773012624.6551
CHLD 61868 399.539062 1773012624.6551
MEM 0.011719 1773012624.7567
CHLD 25412 0.015625 1773012624.7632
CHLD 36952 0.015625 1773012624.7632
CHLD 61868 400.492188 1773012624.7632
MEM 0.011719 1773012624.8652
CHLD 25412 0.015625 1773012624.8682
CHLD 36952 0.015625 1773012624.8682
CHLD 61868 401.398438 1773012624.8682
MEM 0.011719 1773012624.9732
CHLD 25412 0.015625 1773012624.9785
CHLD 36952 0.015625 1773012624.9785
CHLD 61868 402.339844 1773012624.9785
MEM 0.011719 1773012625.0813
CHLD 25412 0.015625 1773012625.0839
CHLD 36952 0.015625 1773012625.0839
CHLD 61868 403.316406 1773012625.0839
MEM 0.011719 1773012625.1891
CHLD 25412 0.015625 1773012625.1944
CHLD 36952 0.015625 1773012625.1944
CHLD 61868 404.242188 1773012625.1944
MEM 0.011719 1773012625.2959
CHLD 25412 0.015625 1773012625.3009
CHLD 36952 0.015625 1773012625.3009
CHLD 61868 405.113281 1773012625.3009
MEM 0.011719 1773012625.4046
CHLD 25412 0.015625 1773012625.4093
CHLD 36952 0.015625 1773012625.4093
CHLD 61868 406.058594 1773012625.4093
MEM 0.011719 1773012625.5121
CHLD 25412 0.015625 1773012625.5172
CHLD 36952 0.015625 1773012625.5172
CHLD 61868 406.996094 1773012625.5172
MEM 0.011719 1773012625.6210
CHLD 25412 0.015625 1773012625.6299
CHLD 36952 0.015625 1773012625.6299
CHLD 61868 408.074219 1773012625.6299
MEM 0.011719 1773012625.7307
CHLD 25412 0.015625 1773012625.7361
CHLD 36952 0.015625 1773012625.7361
CHLD 61868 408.992188 1773012625.7361
MEM 0.011719 1773012625.8391
CHLD 25412 0.015625 1773012625.8441
CHLD 36952 0.015625 1773012625.8441
CHLD 61868 410.000000 1773012625.8441
MEM 0.011719 1773012625.9477
CHLD 25412 0.015625 1773012625.9551
CHLD 36952 0.015625 1773012625.9551
CHLD 61868 410.980469 1773012625.9551
MEM 0.011719 1773012626.0560
CHLD 25412 0.015625 1773012626.0622
CHLD 36952 0.015625 1773012626.0622
CHLD 61868 411.917969 1773012626.0622
MEM 0.011719 1773012626.1667
CHLD 25412 0.015625 1773012626.1702
CHLD 36952 0.015625 1773012626.1702
CHLD 61868 412.855469 1773012626.1702
MEM 0.011719 1773012626.2746
CHLD 25412 0.015625 1773012626.2779
CHLD 36952 0.015625 1773012626.2779
CHLD 61868 413.839844 1773012626.2779
MEM 0.011719 1773012626.3825
CHLD 25412 0.015625 1773012626.3877
CHLD 36952 0.015625 1773012626.3877
CHLD 61868 414.734375 1773012626.3877
MEM 0.011719 1773012626.4899
CHLD 25412 0.015625 1773012626.4972
CHLD 36952 0.015625 1773012626.4972
CHLD 61868 415.730469 1773012626.4972
MEM 0.011719 1773012626.5978
CHLD 25412 0.015625 1773012626.6038
CHLD 36952 0.015625 1773012626.6038
CHLD 61868 416.707031 1773012626.6038
MEM 0.011719 1773012626.7059
CHLD 25412 0.015625 1773012626.7110
CHLD 36952 0.015625 1773012626.7110
CHLD 61868 417.597656 1773012626.7110
MEM 0.011719 1773012626.8132
CHLD 25412 0.015625 1773012626.8172
CHLD 36952 0.015625 1773012626.8172
CHLD 61868 418.531250 1773012626.8172
MEM 0.011719 1773012626.9210
CHLD 25412 0.015625 1773012626.9280
CHLD 36952 0.015625 1773012626.9280
CHLD 61868 419.406250 1773012626.9280
MEM 0.011719 1773012627.0285
CHLD 25412 0.015625 1773012627.0356
CHLD 36952 0.015625 1773012627.0356
CHLD 61868 420.312500 1773012627.0356
MEM 0.011719 1773012627.1360
CHLD 25412 0.015625 1773012627.1438
CHLD 36952 0.015625 1773012627.1438
CHLD 61868 421.250000 1773012627.1438
MEM 0.011719 1773012627.2441
CHLD 25412 0.015625 1773012627.2517
CHLD 36952 0.015625 1773012627.2517
CHLD 61868 422.273438 1773012627.2517
MEM 0.011719 1773012627.3523
CHLD 25412 0.015625 1773012627.3548
CHLD 36952 0.015625 1773012627.3548
CHLD 61868 423.179688 1773012627.3548
MEM 0.011719 1773012627.4598
CHLD 25412 0.015625 1773012627.4632
CHLD 36952 0.015625 1773012627.4632
CHLD 61868 424.199219 1773012627.4632
MEM 0.011719 1773012627.5680
CHLD 25412 0.015625 1773012627.5763
CHLD 36952 0.015625 1773012627.5763
CHLD 61868 425.105469 1773012627.5763
MEM 0.011719 1773012627.6780
CHLD 25412 0.015625 1773012627.6852
CHLD 36952 0.015625 1773012627.6852
CHLD 61868 426.062500 1773012627.6852
MEM 0.011719 1773012627.7857
CHLD 25412 0.015625 1773012627.7892
CHLD 36952 0.015625 1773012627.7892
CHLD 61868 427.054688 1773012627.7892
MEM 0.011719 1773012627.8938
CHLD 25412 0.015625 1773012627.9012
CHLD 36952 0.015625 1773012627.9012
CHLD 61868 428.039062 1773012627.9012
MEM 0.011719 1773012628.0019
CHLD 25412 0.015625 1773012628.0072
CHLD 36952 0.015625 1773012628.0072
CHLD 61868 429.007812 1773012628.0072
MEM 0.011719 1773012628.1093
CHLD 25412 0.015625 1773012628.1163
CHLD 36952 0.015625 1773012628.1163
CHLD 61868 429.957031 1773012628.1163
MEM 0.011719 1773012628.2171
CHLD 25412 0.015625 1773012628.2206
CHLD 36952 0.015625 1773012628.2206
CHLD 61868 430.882812 1773012628.2206
MEM 0.011719 1773012628.3245
CHLD 25412 0.015625 1773012628.3297
CHLD 36952 0.015625 1773012628.3297
CHLD 61868 431.851562 1773012628.3297
MEM 0.011719 1773012628.4315
CHLD 25412 0.015625 1773012628.4384
CHLD 36952 0.015625 1773012628.4384
CHLD 61868 432.750000 1773012628.4384
MEM 0.011719 1773012628.5392
CHLD 25412 0.015625 1773012628.5438
CHLD 36952 0.015625 1773012628.5438
CHLD 61868 433.796875 1773012628.5438
MEM 0.011719 1773012628.6471
CHLD 25412 0.015625 1773012628.6529
CHLD 36952 0.015625 1773012628.6529
CHLD 61868 434.730469 1773012628.6529
MEM 0.011719 1773012628.7540
CHLD 25412 0.015625 1773012628.7577
CHLD 36952 0.015625 1773012628.7577
CHLD 61868 435.726562 1773012628.7577
MEM 0.011719 1773012628.8620
CHLD 25412 0.015625 1773012628.8659
CHLD 36952 0.015625 1773012628.8659
CHLD 61868 436.625000 1773012628.8659
MEM 0.011719 1773012628.9697
CHLD 25412 0.015625 1773012628.9744
CHLD 36952 0.015625 1773012628.9744
CHLD 61868 437.546875 1773012628.9744
MEM 0.011719 1773012629.0769
CHLD 25412 0.015625 1773012629.0820
CHLD 36952 0.015625 1773012629.0820
CHLD 61868 438.511719 1773012629.0820
MEM 0.011719 1773012629.1851
CHLD 25412 0.015625 1773012629.1901
CHLD 36952 0.015625 1773012629.1901
CHLD 61868 439.507812 1773012629.1901
MEM 0.011719 1773012629.2924
CHLD 25412 0.015625 1773012629.2979
CHLD 36952 0.015625 1773012629.2979
CHLD 61868 440.457031 1773012629.2979
MEM 0.011719 1773012629.4009
CHLD 25412 0.015625 1773012629.4079
CHLD 36952 0.015625 1773012629.4079
CHLD 61868 441.425781 1773012629.4079
MEM 0.011719 1773012629.5090
CHLD 25412 0.015625 1773012629.5160
CHLD 36952 0.015625 1773012629.5160
CHLD 61868 442.367188 1773012629.5160
MEM 0.011719 1773012629.6168
CHLD 25412 0.015625 1773012629.6239
CHLD 36952 0.015625 1773012629.6239
CHLD 61868 443.277344 1773012629.6239
MEM 0.011719 1773012629.7249
CHLD 25412 0.015625 1773012629.7271
CHLD 36952 0.015625 1773012629.7271
CHLD 61868 444.277344 1773012629.7271
MEM 0.011719 1773012629.8329
CHLD 25412 0.015625 1773012629.8366
CHLD 36952 0.015625 1773012629.8366
CHLD 61868 445.214844 1773012629.8366
MEM 0.011719 1773012629.9409
CHLD 25412 0.015625 1773012629.9477
CHLD 36952 0.015625 1773012629.9477
CHLD 61868 446.191406 1773012629.9477
MEM 0.011719 1773012630.0489
CHLD 25412 0.015625 1773012630.0557
CHLD 36952 0.015625 1773012630.0557
CHLD 61868 447.136719 1773012630.0557
MEM 0.011719 1773012630.1561
CHLD 25412 0.015625 1773012630.1646
CHLD 36952 0.015625 1773012630.1646
CHLD 61868 448.054688 1773012630.1646
MEM 0.011719 1773012630.2654
CHLD 25412 0.015625 1773012630.2724
CHLD 36952 0.015625 1773012630.2724
CHLD 61868 449.019531 1773012630.2724
MEM 0.011719 1773012630.3726
CHLD 25412 0.015625 1773012630.3797
CHLD 36952 0.015625 1773012630.3797
CHLD 61868 449.949219 1773012630.3797
MEM 0.011719 1773012630.4807
CHLD 25412 0.015625 1773012630.4877
CHLD 36952 0.015625 1773012630.4877
CHLD 61868 450.937500 1773012630.4877
MEM 0.011719 1773012630.5889
CHLD 25412 0.015625 1773012630.5940
CHLD 36952 0.015625 1773012630.5940
CHLD 61868 451.859375 1773012630.5940
MEM 0.011719 1773012630.6957
CHLD 25412 0.015625 1773012630.7028
CHLD 36952 0.015625 1773012630.7028
CHLD 61868 452.796875 1773012630.7028
MEM 0.011719 1773012630.8035
CHLD 25412 0.015625 1773012630.8106
CHLD 36952 0.015625 1773012630.8106
CHLD 61868 453.757812 1773012630.8106
MEM 0.011719 1773012630.9116
CHLD 25412 0.015625 1773012630.9140
CHLD 36952 0.015625 1773012630.9140
CHLD 61868 454.703125 1773012630.9140
MEM 0.011719 1773012631.0191
CHLD 25412 0.015625 1773012631.0245
CHLD 36952 0.015625 1773012631.0245
CHLD 61868 455.699219 1773012631.0245
MEM 0.011719 1773012631.1270
CHLD 25412 0.015625 1773012631.1298
CHLD 36952 0.015625 1773012631.1298
CHLD 61868 456.644531 1773012631.1298
MEM 0.011719 1773012631.2348
CHLD 25412 0.015625 1773012631.2408
CHLD 36952 0.015625 1773012631.2408
CHLD 61868 457.617188 1773012631.2408
MEM 0.011719 1773012631.3424
CHLD 25412 0.015625 1773012631.3477
CHLD 36952 0.015625 1773012631.3477
CHLD 61868 458.566406 1773012631.3477
MEM 0.011719 1773012631.4517
CHLD 25412 0.015625 1773012631.4579
CHLD 36952 0.015625 1773012631.4579
CHLD 61868 459.484375 1773012631.4579
MEM 0.011719 1773012631.5600
CHLD 25412 0.015625 1773012631.5620
CHLD 36952 0.015625 1773012631.5620
CHLD 61868 460.441406 1773012631.5620
MEM 0.011719 1773012631.6679
CHLD 25412 0.015625 1773012631.6715
CHLD 36952 0.015625 1773012631.6715
CHLD 61868 461.429688 1773012631.6715
MEM 0.011719 1773012631.7752
CHLD 25412 0.015625 1773012631.7822
CHLD 36952 0.015625 1773012631.7822
CHLD 61868 462.410156 1773012631.7822
MEM 0.011719 1773012631.8835
CHLD 25412 0.015625 1773012631.8876
CHLD 36952 0.015625 1773012631.8876
CHLD 61868 463.265625 1773012631.8876
MEM 0.011719 1773012631.9910
CHLD 25412 0.015625 1773012631.9982
CHLD 36952 0.015625 1773012631.9982
CHLD 61868 464.226562 1773012631.9982
MEM 0.011719 1773012632.0987
CHLD 25412 0.015625 1773012632.1018
CHLD 36952 0.015625 1773012632.1018
CHLD 61868 465.218750 1773012632.1018
MEM 0.011719 1773012632.2067
CHLD 25412 0.015625 1773012632.2108
CHLD 36952 0.015625 1773012632.2108
CHLD 61868 466.195312 1773012632.2108
MEM 0.011719 1773012632.3146
CHLD 25412 0.015625 1773012632.3194
CHLD 36952 0.015625 1773012632.3194
CHLD 61868 467.066406 1773012632.3194
MEM 0.011719 1773012632.4225
CHLD 25412 0.015625 1773012632.4276
CHLD 36952 0.015625 1773012632.4276
CHLD 61868 468.050781 1773012632.4276
MEM 0.011719 1773012632.5315
CHLD 25412 0.015625 1773012632.5377
CHLD 36952 0.015625 1773012632.5377
CHLD 61868 468.968750 1773012632.5377
MEM 0.011719 1773012632.6395
CHLD 25412 0.015625 1773012632.6446
CHLD 36952 0.015625 1773012632.6446
CHLD 61868 469.960938 1773012632.6446
MEM 0.011719 1773012632.7469
CHLD 25412 0.015625 1773012632.7541
CHLD 36952 0.015625 1773012632.7541
CHLD 61868 470.902344 1773012632.7541
MEM 0.011719 1773012632.8544
CHLD 25412 0.015625 1773012632.8594
CHLD 36952 0.015625 1773012632.8594
CHLD 61868 471.859375 1773012632.8594
MEM 0.011719 1773012632.9619
CHLD 25412 0.015625 1773012632.9689
CHLD 36952 0.015625 1773012632.9689
CHLD 61868 472.816406 1773012632.9689
MEM 0.011719 1773012633.0696
CHLD 25412 0.015625 1773012633.0768
CHLD 36952 0.015625 1773012633.0768
CHLD 61868 473.792969 1773012633.0768
MEM 0.011719 1773012633.1770
CHLD 25412 0.015625 1773012633.1832
CHLD 36952 0.015625 1773012633.1832
CHLD 61868 474.765625 1773012633.1832
MEM 0.011719 1773012633.2846
CHLD 25412 0.015625 1773012633.2879
CHLD 36952 0.015625 1773012633.2879
CHLD 61868 475.761719 1773012633.2879
MEM 0.011719 1773012633.3912
CHLD 25412 0.015625 1773012633.3970
CHLD 36952 0.015625 1773012633.3970
CHLD 61868 476.648438 1773012633.3970
MEM 0.011719 1773012633.4979
CHLD 25412 0.015625 1773012633.5037
CHLD 36952 0.015625 1773012633.5037
CHLD 61868 477.605469 1773012633.5037
MEM 0.011719 1773012633.6050
CHLD 25412 0.015625 1773012633.6120
CHLD 36952 0.015625 1773012633.6120
CHLD 61868 478.507812 1773012633.6120
MEM 0.011719 1773012633.7127
CHLD 25412 0.015625 1773012633.7178
CHLD 36952 0.015625 1773012633.7198
CHLD 61868 479.570312 1773012633.7198
MEM 0.011719 1773012633.8201
CHLD 25412 0.015625 1773012633.8274
CHLD 36952 0.015625 1773012633.8274
CHLD 61868 480.492188 1773012633.8274
MEM 0.011719 1773012633.9284
CHLD 25412 0.015625 1773012633.9371
CHLD 36952 0.015625 1773012633.9371
CHLD 61868 481.472656 1773012633.9371
MEM 0.011719 1773012634.0375
CHLD 25412 0.015625 1773012634.0433
CHLD 36952 0.015625 1773012634.0433
CHLD 61868 482.417969 1773012634.0433
MEM 0.011719 1773012634.1454
CHLD 25412 0.015625 1773012634.1509
CHLD 36952 0.015625 1773012634.1509
CHLD 61868 483.390625 1773012634.1509
MEM 0.011719 1773012634.2532
CHLD 25412 0.015625 1773012634.2602
CHLD 36952 0.015625 1773012634.2602
CHLD 61868 484.371094 1773012634.2602
MEM 0.011719 1773012634.3614
CHLD 25412 0.015625 1773012634.3701
CHLD 36952 0.015625 1773012634.3701
CHLD 61868 485.281250 1773012634.3701
MEM 0.011719 1773012634.4712
CHLD 25412 0.015625 1773012634.4782
CHLD 36952 0.015625 1773012634.4782
CHLD 61868 486.230469 1773012634.4782
MEM 0.011719 1773012634.5790
CHLD 25412 0.015625 1773012634.5850
CHLD 36952 0.015625 1773012634.5850
CHLD 61868 487.195312 1773012634.5850
MEM 0.011719 1773012634.6862
CHLD 25412 0.015625 1773012634.6933
CHLD 36952 0.015625 1773012634.6933
CHLD 61868 488.117188 1773012634.6933
MEM 0.011719 1773012634.7944
CHLD 25412 0.015625 1773012634.8014
CHLD 36952 0.015625 1773012634.8014
CHLD 61868 489.113281 1773012634.8014
MEM 0.011719 1773012634.9028
CHLD 25412 0.015625 1773012634.9071
CHLD 36952 0.015625 1773012634.9071
CHLD 61868 490.027344 1773012634.9071
MEM 0.011719 1773012635.0109
CHLD 25412 0.015625 1773012635.0180
CHLD 36952 0.015625 1773012635.0180
CHLD 61868 490.960938 1773012635.0180
MEM 0.011719 1773012635.1191
CHLD 25412 0.015625 1773012635.1242
CHLD 36952 0.015625 1773012635.1242
CHLD 61868 491.898438 1773012635.1242
MEM 0.011719 1773012635.2271
CHLD 25412 0.015625 1773012635.2341
CHLD 36952 0.015625 1773012635.2341
CHLD 61868 492.902344 1773012635.2341
MEM 0.011719 1773012635.3350
CHLD 25412 0.015625 1773012635.3439
CHLD 36952 0.015625 1773012635.3439
CHLD 61868 493.820312 1773012635.3439
MEM 0.011719 1773012635.4442
CHLD 25412 0.015625 1773012635.4502
CHLD 36952 0.015625 1773012635.4502
CHLD 61868 494.789062 1773012635.4502
MEM 0.011719 1773012635.5522
CHLD 25412 0.015625 1773012635.5552
CHLD 36952 0.015625 1773012635.5552
CHLD 61868 495.714844 1773012635.5552
MEM 0.011719 1773012635.6600
CHLD 25412 0.015625 1773012635.6640
CHLD 36952 0.015625 1773012635.6640
CHLD 61868 496.683594 1773012635.6640
MEM 0.011719 1773012635.7678
CHLD 25412 0.015625 1773012635.7748
CHLD 36952 0.015625 1773012635.7748
CHLD 61868 497.546875 1773012635.7748
MEM 0.011719 1773012635.8759
CHLD 25412 0.015625 1773012635.8829
CHLD 36952 0.015625 1773012635.8829
CHLD 61868 498.472656 1773012635.8829
MEM 0.011719 1773012635.9843
CHLD 25412 0.015625 1773012635.9894
CHLD 36952 0.015625 1773012635.9894
CHLD 61868 499.476562 1773012635.9894
MEM 0.011719 1773012636.0924
CHLD 25412 0.015625 1773012636.0985
CHLD 36952 0.015625 1773012636.0985
CHLD 61868 500.425781 1773012636.0985
MEM 0.011719 1773012636.2004
CHLD 25412 0.015625 1773012636.2054
CHLD 36952 0.015625 1773012636.2054
CHLD 61868 501.378906 1773012636.2054
MEM 0.011719 1773012636.3082
CHLD 25412 0.015625 1773012636.3153
CHLD 36952 0.015625 1773012636.3153
CHLD 61868 502.320312 1773012636.3153
MEM 0.011719 1773012636.4158
CHLD 25412 0.015625 1773012636.4230
CHLD 36952 0.015625 1773012636.4230
CHLD 61868 503.269531 1773012636.4230
MEM 0.011719 1773012636.5241
CHLD 25412 0.015625 1773012636.5310
CHLD 36952 0.015625 1773012636.5310
CHLD 61868 504.234375 1773012636.5310
MEM 0.011719 1773012636.6340
CHLD 25412 0.015625 1773012636.6390
CHLD 36952 0.015625 1773012636.6390
CHLD 61868 505.152344 1773012636.6390
MEM 0.011719 1773012636.7432
CHLD 25412 0.015625 1773012636.7502
CHLD 36952 0.015625 1773012636.7502
CHLD 61868 506.156250 1773012636.7502
MEM 0.011719 1773012636.8510
CHLD 25412 0.015625 1773012636.8580
CHLD 36952 0.015625 1773012636.8580
CHLD 61868 507.097656 1773012636.8580
MEM 0.011719 1773012636.9605
CHLD 25412 0.015625 1773012636.9675
CHLD 36952 0.015625 1773012636.9675
CHLD 61868 508.082031 1773012636.9675
MEM 0.011719 1773012637.0682
CHLD 25412 0.015625 1773012637.0713
CHLD 36952 0.015625 1773012637.0713
CHLD 61868 509.074219 1773012637.0713
MEM 0.011719 1773012637.1763
CHLD 25412 0.015625 1773012637.1856
CHLD 36952 0.015625 1773012637.1856
CHLD 61868 509.941406 1773012637.1856
MEM 0.011719 1773012637.2865
CHLD 25412 0.015625 1773012637.2945
CHLD 36952 0.015625 1773012637.2945
CHLD 61868 510.933594 1773012637.2945
MEM 0.011719 1773012637.3951
CHLD 25412 0.015625 1773012637.4005
CHLD 36952 0.015625 1773012637.4005
CHLD 61868 511.902344 1773012637.4005
MEM 0.011719 1773012637.5026
CHLD 25412 0.015625 1773012637.5077
CHLD 36952 0.015625 1773012637.5077
CHLD 61868 512.816406 1773012637.5077
MEM 0.011719 1773012637.6107
CHLD 25412 0.015625 1773012637.6187
CHLD 36952 0.015625 1773012637.6187
CHLD 61868 513.652344 1773012637.6187
MEM 0.011719 1773012637.7203
CHLD 25412 0.015625 1773012637.7263
CHLD 36952 0.015625 1773012637.7263
CHLD 61868 514.636719 1773012637.7263
MEM 0.011719 1773012637.8286
CHLD 25412 0.015625 1773012637.8353
CHLD 36952 0.015625 1773012637.8353
CHLD 61868 515.535156 1773012637.8353
MEM 0.011719 1773012637.9367
CHLD 25412 0.015625 1773012637.9404
CHLD 36952 0.015625 1773012637.9404
CHLD 61868 516.507812 1773012637.9404
MEM 0.011719 1773012638.0447
CHLD 25412 0.015625 1773012638.0500
CHLD 36952 0.015625 1773012638.0500
CHLD 61868 517.410156 1773012638.0500
MEM 0.011719 1773012638.1529
CHLD 25412 0.015625 1773012638.1547
CHLD 36952 0.015625 1773012638.1547
CHLD 61868 518.343750 1773012638.1547
MEM 0.011719 1773012638.2597
CHLD 25412 0.015625 1773012638.2657
CHLD 36952 0.015625 1773012638.2657
CHLD 61868 519.316406 1773012638.2657
MEM 0.011719 1773012638.3676
CHLD 25412 0.015625 1773012638.3736
CHLD 36952 0.015625 1773012638.3736
CHLD 61868 520.214844 1773012638.3736
MEM 0.011719 1773012638.4755
CHLD 25412 0.015625 1773012638.4825
CHLD 36952 0.015625 1773012638.4825
CHLD 61868 521.226562 1773012638.4825
MEM 0.011719 1773012638.5834
CHLD 25412 0.015625 1773012638.5873
CHLD 36952 0.015625 1773012638.5873
CHLD 61868 522.121094 1773012638.5873
MEM 0.011719 1773012638.6911
CHLD 25412 0.015625 1773012638.6981
CHLD 36952 0.015625 1773012638.6981
CHLD 61868 523.042969 1773012638.6981
MEM 0.011719 1773012638.7991
CHLD 25412 0.015625 1773012638.8051
CHLD 36952 0.015625 1773012638.8051
CHLD 61868 524.093750 1773012638.8051
MEM 0.011719 1773012638.9070
CHLD 25412 0.015625 1773012638.9136
CHLD 36952 0.015625 1773012638.9136
CHLD 61868 525.058594 1773012638.9136
MEM 0.011719 1773012639.0154
CHLD 25412 0.015625 1773012639.0214
CHLD 36952 0.015625 1773012639.0214
CHLD 61868 525.925781 1773012639.0214
MEM 0.011719 1773012639.1237
CHLD 25412 0.015625 1773012639.1270
CHLD 36952 0.015625 1773012639.1270
CHLD 61868 526.914062 1773012639.1270
MEM 0.011719 1773012639.2315
CHLD 25412 0.015625 1773012639.2386
CHLD 36952 0.015625 1773012639.2386
CHLD 61868 527.808594 1773012639.2386
MEM 0.011719 1773012639.3395
CHLD 25412 0.015625 1773012639.3498
CHLD 36952 0.015625 1773012639.3498
CHLD 61868 528.761719 1773012639.3498
MEM 0.011719 1773012639.4505
CHLD 25412 0.015625 1773012639.4559
CHLD 36952 0.015625 1773012639.4559
CHLD 61868 529.628906 1773012639.4559
MEM 0.011719 1773012639.5586
CHLD 25412 0.015625 1773012639.5619
CHLD 36952 0.015625 1773012639.5619
CHLD 61868 530.605469 1773012639.5619
MEM 0.011719 1773012639.6659
CHLD 25412 0.015625 1773012639.6689
CHLD 36952 0.015625 1773012639.6689
CHLD 61868 531.535156 1773012639.6689
MEM 0.011719 1773012639.7730
CHLD 25412 0.015625 1773012639.7800
CHLD 36952 0.015625 1773012639.7800
CHLD 61868 532.460938 1773012639.7800
MEM 0.011719 1773012639.8812
CHLD 25412 0.015625 1773012639.8863
CHLD 36952 0.015625 1773012639.8863
CHLD 61868 533.445312 1773012639.8863
MEM 0.011719 1773012639.9888
CHLD 25412 0.015625 1773012639.9940
CHLD 36952 0.015625 1773012639.9940
CHLD 61868 534.437500 1773012639.9940
MEM 0.011719 1773012640.0962
CHLD 25412 0.015625 1773012640.1030
CHLD 36952 0.015625 1773012640.1030
CHLD 61868 535.304688 1773012640.1030
MEM 0.011719 1773012640.2044
CHLD 25412 0.015625 1773012640.2098
CHLD 36952 0.015625 1773012640.2098
CHLD 61868 536.218750 1773012640.2098
MEM 0.011719 1773012640.3122
CHLD 25412 0.015625 1773012640.3197
CHLD 36952 0.015625 1773012640.3197
CHLD 61868 537.070312 1773012640.3197
MEM 0.011719 1773012640.4225
CHLD 25412 0.015625 1773012640.4298
CHLD 36952 0.015625 1773012640.4298
CHLD 61868 538.085938 1773012640.4298
MEM 0.011719 1773012640.5301
CHLD 25412 0.015625 1773012640.5374
CHLD 36952 0.015625 1773012640.5374
CHLD 61868 538.945312 1773012640.5374
MEM 0.011719 1773012640.6395
CHLD 25412 0.015625 1773012640.6478
CHLD 36952 0.015625 1773012640.6478
CHLD 61868 539.945312 1773012640.6478
MEM 0.011719 1773012640.7485
CHLD 25412 0.015625 1773012640.7505
CHLD 36952 0.015625 1773012640.7505
CHLD 61868 540.882812 1773012640.7505
MEM 0.011719 1773012640.8562
CHLD 25412 0.015625 1773012640.8637
CHLD 36952 0.015625 1773012640.8637
CHLD 61868 541.898438 1773012640.8637
MEM 0.011719 1773012640.9644
CHLD 25412 0.015625 1773012640.9714
CHLD 36952 0.015625 1773012640.9714
CHLD 61868 542.796875 1773012640.9714
MEM 0.011719 1773012641.0721
CHLD 25412 0.015625 1773012641.0800
CHLD 36952 0.015625 1773012641.0800
CHLD 61868 543.785156 1773012641.0800
MEM 0.011719 1773012641.1809
CHLD 25412 0.015625 1773012641.1879
CHLD 36952 0.015625 1773012641.1879
CHLD 61868 544.714844 1773012641.1879
MEM 0.011719 1773012641.2900
CHLD 25412 0.015625 1773012641.2984
CHLD 36952 0.015625 1773012641.2984
CHLD 61868 545.679688 1773012641.2984
MEM 0.011719 1773012641.3990
CHLD 25412 0.015625 1773012641.4061
CHLD 36952 0.015625 1773012641.4061
CHLD 61868 546.671875 1773012641.4061
MEM 0.011719 1773012641.5078
CHLD 25412 0.015625 1773012641.5144
CHLD 36952 0.015625 1773012641.5144
CHLD 61868 547.562500 1773012641.5144
MEM 0.011719 1773012641.6156
CHLD 25412 0.015625 1773012641.6245
CHLD 36952 0.015625 1773012641.6245
CHLD 61868 548.574219 1773012641.6245
MEM 0.011719 1773012641.7254
CHLD 25412 0.015625 1773012641.7322
CHLD 36952 0.015625 1773012641.7322
CHLD 61868 549.527344 1773012641.7322
MEM 0.011719 1773012641.8332
CHLD 25412 0.015625 1773012641.8397
CHLD 36952 0.015625 1773012641.8397
CHLD 61868 550.480469 1773012641.8397
MEM 0.011719 1773012641.9413
CHLD 25412 0.015625 1773012641.9483
CHLD 36952 0.015625 1773012641.9483
CHLD 61868 551.414062 1773012641.9483
MEM 0.011719 1773012642.0492
CHLD 25412 0.015625 1773012642.0563
CHLD 36952 0.015625 1773012642.0563
CHLD 61868 552.386719 1773012642.0563
MEM 0.011719 1773012642.1573
CHLD 25412 0.015625 1773012642.1616
CHLD 36952 0.015625 1773012642.1616
CHLD 61868 553.378906 1773012642.1616
MEM 0.011719 1773012642.2656
CHLD 25412 0.015625 1773012642.2727
CHLD 36952 0.015625 1773012642.2727
CHLD 61868 554.316406 1773012642.2727
MEM 0.011719 1773012642.3739
CHLD 25412 0.015625 1773012642.3810
CHLD 36952 0.015625 1773012642.3810
CHLD 61868 555.273438 1773012642.3810
MEM 0.011719 1773012642.4823
CHLD 25412 0.015625 1773012642.4874
CHLD 36952 0.015625 1773012642.4874
CHLD 61868 556.226562 1773012642.4874
MEM 0.011719 1773012642.5901
CHLD 25412 0.015625 1773012642.5951
CHLD 36952 0.015625 1773012642.5951
CHLD 61868 557.171875 1773012642.5951
MEM 0.011719 1773012642.6969
CHLD 25412 0.015625 1773012642.7019
CHLD 36952 0.015625 1773012642.7019
CHLD 61868 558.136719 1773012642.7019
MEM 0.011719 1773012642.8055
CHLD 25412 0.015625 1773012642.8125
CHLD 36952 0.015625 1773012642.8125
CHLD 61868 559.070312 1773012642.8125
MEM 0.011719 1773012642.9132
CHLD 25412 0.015625 1773012642.9203
CHLD 36952 0.015625 1773012642.9203
CHLD 61868 560.023438 1773012642.9203
MEM 0.011719 1773012643.0227
CHLD 25412 0.015625 1773012643.0298
CHLD 36952 0.015625 1773012643.0298
CHLD 61868 561.093750 1773012643.0298
MEM 0.011719 1773012643.1306
CHLD 25412 0.015625 1773012643.1379
CHLD 36952 0.015625 1773012643.1379
CHLD 61868 562.011719 1773012643.1379
MEM 0.011719 1773012643.2391
CHLD 25412 0.015625 1773012643.2443
CHLD 36952 0.015625 1773012643.2443
CHLD 61868 562.996094 1773012643.2443
MEM 0.011719 1773012643.3471
CHLD 25412 0.015625 1773012643.3536
CHLD 36952 0.015625 1773012643.3536
CHLD 61868 563.847656 1773012643.3536
MEM 0.011719 1773012643.4553
CHLD 25412 0.015625 1773012643.4613
CHLD 36952 0.015625 1773012643.4613
CHLD 61868 564.750000 1773012643.4613
MEM 0.011719 1773012643.5635
CHLD 25412 0.015625 1773012643.5705
CHLD 36952 0.015625 1773012643.5705
CHLD 61868 565.746094 1773012643.5705
MEM 0.011719 1773012643.6724
CHLD 25412 0.015625 1773012643.6780
CHLD 36952 0.015625 1773012643.6780
CHLD 61868 566.707031 1773012643.6780
MEM 0.011719 1773012643.7802
CHLD 25412 0.015625 1773012643.7875
CHLD 36952 0.015625 1773012643.7875
CHLD 61868 567.664062 1773012643.7875
MEM 0.011719 1773012643.8881
CHLD 25412 0.015625 1773012643.8951
CHLD 36952 0.015625 1773012643.8951
CHLD 61868 568.609375 1773012643.8951
MEM 0.011719 1773012643.9960
CHLD 25412 0.015625 1773012644.0030
CHLD 36952 0.015625 1773012644.0030
CHLD 61868 569.546875 1773012644.0030
MEM 0.011719 1773012644.1039
CHLD 25412 0.015625 1773012644.1105
CHLD 36952 0.015625 1773012644.1105
CHLD 61868 570.562500 1773012644.1105
MEM 0.011719 1773012644.2119
CHLD 25412 0.015625 1773012644.2170
CHLD 36952 0.015625 1773012644.2170
CHLD 61868 571.472656 1773012644.2170
MEM 0.011719 1773012644.3190
CHLD 25412 0.015625 1773012644.3270
CHLD 36952 0.015625 1773012644.3270
CHLD 61868 572.382812 1773012644.3270
MEM 0.011719 1773012644.4278
CHLD 25412 0.015625 1773012644.4345
CHLD 36952 0.015625 1773012644.4345
CHLD 61868 573.335938 1773012644.4345
MEM 0.011719 1773012644.5356
CHLD 25412 0.015625 1773012644.5426
CHLD 36952 0.015625 1773012644.5426
CHLD 61868 574.269531 1773012644.5426
MEM 0.011719 1773012644.6433
CHLD 25412 0.015625 1773012644.6463
CHLD 36952 0.015625 1773012644.6463
CHLD 61868 575.265625 1773012644.6463
MEM 0.011719 1773012644.7510
CHLD 25412 0.015625 1773012644.7551
CHLD 36952 0.015625 1773012644.7551
CHLD 61868 576.167969 1773012644.7551
MEM 0.011719 1773012644.8587
CHLD 25412 0.015625 1773012644.8649
CHLD 36952 0.015625 1773012644.8649
CHLD 61868 577.164062 1773012644.8649
MEM 0.011719 1773012644.9662
CHLD 25412 0.015625 1773012644.9727
CHLD 36952 0.015625 1773012644.9727
CHLD 61868 578.066406 1773012644.9727
MEM 0.011719 1773012645.0739
CHLD 25412 0.015625 1773012645.0810
CHLD 36952 0.015625 1773012645.0810
CHLD 61868 579.003906 1773012645.0810
MEM 0.011719 1773012645.1820
CHLD 25412 0.015625 1773012645.1870
CHLD 36952 0.015625 1773012645.1870
CHLD 61868 580.046875 1773012645.1870
MEM 0.011719 1773012645.2898
CHLD 25412 0.015625 1773012645.2968
CHLD 36952 0.015625 1773012645.2968
CHLD 61868 580.878906 1773012645.2968
MEM 0.011719 1773012645.3978
CHLD 25412 0.015625 1773012645.4028
CHLD 36952 0.015625 1773012645.4028
CHLD 61868 581.835938 1773012645.4028
MEM 0.011719 1773012645.5055
CHLD 25412 0.015625 1773012645.5120
CHLD 36952 0.015625 1773012645.5120
CHLD 61868 582.808594 1773012645.5120
MEM 0.011719 1773012645.6141
CHLD 25412 0.015625 1773012645.6208
CHLD 36952 0.015625 1773012645.6208
CHLD 61868 583.726562 1773012645.6208
MEM 0.011719 1773012645.7221
CHLD 25412 0.015625 1773012645.7291
CHLD 36952 0.015625 1773012645.7291
CHLD 61868 584.707031 1773012645.7291
MEM 0.011719 1773012645.8300
CHLD 25412 0.015625 1773012645.8383
CHLD 36952 0.015625 1773012645.8383
CHLD 61868 585.617188 1773012645.8383
MEM 0.011719 1773012645.9414
CHLD 25412 0.015625 1773012645.9479
CHLD 36952 0.015625 1773012645.9479
CHLD 61868 586.582031 1773012645.9479
MEM 0.011719 1773012646.0495
CHLD 25412 0.015625 1773012646.0559
CHLD 36952 0.015625 1773012646.0559
CHLD 61868 587.492188 1773012646.0559
MEM 0.011719 1773012646.1586
CHLD 25412 0.015625 1773012646.1654
CHLD 36952 0.015625 1773012646.1654
CHLD 61868 588.375000 1773012646.1654
MEM 0.011719 1773012646.2664
CHLD 25412 0.015625 1773012646.2737
CHLD 36952 0.015625 1773012646.2737
CHLD 61868 589.367188 1773012646.2737
MEM 0.011719 1773012646.3744
CHLD 25412 0.015625 1773012646.3798
CHLD 36952 0.015625 1773012646.3798
CHLD 61868 590.273438 1773012646.3798
MEM 0.011719 1773012646.4823
CHLD 25412 0.015625 1773012646.4893
CHLD 36952 0.015625 1773012646.4893
CHLD 61868 591.242188 1773012646.4893
MEM 0.011719 1773012646.5905
CHLD 25412 0.015625 1773012646.5975
CHLD 36952 0.015625 1773012646.5975
CHLD 61868 592.281250 1773012646.5975
MEM 0.011719 1773012646.6985
CHLD 25412 0.015625 1773012646.7028
CHLD 36952 0.015625 1773012646.7028
CHLD 61868 593.257812 1773012646.7028
MEM 0.011719 1773012646.8065
CHLD 25412 0.015625 1773012646.8141
CHLD 36952 0.015625 1773012646.8141
CHLD 61868 594.210938 1773012646.8141
MEM 0.011719 1773012646.9147
CHLD 25412 0.015625 1773012646.9201
CHLD 36952 0.015625 1773012646.9201
CHLD 61868 595.152344 1773012646.9201
MEM 0.011719 1773012647.0230
CHLD 25412 0.015625 1773012647.0299
CHLD 36952 0.015625 1773012647.0299
CHLD 61868 596.132812 1773012647.0299
MEM 0.011719 1773012647.1305
CHLD 25412 0.015625 1773012647.1376
CHLD 36952 0.015625 1773012647.1376
CHLD 61868 597.203125 1773012647.1376
MEM 0.011719 1773012647.2391
CHLD 25412 0.015625 1773012647.2461
CHLD 36952 0.015625 1773012647.2461
CHLD 61868 598.117188 1773012647.2461
MEM 0.011719 1773012647.3473
CHLD 25412 0.015625 1773012647.3543
CHLD 36952 0.015625 1773012647.3543
CHLD 61868 599.027344 1773012647.3543
MEM 0.011719 1773012647.4556
CHLD 25412 0.015625 1773012647.4587
CHLD 36952 0.015625 1773012647.4587
CHLD 61868 599.972656 1773012647.4587
MEM 0.011719 1773012647.5640
CHLD 25412 0.015625 1773012647.5715
CHLD 36952 0.015625 1773012647.5715
CHLD 61868 600.933594 1773012647.5715
MEM 0.011719 1773012647.6722
CHLD 25412 0.015625 1773012647.6760
CHLD 36952 0.015625 1773012647.6760
CHLD 61868 601.863281 1773012647.6760
MEM 0.011719 1773012647.7804
CHLD 25412 0.015625 1773012647.7844
CHLD 36952 0.015625 1773012647.7844
CHLD 61868 602.855469 1773012647.7844
MEM 0.011719 1773012647.8884
CHLD 25412 0.015625 1773012647.8937
CHLD 36952 0.015625 1773012647.8937
CHLD 61868 603.734375 1773012647.8937
MEM 0.011719 1773012647.9962
CHLD 25412 0.015625 1773012648.0022
CHLD 36952 0.015625 1773012648.0022
CHLD 61868 604.757812 1773012648.0022
MEM 0.011719 1773012648.1045
CHLD 25412 0.015625 1773012648.1103
CHLD 36952 0.015625 1773012648.1103
CHLD 61868 605.757812 1773012648.1103
MEM 0.011719 1773012648.2126
CHLD 25412 0.015625 1773012648.2196
CHLD 36952 0.015625 1773012648.2196
CHLD 61868 606.710938 1773012648.2196
MEM 0.011719 1773012648.3217
CHLD 25412 0.015625 1773012648.3279
CHLD 36952 0.015625 1773012648.3279
CHLD 61868 607.656250 1773012648.3279
MEM 0.011719 1773012648.4304
CHLD 25412 0.015625 1773012648.4374
CHLD 36952 0.015625 1773012648.4374
CHLD 61868 608.628906 1773012648.4374
MEM 0.011719 1773012648.5384
CHLD 25412 0.015625 1773012648.5444
CHLD 36952 0.015625 1773012648.5444
CHLD 61868 609.625000 1773012648.5444
MEM 0.011719 1773012648.6463
CHLD 25412 0.015625 1773012648.6525
CHLD 36952 0.015625 1773012648.6525
CHLD 61868 610.597656 1773012648.6525
MEM 0.011719 1773012648.7541
CHLD 25412 0.015625 1773012648.7581
CHLD 36952 0.015625 1773012648.7581
CHLD 61868 611.546875 1773012648.7581
MEM 0.011719 1773012648.8615
CHLD 25412 0.015625 1773012648.8665
CHLD 36952 0.015625 1773012648.8665
CHLD 61868 612.492188 1773012648.8665
MEM 0.011719 1773012648.9689
CHLD 25412 0.015625 1773012648.9762
CHLD 36952 0.015625 1773012648.9762
CHLD 61868 613.378906 1773012648.9762
MEM 0.011719 1773012649.0770
CHLD 25412 0.015625 1773012649.0824
CHLD 36952 0.015625 1773012649.0824
CHLD 61868 614.367188 1773012649.0824
MEM 0.011719 1773012649.1845
CHLD 25412 0.015625 1773012649.1915
CHLD 36952 0.015625 1773012649.1915
CHLD 61868 615.375000 1773012649.1915
MEM 0.011719 1773012649.2924
CHLD 25412 0.015625 1773012649.2992
CHLD 36952 0.015625 1773012649.2992
CHLD 61868 616.300781 1773012649.2992
MEM 0.011719 1773012649.3998
CHLD 25412 0.015625 1773012649.4068
CHLD 36952 0.015625 1773012649.4068
CHLD 61868 617.222656 1773012649.4068
MEM 0.011719 1773012649.5078
CHLD 25412 0.015625 1773012649.5117
CHLD 36952 0.015625 1773012649.5117
CHLD 61868 618.183594 1773012649.5117
MEM 0.011719 1773012649.6158
CHLD 25412 0.015625 1773012649.6223
CHLD 36952 0.015625 1773012649.6223
CHLD 61868 619.089844 1773012649.6223
MEM 0.011719 1773012649.7235
CHLD 25412 0.015625 1773012649.7305
CHLD 36952 0.015625 1773012649.7305
CHLD 61868 620.140625 1773012649.7305
MEM 0.011719 1773012649.8308
CHLD 25412 0.015625 1773012649.8333
CHLD 36952 0.015625 1773012649.8333
CHLD 61868 621.070312 1773012649.8333
MEM 0.011719 1773012649.9385
CHLD 25412 0.015625 1773012649.9455
CHLD 36952 0.015625 1773012649.9455
CHLD 61868 622.046875 1773012649.9455
MEM 0.011719 1773012650.0476
CHLD 25412 0.015625 1773012650.0507
CHLD 36952 0.015625 1773012650.0507
CHLD 61868 623.046875 1773012650.0507
MEM 0.011719 1773012650.1552
CHLD 25412 0.015625 1773012650.1625
CHLD 36952 0.015625 1773012650.1625
CHLD 61868 624.003906 1773012650.1625
MEM 0.011719 1773012650.2644
CHLD 25412 0.015625 1773012650.2704
CHLD 36952 0.015625 1773012650.2704
CHLD 61868 624.968750 1773012650.2704
MEM 0.011719 1773012650.3721
CHLD 25412 0.015625 1773012650.3773
CHLD 36952 0.015625 1773012650.3773
CHLD 61868 625.937500 1773012650.3773
MEM 0.011719 1773012650.4813
CHLD 25412 0.015625 1773012650.4855
CHLD 36952 0.015625 1773012650.4855
CHLD 61868 626.890625 1773012650.4855
MEM 0.011719 1773012650.5895
CHLD 25412 0.015625 1773012650.5955
CHLD 36952 0.015625 1773012650.5955
CHLD 61868 627.894531 1773012650.5955
MEM 0.011719 1773012650.6967
CHLD 25412 0.015625 1773012650.7059
CHLD 36952 0.015625 1773012650.7059
CHLD 61868 628.902344 1773012650.7059
MEM 0.011719 1773012650.8062
CHLD 25412 0.015625 1773012650.8155
CHLD 36952 0.015625 1773012650.8155
CHLD 61868 629.804688 1773012650.8155
MEM 0.011719 1773012650.9163
CHLD 25412 0.015625 1773012650.9192
CHLD 36952 0.015625 1773012650.9192
CHLD 61868 630.863281 1773012650.9192
MEM 0.011719 1773012651.0241
CHLD 25412 0.015625 1773012651.0318
CHLD 36952 0.015625 1773012651.0318
CHLD 61868 631.781250 1773012651.0318
MEM 0.011719 1773012651.1325
CHLD 25412 0.015625 1773012651.1399
CHLD 36952 0.015625 1773012651.1399
CHLD 61868 632.742188 1773012651.1399
MEM 0.011719 1773012651.2418
CHLD 25412 0.015625 1773012651.2488
CHLD 36952 0.015625 1773012651.2488
CHLD 61868 633.667969 1773012651.2488
MEM 0.011719 1773012651.3496
CHLD 25412 0.015625 1773012651.3541
CHLD 36952 0.015625 1773012651.3541
CHLD 61868 634.585938 1773012651.3541
MEM 0.011719 1773012651.4575
CHLD 25412 0.015625 1773012651.4627
CHLD 36952 0.015625 1773012651.4627
CHLD 61868 635.628906 1773012651.4627
MEM 0.011719 1773012651.5665
CHLD 25412 0.015625 1773012651.5717
CHLD 36952 0.015625 1773012651.5717
CHLD 61868 636.519531 1773012651.5717
MEM 0.011719 1773012651.6744
CHLD 25412 0.015625 1773012651.6825
CHLD 36952 0.015625 1773012651.6825
CHLD 61868 637.437500 1773012651.6825
MEM 0.011719 1773012651.7827
CHLD 25412 0.015625 1773012651.7895
CHLD 36952 0.015625 1773012651.7895
CHLD 61868 638.414062 1773012651.7895
MEM 0.011719 1773012651.8907
CHLD 25412 0.015625 1773012651.8968
CHLD 36952 0.015625 1773012651.8968
CHLD 61868 639.394531 1773012651.8968
MEM 0.011719 1773012651.9989
CHLD 25412 0.015625 1773012652.0059
CHLD 36952 0.015625 1773012652.0059
CHLD 61868 640.316406 1773012652.0059
MEM 0.011719 1773012652.1067
CHLD 25412 0.015625 1773012652.1137
CHLD 36952 0.015625 1773012652.1137
CHLD 61868 641.253906 1773012652.1137
MEM 0.011719 1773012652.2143
CHLD 25412 0.015625 1773012652.2222
CHLD 36952 0.015625 1773012652.2222
CHLD 61868 642.238281 1773012652.2222
MEM 0.011719 1773012652.3227
CHLD 25412 0.015625 1773012652.3282
CHLD 36952 0.015625 1773012652.3282
CHLD 61868 643.085938 1773012652.3282
MEM 0.011719 1773012652.4312
CHLD 25412 0.015625 1773012652.4380
CHLD 36952 0.015625 1773012652.4380
CHLD 61868 644.046875 1773012652.4380
MEM 0.011719 1773012652.5407
CHLD 25412 0.015625 1773012652.5445
CHLD 36952 0.015625 1773012652.5445
CHLD 61868 644.941406 1773012652.5445
MEM 0.011719 1773012652.6488
CHLD 25412 0.015625 1773012652.6558
CHLD 36952 0.015625 1773012652.6558
CHLD 61868 645.957031 1773012652.6558
MEM 0.011719 1773012652.7571
CHLD 25412 0.015625 1773012652.7626
CHLD 36952 0.015625 1773012652.7626
CHLD 61868 646.925781 1773012652.7626
MEM 0.011719 1773012652.8651
CHLD 25412 0.015625 1773012652.8730
CHLD 36952 0.015625 1773012652.8730
CHLD 61868 647.929688 1773012652.8730
MEM 0.011719 1773012652.9742
CHLD 25412 0.015625 1773012652.9796
CHLD 36952 0.015625 1773012652.9796
CHLD 61868 648.906250 1773012652.9796
MEM 0.011719 1773012653.0822
CHLD 25412 0.015625 1773012653.0863
CHLD 36952 0.015625 1773012653.0863
CHLD 61868 649.808594 1773012653.0863
MEM 0.011719 1773012653.1902
CHLD 25412 0.015625 1773012653.1954
CHLD 36952 0.015625 1773012653.1954
CHLD 61868 650.824219 1773012653.1954
MEM 0.011719 1773012653.2980
CHLD 25412 0.015625 1773012653.3051
CHLD 36952 0.015625 1773012653.3051
CHLD 61868 651.750000 1773012653.3051
MEM 0.011719 1773012653.4061
CHLD 25412 0.015625 1773012653.4097
CHLD 36952 0.015625 1773012653.4097
CHLD 61868 652.710938 1773012653.4097
MEM 0.011719 1773012653.5140
CHLD 25412 0.015625 1773012653.5193
CHLD 36952 0.015625 1773012653.5193
CHLD 61868 653.671875 1773012653.5193
MEM 0.011719 1773012653.6232
CHLD 25412 0.015625 1773012653.6286
CHLD 36952 0.015625 1773012653.6286
CHLD 61868 654.683594 1773012653.6286
MEM 0.011719 1773012653.7315
CHLD 25412 0.015625 1773012653.7388
CHLD 36952 0.015625 1773012653.7388
CHLD 61868 655.660156 1773012653.7388
MEM 0.011719 1773012653.8393
CHLD 25412 0.015625 1773012653.8439
CHLD 36952 0.015625 1773012653.8439
CHLD 61868 656.636719 1773012653.8439
MEM 0.011719 1773012653.9470
CHLD 25412 0.015625 1773012653.9524
CHLD 36952 0.015625 1773012653.9524
CHLD 61868 657.578125 1773012653.9524
MEM 0.011719 1773012654.0551
CHLD 25412 0.015625 1773012654.0627
CHLD 36952 0.015625 1773012654.0627
CHLD 61868 658.550781 1773012654.0627
MEM 0.011719 1773012654.1637
CHLD 25412 0.015625 1773012654.1709
CHLD 36952 0.015625 1773012654.1709
CHLD 61868 659.527344 1773012654.1709
MEM 0.011719 1773012654.2719
CHLD 25412 0.015625 1773012654.2791
CHLD 36952 0.015625 1773012654.2791
CHLD 61868 660.492188 1773012654.2791
MEM 0.011719 1773012654.3801
CHLD 25412 0.015625 1773012654.3878
CHLD 36952 0.015625 1773012654.3878
CHLD 61868 661.445312 1773012654.3878
MEM 0.011719 1773012654.4883
CHLD 25412 0.015625 1773012654.4913
CHLD 36952 0.015625 1773012654.4913
CHLD 61868 662.457031 1773012654.4913
MEM 0.011719 1773012654.5961
CHLD 25412 0.015625 1773012654.6032
CHLD 36952 0.015625 1773012654.6032
CHLD 61868 663.429688 1773012654.6032
MEM 0.011719 1773012654.7046
CHLD 25412 0.015625 1773012654.7106
CHLD 36952 0.015625 1773012654.7106
CHLD 61868 664.351562 1773012654.7106
MEM 0.011719 1773012654.8127
CHLD 25412 0.015625 1773012654.8170
CHLD 36952 0.015625 1773012654.8170
CHLD 61868 665.335938 1773012654.8170
MEM 0.011719 1773012654.9206
CHLD 25412 0.015625 1773012654.9276
CHLD 36952 0.015625 1773012654.9276
CHLD 61868 666.339844 1773012654.9276
MEM 0.011719 1773012655.0289
CHLD 25412 0.015625 1773012655.0359
CHLD 36952 0.015625 1773012655.0359
CHLD 61868 667.253906 1773012655.0359
MEM 0.011719 1773012655.1370
CHLD 25412 0.015625 1773012655.1440
CHLD 36952 0.015625 1773012655.1440
CHLD 61868 668.226562 1773012655.1440
MEM 0.011719 1773012655.2449
CHLD 25412 0.015625 1773012655.2527
CHLD 36952 0.015625 1773012655.2527
CHLD 61868 669.214844 1773012655.2527
MEM 0.011719 1773012655.3535
CHLD 25412 0.015625 1773012655.3600
CHLD 36952 0.015625 1773012655.3600
CHLD 61868 670.171875 1773012655.3600
MEM 0.011719 1773012655.4616
CHLD 25412 0.015625 1773012655.4686
CHLD 36952 0.015625 1773012655.4686
CHLD 61868 671.167969 1773012655.4686
MEM 0.011719 1773012655.5698
CHLD 25412 0.015625 1773012655.5768
CHLD 36952 0.015625 1773012655.5768
CHLD 61868 672.148438 1773012655.5768
MEM 0.011719 1773012655.6777
CHLD 25412 0.015625 1773012655.6803
CHLD 36952 0.015625 1773012655.6803
CHLD 61868 673.125000 1773012655.6803
MEM 0.011719 1773012655.7855
CHLD 25412 0.015625 1773012655.7905
CHLD 36952 0.015625 1773012655.7905
CHLD 61868 674.082031 1773012655.7905
MEM 0.011719 1773012655.8928
CHLD 25412 0.015625 1773012655.8982
CHLD 36952 0.015625 1773012655.8982
CHLD 61868 675.062500 1773012655.8982
MEM 0.011719 1773012656.0010
CHLD 25412 0.015625 1773012656.0078
CHLD 36952 0.015625 1773012656.0078
CHLD 61868 676.046875 1773012656.0078
MEM 0.011719 1773012656.1092
CHLD 25412 0.015625 1773012656.1119
CHLD 36952 0.015625 1773012656.1119
CHLD 61868 676.996094 1773012656.1119
MEM 0.011719 1773012656.2170
CHLD 25412 0.015625 1773012656.2222
CHLD 36952 0.015625 1773012656.2222
CHLD 61868 678.003906 1773012656.2222
MEM 0.011719 1773012656.3258
CHLD 25412 0.015625 1773012656.3311
CHLD 36952 0.015625 1773012656.3311
CHLD 61868 678.917969 1773012656.3311
MEM 0.011719 1773012656.4338
CHLD 25412 0.015625 1773012656.4425
CHLD 36952 0.015625 1773012656.4425
CHLD 61868 679.937500 1773012656.4425
MEM 0.011719 1773012656.5442
CHLD 25412 0.015625 1773012656.5513
CHLD 36952 0.015625 1773012656.5513
CHLD 61868 680.890625 1773012656.5513
MEM 0.011719 1773012656.6526
CHLD 25412 0.015625 1773012656.6565
CHLD 36952 0.015625 1773012656.6565
CHLD 61868 681.878906 1773012656.6565
MEM 0.011719 1773012656.7607
CHLD 25412 0.015625 1773012656.7661
CHLD 36952 0.015625 1773012656.7661
CHLD 61868 682.820312 1773012656.7661
MEM 0.011719 1773012656.8688
CHLD 25412 0.015625 1773012656.8755
CHLD 36952 0.015625 1773012656.8755
CHLD 61868 683.871094 1773012656.8755
MEM 0.011719 1773012656.9766
CHLD 25412 0.015625 1773012656.9797
CHLD 36952 0.015625 1773012656.9797
CHLD 61868 684.867188 1773012656.9797
MEM 0.011719 1773012657.0844
CHLD 25412 0.015625 1773012657.0895
CHLD 36952 0.015625 1773012657.0895
CHLD 61868 685.808594 1773012657.0895
MEM 0.011719 1773012657.1922
CHLD 25412 0.015625 1773012657.1994
CHLD 36952 0.015625 1773012657.1994
CHLD 61868 686.753906 1773012657.1994
MEM 0.011719 1773012657.2998
CHLD 25412 0.015625 1773012657.3038
CHLD 36952 0.015625 1773012657.3038
CHLD 61868 687.734375 1773012657.3038
MEM 0.011719 1773012657.4082
CHLD 25412 0.015625 1773012657.4138
CHLD 36952 0.015625 1773012657.4138
CHLD 61868 688.660156 1773012657.4138
MEM 0.011719 1773012657.5158
CHLD 25412 0.015625 1773012657.5189
CHLD 36952 0.015625 1773012657.5189
CHLD 61868 689.644531 1773012657.5189
MEM 0.011719 1773012657.6233
CHLD 25412 0.015625 1773012657.6295
CHLD 36952 0.015625 1773012657.6295
CHLD 61868 690.593750 1773012657.6295
MEM 0.011719 1773012657.7303
CHLD 25412 0.015625 1773012657.7337
CHLD 36952 0.015625 1773012657.7337
CHLD 61868 691.593750 1773012657.7337
MEM 0.011719 1773012657.8383
CHLD 25412 0.015625 1773012657.8434
CHLD 36952 0.015625 1773012657.8434
CHLD 61868 692.531250 1773012657.8434
MEM 0.011719 1773012657.9462
CHLD 25412 0.015625 1773012657.9532
CHLD 36952 0.015625 1773012657.9532
CHLD 61868 693.542969 1773012657.9532
MEM 0.011719 1773012658.0538
CHLD 25412 0.015625 1773012658.0564
CHLD 36952 0.015625 1773012658.0564
CHLD 61868 694.527344 1773012658.0564
MEM 0.011719 1773012658.1619
CHLD 25412 0.015625 1773012658.1659
CHLD 36952 0.015625 1773012658.1659
CHLD 61868 695.445312 1773012658.1659
MEM 0.011719 1773012658.2694
CHLD 25412 0.015625 1773012658.2784
CHLD 36952 0.015625 1773012658.2784
CHLD 61868 696.371094 1773012658.2784
MEM 0.011719 1773012658.3793
CHLD 25412 0.015625 1773012658.3849
CHLD 36952 0.015625 1773012658.3849
CHLD 61868 697.410156 1773012658.3849
MEM 0.011719 1773012658.4866
CHLD 25412 0.015625 1773012658.4936
CHLD 36952 0.015625 1773012658.4936
CHLD 61868 698.332031 1773012658.4936
MEM 0.011719 1773012658.5944
CHLD 25412 0.015625 1773012658.5994
CHLD 36952 0.015625 1773012658.5994
CHLD 61868 699.316406 1773012658.5994
MEM 0.011719 1773012658.7045
CHLD 25412 0.015625 1773012658.7072
CHLD 36952 0.015625 1773012658.7072
CHLD 61868 700.335938 1773012658.7072
MEM 0.011719 1773012658.8122
CHLD 25412 0.015625 1773012658.8201
CHLD 36952 0.015625 1773012658.8201
CHLD 61868 701.281250 1773012658.8201
MEM 0.011719 1773012658.9220
CHLD 25412 0.015625 1773012658.9290
CHLD 36952 0.015625 1773012658.9290
CHLD 61868 702.312500 1773012658.9290
MEM 0.011719 1773012659.0300
CHLD 25412 0.015625 1773012659.0351
CHLD 36952 0.015625 1773012659.0351
CHLD 61868 703.292969 1773012659.0351
MEM 0.011719 1773012659.1375
CHLD 25412 0.015625 1773012659.1443
CHLD 36952 0.015625 1773012659.1443
CHLD 61868 704.191406 1773012659.1443
MEM 0.011719 1773012659.2455
CHLD 25412 0.015625 1773012659.2527
CHLD 36952 0.015625 1773012659.2527
CHLD 61868 705.164062 1773012659.2527
MEM 0.011719 1773012659.3545
CHLD 25412 0.015625 1773012659.3615
CHLD 36952 0.015625 1773012659.3615
CHLD 61868 706.128906 1773012659.3615
MEM 0.011719 1773012659.4635
CHLD 25412 0.015625 1773012659.4710
CHLD 36952 0.015625 1773012659.4710
CHLD 61868 707.121094 1773012659.4710
MEM 0.011719 1773012659.5717
CHLD 25412 0.015625 1773012659.5787
CHLD 36952 0.015625 1773012659.5787
CHLD 61868 708.109375 1773012659.5787
MEM 0.011719 1773012659.6811
CHLD 25412 0.015625 1773012659.6874
CHLD 36952 0.015625 1773012659.6874
CHLD 61868 709.074219 1773012659.6874
MEM 0.011719 1773012659.7919
CHLD 25412 0.015625 1773012659.7982
CHLD 36952 0.015625 1773012659.7982
CHLD 61868 709.945312 1773012659.7982
MEM 0.011719 1773012659.8991
CHLD 25412 0.015625 1773012659.9059
CHLD 36952 0.015625 1773012659.9059
CHLD 61868 710.976562 1773012659.9059
MEM 0.011719 1773012660.0076
CHLD 25412 0.015625 1773012660.0145
CHLD 36952 0.015625 1773012660.0145
CHLD 61868 711.894531 1773012660.0145
MEM 0.011719 1773012660.1158
CHLD 25412 0.015625 1773012660.1221
CHLD 36952 0.015625 1773012660.1221
CHLD 61868 712.894531 1773012660.1221
MEM 0.011719 1773012660.2243
CHLD 25412 0.015625 1773012660.2331
CHLD 36952 0.015625 1773012660.2331
CHLD 61868 713.843750 1773012660.2331
MEM 0.011719 1773012660.3347
CHLD 25412 0.015625 1773012660.3392
CHLD 36952 0.015625 1773012660.3392
CHLD 61868 714.851562 1773012660.3392
MEM 0.011719 1773012660.4430
CHLD 25412 0.015625 1773012660.4500
CHLD 36952 0.015625 1773012660.4500
CHLD 61868 715.789062 1773012660.4500
MEM 0.011719 1773012660.5514
CHLD 25412 0.015625 1773012660.5584
CHLD 36952 0.015625 1773012660.5584
CHLD 61868 716.765625 1773012660.5584
MEM 0.011719 1773012660.6598
CHLD 25412 0.015625 1773012660.6663
CHLD 36952 0.015625 1773012660.6663
CHLD 61868 717.703125 1773012660.6663
MEM 0.011719 1773012660.7679
CHLD 25412 0.015625 1773012660.7750
CHLD 36952 0.015625 1773012660.7750
CHLD 61868 718.628906 1773012660.7750
MEM 0.011719 1773012660.8762
CHLD 25412 0.015625 1773012660.8832
CHLD 36952 0.015625 1773012660.8832
CHLD 61868 719.574219 1773012660.8832
MEM 0.011719 1773012660.9843
CHLD 25412 0.015625 1773012660.9913
CHLD 36952 0.015625 1773012660.9913
CHLD 61868 720.574219 1773012660.9913
MEM 0.011719 1773012661.0929
CHLD 25412 0.015625 1773012661.0990
CHLD 36952 0.015625 1773012661.0990
CHLD 61868 721.468750 1773012661.0990
MEM 0.011719 1773012661.2011
CHLD 25412 0.015625 1773012661.2079
CHLD 36952 0.015625 1773012661.2079
CHLD 61868 722.437500 1773012661.2079
MEM 0.011719 1773012661.3093
CHLD 25412 0.015625 1773012661.3163
CHLD 36952 0.015625 1773012661.3163
CHLD 61868 723.414062 1773012661.3163
MEM 0.011719 1773012661.4170
CHLD 25412 0.015625 1773012661.4231
CHLD 36952 0.015625 1773012661.4231
CHLD 61868 724.425781 1773012661.4231
MEM 0.011719 1773012661.5252
CHLD 25412 0.015625 1773012661.5322
CHLD 36952 0.015625 1773012661.5322
CHLD 61868 725.378906 1773012661.5322
MEM 0.011719 1773012661.6334
CHLD 25412 0.015625 1773012661.6386
CHLD 36952 0.015625 1773012661.6386
CHLD 61868 726.371094 1773012661.6386
MEM 0.011719 1773012661.7417
CHLD 25412 0.015625 1773012661.7470
CHLD 36952 0.015625 1773012661.7470
CHLD 61868 727.300781 1773012661.7470
MEM 0.011719 1773012661.8498
CHLD 25412 0.015625 1773012661.8573
CHLD 36952 0.015625 1773012661.8573
CHLD 61868 728.257812 1773012661.8573
MEM 0.011719 1773012661.9615
CHLD 25412 0.015625 1773012661.9666
CHLD 36952 0.015625 1773012661.9666
CHLD 61868 729.253906 1773012661.9666
MEM 0.011719 1773012662.0692
CHLD 25412 0.015625 1773012662.0763
CHLD 36952 0.015625 1773012662.0763
CHLD 61868 730.183594 1773012662.0763
MEM 0.011719 1773012662.1771
CHLD 25412 0.015625 1773012662.1839
CHLD 36952 0.015625 1773012662.1839
CHLD 61868 731.148438 1773012662.1839
MEM 0.011719 1773012662.2848
CHLD 25412 0.015625 1773012662.2918
CHLD 36952 0.015625 1773012662.2918
CHLD 61868 732.062500 1773012662.2918
MEM 0.011719 1773012662.3931
CHLD 25412 0.015625 1773012662.3981
CHLD 36952 0.015625 1773012662.3981
CHLD 61868 733.019531 1773012662.3981
MEM 0.011719 1773012662.5023
CHLD 25412 0.015625 1773012662.5111
CHLD 36952 0.015625 1773012662.5111
CHLD 61868 733.980469 1773012662.5111
MEM 0.011719 1773012662.6121
CHLD 25412 0.015625 1773012662.6181
CHLD 36952 0.015625 1773012662.6181
CHLD 61868 734.996094 1773012662.6181
MEM 0.011719 1773012662.7200
CHLD 25412 0.015625 1773012662.7271
CHLD 36952 0.015625 1773012662.7271
CHLD 61868 735.894531 1773012662.7271
MEM 0.011719 1773012662.8280
CHLD 25412 0.015625 1773012662.8331
CHLD 36952 0.015625 1773012662.8331
CHLD 61868 736.835938 1773012662.8331
MEM 0.011719 1773012662.9355
CHLD 25412 0.015625 1773012662.9425
CHLD 36952 0.015625 1773012662.9425
CHLD 61868 737.785156 1773012662.9425
MEM 0.011719 1773012663.0440
CHLD 25412 0.015625 1773012663.0495
CHLD 36952 0.015625 1773012663.0495
CHLD 61868 738.765625 1773012663.0495
MEM 0.011719 1773012663.1534
CHLD 25412 0.015625 1773012663.1584
CHLD 36952 0.015625 1773012663.1584
CHLD 61868 739.753906 1773012663.1584
MEM 0.011719 1773012663.2611
CHLD 25412 0.015625 1773012663.2671
CHLD 36952 0.015625 1773012663.2671
CHLD 61868 740.753906 1773012663.2671
MEM 0.011719 1773012663.3692
CHLD 25412 0.015625 1773012663.3752
CHLD 36952 0.015625 1773012663.3752
CHLD 61868 741.667969 1773012663.3752
MEM 0.011719 1773012663.4771
CHLD 25412 0.015625 1773012663.4846
CHLD 36952 0.015625 1773012663.4846
CHLD 61868 742.566406 1773012663.4846
MEM 0.011719 1773012663.5850
CHLD 25412 0.015625 1773012663.5917
CHLD 36952 0.015625 1773012663.5917
CHLD 61868 743.527344 1773012663.5917
MEM 0.011719 1773012663.6928
CHLD 25412 0.015625 1773012663.6989
CHLD 36952 0.015625 1773012663.6989
CHLD 61868 744.515625 1773012663.6989
MEM 0.011719 1773012663.8011
CHLD 25412 0.015625 1773012663.8053
CHLD 36952 0.015625 1773012663.8053
CHLD 61868 745.468750 1773012663.8053
MEM 0.011719 1773012663.9091
CHLD 25412 0.015625 1773012663.9161
CHLD 36952 0.015625 1773012663.9161
CHLD 61868 746.386719 1773012663.9161
MEM 0.011719 1773012664.0168
CHLD 25412 0.015625 1773012664.0200
CHLD 36952 0.015625 1773012664.0200
CHLD 61868 747.359375 1773012664.0200
MEM 0.011719 1773012664.1247
CHLD 25412 0.015625 1773012664.1304
CHLD 36952 0.015625 1773012664.1304
CHLD 61868 748.402344 1773012664.1304
MEM 0.011719 1773012664.2316
CHLD 25412 0.015625 1773012664.2387
CHLD 36952 0.015625 1773012664.2387
CHLD 61868 749.343750 1773012664.2387
MEM 0.011719 1773012664.3390
CHLD 25412 0.015625 1773012664.3461
CHLD 36952 0.015625 1773012664.3461
CHLD 61868 750.351562 1773012664.3461
MEM 0.011719 1773012664.4471
CHLD 25412 0.015625 1773012664.4556
CHLD 36952 0.015625 1773012664.4556
CHLD 61868 751.378906 1773012664.4556
MEM 0.011719 1773012664.5559
CHLD 25412 0.015625 1773012664.5616
CHLD 36952 0.015625 1773012664.5616
CHLD 61868 752.343750 1773012664.5616
MEM 0.011719 1773012664.6637
CHLD 25412 0.015625 1773012664.6708
CHLD 36952 0.015625 1773012664.6708
CHLD 61868 753.296875 1773012664.6708
MEM 0.011719 1773012664.7717
CHLD 25412 0.015625 1773012664.7777
CHLD 36952 0.015625 1773012664.7777
CHLD 61868 754.300781 1773012664.7777
MEM 0.011719 1773012664.8799
CHLD 25412 0.015625 1773012664.8863
CHLD 36952 0.015625 1773012664.8863
CHLD 61868 755.285156 1773012664.8863
MEM 0.011719 1773012664.9882
CHLD 25412 0.015625 1773012664.9943
CHLD 36952 0.015625 1773012664.9943
CHLD 61868 756.238281 1773012664.9943
MEM 0.011719 1773012665.0962
CHLD 25412 0.015625 1773012665.1032
CHLD 36952 0.015625 1773012665.1032
CHLD 61868 757.167969 1773012665.1032
MEM 0.011719 1773012665.2043
CHLD 25412 0.015625 1773012665.2113
CHLD 36952 0.015625 1773012665.2113
CHLD 61868 758.093750 1773012665.2113
MEM 0.011719 1773012665.3123
CHLD 25412 0.015625 1773012665.3193
CHLD 36952 0.015625 1773012665.3193
CHLD 61868 759.093750 1773012665.3193
MEM 0.011719 1773012665.4209
CHLD 25412 0.015625 1773012665.4279
CHLD 36952 0.015625 1773012665.4279
CHLD 61868 760.101562 1773012665.4279
MEM 0.011719 1773012665.5289
CHLD 25412 0.015625 1773012665.5362
CHLD 36952 0.015625 1773012665.5362
CHLD 61868 761.007812 1773012665.5362
MEM 0.011719 1773012665.6380
CHLD 25412 0.015625 1773012665.6450
CHLD 36952 0.015625 1773012665.6450
CHLD 61868 762.003906 1773012665.6450
MEM 0.011719 1773012665.7460
CHLD 25412 0.015625 1773012665.7531
CHLD 36952 0.015625 1773012665.7531
CHLD 61868 762.964844 1773012665.7531
MEM 0.011719 1773012665.8541
CHLD 25412 0.015625 1773012665.8612
CHLD 36952 0.015625 1773012665.8612
CHLD 61868 763.937500 1773012665.8612
MEM 0.011719 1773012665.9623
CHLD 25412 0.015625 1773012665.9650
CHLD 36952 0.015625 1773012665.9700
CHLD 61868 764.898438 1773012665.9700
MEM 0.011719 1773012666.0704
CHLD 25412 0.015625 1773012666.0775
CHLD 36952 0.015625 1773012666.0775
CHLD 61868 765.816406 1773012666.0775
MEM 0.011719 1773012666.1798
CHLD 25412 0.015625 1773012666.1868
CHLD 36952 0.015625 1773012666.1868
CHLD 61868 766.812500 1773012666.1868
MEM 0.011719 1773012666.2875
CHLD 25412 0.015625 1773012666.2916
CHLD 36952 0.015625 1773012666.2916
CHLD 61868 767.785156 1773012666.2916
MEM 0.011719 1773012666.3943
CHLD 25412 0.015625 1773012666.4013
CHLD 36952 0.015625 1773012666.4013
CHLD 61868 768.777344 1773012666.4013
MEM 0.011719 1773012666.5024
CHLD 25412 0.015625 1773012666.5104
CHLD 36952 0.015625 1773012666.5104
CHLD 61868 769.789062 1773012666.5104
MEM 0.011719 1773012666.6124
CHLD 25412 0.015625 1773012666.6194
CHLD 36952 0.015625 1773012666.6194
CHLD 61868 770.726562 1773012666.6194
MEM 0.011719 1773012666.7211
CHLD 25412 0.015625 1773012666.7281
CHLD 36952 0.015625 1773012666.7281
CHLD 61868 771.726562 1773012666.7281
MEM 0.011719 1773012666.8293
CHLD 25412 0.015625 1773012666.8364
CHLD 36952 0.015625 1773012666.8364
CHLD 61868 772.699219 1773012666.8364
MEM 0.011719 1773012666.9376
CHLD 25412 0.015625 1773012666.9446
CHLD 36952 0.015625 1773012666.9446
CHLD 61868 773.675781 1773012666.9446
MEM 0.011719 1773012667.0456
CHLD 25412 0.015625 1773012667.0526
CHLD 36952 0.015625 1773012667.0526
CHLD 61868 774.632812 1773012667.0526
MEM 0.011719 1773012667.1539
CHLD 25412 0.015625 1773012667.1609
CHLD 36952 0.015625 1773012667.1609
CHLD 61868 775.617188 1773012667.1609
MEM 0.011719 1773012667.2618
CHLD 25412 0.015625 1773012667.2739
CHLD 36952 0.015625 1773012667.2739
CHLD 61868 776.589844 1773012667.2739
MEM 0.011719 1773012667.3748
CHLD 25412 0.015625 1773012667.3798
CHLD 36952 0.015625 1773012667.3798
CHLD 61868 777.546875 1773012667.3798
MEM 0.011719 1773012667.4835
CHLD 25412 0.015625 1773012667.4893
CHLD 36952 0.015625 1773012667.4893
CHLD 61868 778.531250 1773012667.4893
MEM 0.011719 1773012667.5917
CHLD 25412 0.015625 1773012667.5956
CHLD 36952 0.015625 1773012667.5956
CHLD 61868 779.476562 1773012667.5956
MEM 0.011719 1773012667.7000
CHLD 25412 0.015625 1773012667.7073
CHLD 36952 0.015625 1773012667.7073
CHLD 61868 780.464844 1773012667.7073
MEM 0.011719 1773012667.8085
CHLD 25412 0.015625 1773012667.8155
CHLD 36952 0.015625 1773012667.8155
CHLD 61868 781.437500 1773012667.8155
MEM 0.011719 1773012667.9170
CHLD 25412 0.015625 1773012667.9248
CHLD 36952 0.015625 1773012667.9248
CHLD 61868 782.421875 1773012667.9248
MEM 0.011719 1773012668.0252
CHLD 25412 0.015625 1773012668.0310
CHLD 36952 0.015625 1773012668.0310
CHLD 61868 783.402344 1773012668.0310
MEM 0.011719 1773012668.1330
CHLD 25412 0.015625 1773012668.1384
CHLD 36952 0.015625 1773012668.1384
CHLD 61868 784.085938 1773012668.1384
MEM 0.011719 1773012668.2419
CHLD 25412 0.015625 1773012668.2489
CHLD 36952 0.015625 1773012668.2489
CHLD 61868 784.984375 1773012668.2489
MEM 0.011719 1773012668.3493
CHLD 25412 0.015625 1773012668.3575
CHLD 36952 0.015625 1773012668.3575
CHLD 61868 785.957031 1773012668.3575
MEM 0.011719 1773012668.4588
CHLD 25412 0.015625 1773012668.4642
CHLD 36952 0.015625 1773012668.4642
CHLD 61868 786.929688 1773012668.4642
MEM 0.011719 1773012668.5666
CHLD 25412 0.015625 1773012668.5721
CHLD 36952 0.015625 1773012668.5721
CHLD 61868 787.953125 1773012668.5721
MEM 0.011719 1773012668.6747
CHLD 25412 0.015625 1773012668.6817
CHLD 36952 0.015625 1773012668.6817
CHLD 61868 788.941406 1773012668.6817
MEM 0.011719 1773012668.7828
CHLD 25412 0.015625 1773012668.7903
CHLD 36952 0.015625 1773012668.7903
CHLD 61868 789.925781 1773012668.7903
MEM 0.011719 1773012668.8908
CHLD 25412 0.015625 1773012668.8979
CHLD 36952 0.015625 1773012668.8979
CHLD 61868 790.890625 1773012668.8979
MEM 0.011719 1773012668.9987
CHLD 25412 0.015625 1773012669.0025
CHLD 36952 0.015625 1773012669.0025
CHLD 61868 791.859375 1773012669.0025
MEM 0.011719 1773012669.1066
CHLD 25412 0.015625 1773012669.1136
CHLD 36952 0.015625 1773012669.1136
CHLD 61868 792.851562 1773012669.1136
MEM 0.011719 1773012669.2144
CHLD 25412 0.015625 1773012669.2205
CHLD 36952 0.015625 1773012669.2205
CHLD 61868 793.851562 1773012669.2205
MEM 0.011719 1773012669.3217
CHLD 25412 0.015625 1773012669.3294
CHLD 36952 0.015625 1773012669.3294
CHLD 61868 794.757812 1773012669.3294
MEM 0.011719 1773012669.4305
CHLD 25412 0.015625 1773012669.4373
CHLD 36952 0.015625 1773012669.4373
CHLD 61868 795.761719 1773012669.4373
MEM 0.011719 1773012669.5384
CHLD 25412 0.015625 1773012669.5454
CHLD 36952 0.015625 1773012669.5454
CHLD 61868 796.738281 1773012669.5454
MEM 0.011719 1773012669.6456
CHLD 25412 0.015625 1773012669.6518
CHLD 36952 0.015625 1773012669.6518
CHLD 61868 797.691406 1773012669.6518
MEM 0.011719 1773012669.7540
CHLD 25412 0.015625 1773012669.7608
CHLD 36952 0.015625 1773012669.7608
CHLD 61868 798.703125 1773012669.7608
MEM 0.011719 1773012669.8615
CHLD 25412 0.015625 1773012669.8683
CHLD 36952 0.015625 1773012669.8683
CHLD 61868 799.589844 1773012669.8683
MEM 0.011719 1773012669.9688
CHLD 25412 0.015625 1773012669.9703
CHLD 36952 0.015625 1773012669.9703
CHLD 61868 800.605469 1773012669.9703
MEM 0.011719 1773012670.0760
CHLD 25412 0.015625 1773012670.0842
CHLD 36952 0.015625 1773012670.0842
CHLD 61868 801.621094 1773012670.0842
MEM 0.011719 1773012670.1851
CHLD 25412 0.015625 1773012670.1921
CHLD 36952 0.015625 1773012670.1921
CHLD 61868 802.593750 1773012670.1921
MEM 0.011719 1773012670.2927
CHLD 25412 0.015625 1773012670.2968
CHLD 36952 0.015625 1773012670.2968
CHLD 61868 803.539062 1773012670.2968
MEM 0.011719 1773012670.4020
CHLD 25412 0.015625 1773012670.4081
CHLD 36952 0.015625 1773012670.4081
CHLD 61868 804.523438 1773012670.4081
MEM 0.011719 1773012670.5092
CHLD 25412 0.015625 1773012670.5142
CHLD 36952 0.015625 1773012670.5142
CHLD 61868 805.468750 1773012670.5142
MEM 0.011719 1773012670.6163
CHLD 25412 0.015625 1773012670.6233
CHLD 36952 0.015625 1773012670.6233
CHLD 61868 806.511719 1773012670.6233
MEM 0.011719 1773012670.7237
CHLD 25412 0.015625 1773012670.7312
CHLD 36952 0.015625 1773012670.7312
CHLD 61868 807.460938 1773012670.7312
MEM 0.011719 1773012670.8314
CHLD 25412 0.015625 1773012670.8404
CHLD 36952 0.015625 1773012670.8404
CHLD 61868 808.441406 1773012670.8404
MEM 0.011719 1773012670.9414
CHLD 25412 0.015625 1773012670.9502
CHLD 36952 0.015625 1773012670.9502
CHLD 61868 809.398438 1773012670.9502
MEM 0.011719 1773012671.0510
CHLD 25412 0.015625 1773012671.0601
CHLD 36952 0.015625 1773012671.0601
CHLD 61868 810.316406 1773012671.0601
MEM 0.011719 1773012671.1611
CHLD 25412 0.015625 1773012671.1681
CHLD 36952 0.015625 1773012671.1681
CHLD 61868 811.343750 1773012671.1681
MEM 0.011719 1773012671.2690
CHLD 25412 0.015625 1773012671.2753
CHLD 36952 0.015625 1773012671.2753
CHLD 61868 812.335938 1773012671.2753
MEM 0.011719 1773012671.3779
CHLD 25412 0.015625 1773012671.3847
CHLD 36952 0.015625 1773012671.3847
CHLD 61868 813.187500 1773012671.3847
MEM 0.011719 1773012671.4857
CHLD 25412 0.015625 1773012671.4924
CHLD 36952 0.015625 1773012671.4924
CHLD 61868 814.183594 1773012671.4924
MEM 0.011719 1773012671.5936
CHLD 25412 0.015625 1773012671.6036
CHLD 36952 0.015625 1773012671.6036
CHLD 61868 815.128906 1773012671.6036
MEM 0.011719 1773012671.7047
CHLD 25412 0.015625 1773012671.7107
CHLD 36952 0.015625 1773012671.7107
CHLD 61868 816.074219 1773012671.7107
MEM 0.011719 1773012671.8126
CHLD 25412 0.015625 1773012671.8203
CHLD 36952 0.015625 1773012671.8203
CHLD 61868 817.074219 1773012671.8203
MEM 0.011719 1773012671.9208
CHLD 25412 0.015625 1773012671.9279
CHLD 36952 0.015625 1773012671.9279
CHLD 61868 818.031250 1773012671.9279
MEM 0.011719 1773012672.0285
CHLD 25412 0.015625 1773012672.0361
CHLD 36952 0.015625 1773012672.0361
CHLD 61868 819.062500 1773012672.0361
MEM 0.011719 1773012672.1371
CHLD 25412 0.015625 1773012672.1442
CHLD 36952 0.015625 1773012672.1442
CHLD 61868 819.992188 1773012672.1442
MEM 0.011719 1773012672.2451
CHLD 25412 0.015625 1773012672.2521
CHLD 36952 0.015625 1773012672.2521
CHLD 61868 820.890625 1773012672.2521
MEM 0.011719 1773012672.3530
CHLD 25412 0.015625 1773012672.3600
CHLD 36952 0.015625 1773012672.3600
CHLD 61868 821.722656 1773012672.3600
MEM 0.011719 1773012672.4610
CHLD 25412 0.015625 1773012672.4681
CHLD 36952 0.015625 1773012672.4681
CHLD 61868 822.742188 1773012672.4681
MEM 0.011719 1773012672.5691
CHLD 25412 0.015625 1773012672.5751
CHLD 36952 0.015625 1773012672.5751
CHLD 61868 823.710938 1773012672.5751
MEM 0.011719 1773012672.6771
CHLD 25412 0.015625 1773012672.6873
CHLD 36952 0.015625 1773012672.6873
CHLD 61868 824.718750 1773012672.6873
MEM 0.011719 1773012672.7902
CHLD 25412 0.015625 1773012672.7964
CHLD 36952 0.015625 1773012672.7964
CHLD 61868 825.648438 1773012672.7964
MEM 0.011719 1773012672.8995
CHLD 25412 0.015625 1773012672.9063
CHLD 36952 0.015625 1773012672.9063
CHLD 61868 826.667969 1773012672.9063
MEM 0.011719 1773012673.0075
CHLD 25412 0.015625 1773012673.0165
CHLD 36952 0.015625 1773012673.0165
CHLD 61868 827.585938 1773012673.0165
MEM 0.011719 1773012673.1171
CHLD 25412 0.015625 1773012673.1239
CHLD 36952 0.015625 1773012673.1239
CHLD 61868 828.570312 1773012673.1239
MEM 0.011719 1773012673.2245
CHLD 25412 0.015625 1773012673.2307
CHLD 36952 0.015625 1773012673.2307
CHLD 61868 829.562500 1773012673.2307
MEM 0.011719 1773012673.3314
CHLD 25412 0.015625 1773012673.3353
CHLD 36952 0.015625 1773012673.3353
CHLD 61868 830.468750 1773012673.3353
MEM 0.011719 1773012673.4397
CHLD 25412 0.015625 1773012673.4469
CHLD 36952 0.015625 1773012673.4469
CHLD 61868 831.535156 1773012673.4469
MEM 0.011719 1773012673.5481
CHLD 25412 0.015625 1773012673.5525
CHLD 36952 0.015625 1773012673.5525
CHLD 61868 832.503906 1773012673.5525
MEM 0.011719 1773012673.6565
CHLD 25412 0.015625 1773012673.6616
CHLD 36952 0.015625 1773012673.6616
CHLD 61868 833.457031 1773012673.6616
MEM 0.011719 1773012673.7646
CHLD 25412 0.015625 1773012673.7752
CHLD 36952 0.015625 1773012673.7752
CHLD 61868 834.421875 1773012673.7752
MEM 0.011719 1773012673.8759
CHLD 25412 0.015625 1773012673.8834
CHLD 36952 0.015625 1773012673.8834
CHLD 61868 835.406250 1773012673.8834
MEM 0.011719 1773012673.9841
CHLD 25412 0.015625 1773012673.9893
CHLD 36952 0.015625 1773012673.9893
CHLD 61868 836.347656 1773012673.9893
MEM 0.011719 1773012674.0921
CHLD 25412 0.015625 1773012674.0991
CHLD 36952 0.015625 1773012674.0991
CHLD 61868 837.382812 1773012674.0991
MEM 0.011719 1773012674.2003
CHLD 25412 0.015625 1773012674.2074
CHLD 36952 0.015625 1773012674.2074
CHLD 61868 838.332031 1773012674.2074
MEM 0.011719 1773012674.3081
CHLD 25412 0.015625 1773012674.3143
CHLD 36952 0.015625 1773012674.3143
CHLD 61868 839.296875 1773012674.3143
MEM 0.011719 1773012674.4162
CHLD 25412 0.015625 1773012674.4205
CHLD 36952 0.015625 1773012674.4205
CHLD 61868 840.230469 1773012674.4205
MEM 0.011719 1773012674.5242
CHLD 25412 0.015625 1773012674.5299
CHLD 36952 0.015625 1773012674.5299
CHLD 61868 841.246094 1773012674.5299
MEM 0.011719 1773012674.6321
CHLD 25412 0.015625 1773012674.6354
CHLD 36952 0.015625 1773012674.6354
CHLD 61868 842.199219 1773012674.6354
MEM 0.011719 1773012674.7397
CHLD 25412 0.015625 1773012674.7450
CHLD 36952 0.015625 1773012674.7450
CHLD 61868 843.125000 1773012674.7450
MEM 0.011719 1773012674.8476
CHLD 25412 0.015625 1773012674.8545
CHLD 36952 0.015625 1773012674.8545
CHLD 61868 844.082031 1773012674.8545
MEM 0.011719 1773012674.9557
CHLD 25412 0.015625 1773012674.9593
CHLD 36952 0.015625 1773012674.9593
CHLD 61868 845.054688 1773012674.9593
MEM 0.011719 1773012675.0631
CHLD 25412 0.015625 1773012675.0707
CHLD 36952 0.015625 1773012675.0707
CHLD 61868 845.976562 1773012675.0707
MEM 0.011719 1773012675.1711
CHLD 25412 0.015625 1773012675.1753
CHLD 36952 0.015625 1773012675.1753
CHLD 61868 846.988281 1773012675.1753
MEM 0.011719 1773012675.2792
CHLD 25412 0.015625 1773012675.2861
CHLD 36952 0.015625 1773012675.2861
CHLD 61868 847.917969 1773012675.2861
MEM 0.011719 1773012675.3877
CHLD 25412 0.015625 1773012675.3935
CHLD 36952 0.015625 1773012675.3935
CHLD 61868 848.878906 1773012675.3935
MEM 0.011719 1773012675.4958
CHLD 25412 0.015625 1773012675.5029
CHLD 36952 0.015625 1773012675.5029
CHLD 61868 849.828125 1773012675.5029
MEM 0.011719 1773012675.6038
CHLD 25412 0.015625 1773012675.6076
CHLD 36952 0.015625 1773012675.6076
CHLD 61868 850.851562 1773012675.6076
MEM 0.011719 1773012675.7118
CHLD 25412 0.015625 1773012675.7186
CHLD 36952 0.015625 1773012675.7186
CHLD 61868 851.851562 1773012675.7186
MEM 0.011719 1773012675.8199
CHLD 25412 0.015625 1773012675.8239
CHLD 36952 0.015625 1773012675.8239
CHLD 61868 852.820312 1773012675.8239
MEM 0.011719 1773012675.9280
CHLD 25412 0.015625 1773012675.9352
CHLD 36952 0.015625 1773012675.9352
CHLD 61868 853.785156 1773012675.9352
MEM 0.011719 1773012676.0361
CHLD 25412 0.015625 1773012676.0414
CHLD 36952 0.015625 1773012676.0414
CHLD 61868 854.792969 1773012676.0414
MEM 0.011719 1773012676.1440
CHLD 25412 0.015625 1773012676.1465
CHLD 36952 0.015625 1773012676.1465
CHLD 61868 855.750000 1773012676.1465
MEM 0.011719 1773012676.2520
CHLD 25412 0.015625 1773012676.2561
CHLD 36952 0.015625 1773012676.2561
CHLD 61868 856.675781 1773012676.2561
MEM 0.011719 1773012676.3601
CHLD 25412 0.015625 1773012676.3670
CHLD 36952 0.015625 1773012676.3670
CHLD 61868 857.718750 1773012676.3670
MEM 0.011719 1773012676.4675
CHLD 25412 0.015625 1773012676.4710
CHLD 36952 0.015625 1773012676.4710
CHLD 61868 858.652344 1773012676.4710
MEM 0.011719 1773012676.5750
CHLD 25412 0.015625 1773012676.5810
CHLD 36952 0.015625 1773012676.5810
CHLD 61868 859.558594 1773012676.5810
MEM 0.011719 1773012676.6829
CHLD 25412 0.015625 1773012676.6858
CHLD 36952 0.015625 1773012676.6858
CHLD 61868 860.562500 1773012676.6858
MEM 0.011719 1773012676.7912
CHLD 25412 0.015625 1773012676.7982
CHLD 36952 0.015625 1773012676.7982
CHLD 61868 861.515625 1773012676.7982
MEM 0.011719 1773012676.8990
CHLD 25412 0.015625 1773012676.9050
CHLD 36952 0.015625 1773012676.9050
CHLD 61868 862.492188 1773012676.9050
MEM 0.011719 1773012677.0065
CHLD 25412 0.015625 1773012677.0110
CHLD 36952 0.015625 1773012677.0110
CHLD 61868 863.488281 1773012677.0110
MEM 0.011719 1773012677.1145
CHLD 25412 0.015625 1773012677.1181
CHLD 36952 0.015625 1773012677.1181
CHLD 61868 864.457031 1773012677.1181
MEM 0.011719 1773012677.2226
CHLD 25412 0.015625 1773012677.2259
CHLD 36952 0.015625 1773012677.2259
CHLD 61868 865.417969 1773012677.2259
MEM 0.011719 1773012677.3312
CHLD 25412 0.015625 1773012677.3363
CHLD 36952 0.015625 1773012677.3363
CHLD 61868 866.429688 1773012677.3363
MEM 0.011719 1773012677.4399
CHLD 25412 0.015625 1773012677.4470
CHLD 36952 0.015625 1773012677.4470
CHLD 61868 867.402344 1773012677.4470
MEM 0.011719 1773012677.5480
CHLD 25412 0.015625 1773012677.5560
CHLD 36952 0.015625 1773012677.5560
CHLD 61868 868.339844 1773012677.5560
MEM 0.011719 1773012677.6570
CHLD 25412 0.015625 1773012677.6641
CHLD 36952 0.015625 1773012677.6641
CHLD 61868 869.339844 1773012677.6641
MEM 0.011719 1773012677.7655
CHLD 25412 0.015625 1773012677.7728
CHLD 36952 0.015625 1773012677.7728
CHLD 61868 870.281250 1773012677.7728
MEM 0.011719 1773012677.8731
CHLD 25412 0.015625 1773012677.8775
CHLD 36952 0.015625 1773012677.8775
CHLD 61868 871.300781 1773012677.8775
MEM 0.011719 1773012677.9803
CHLD 25412 0.015625 1773012677.9886
CHLD 36952 0.015625 1773012677.9886
CHLD 61868 872.285156 1773012677.9886
MEM 0.011719 1773012678.0893
CHLD 25412 0.015625 1773012678.0963
CHLD 36952 0.015625 1773012678.0963
CHLD 61868 873.226562 1773012678.0963
MEM 0.011719 1773012678.1971
CHLD 25412 0.015625 1773012678.2013
CHLD 36952 0.015625 1773012678.2013
CHLD 61868 874.210938 1773012678.2013
MEM 0.011719 1773012678.3045
CHLD 25412 0.015625 1773012678.3102
CHLD 36952 0.015625 1773012678.3102
CHLD 61868 875.175781 1773012678.3102
MEM 0.011719 1773012678.4122
CHLD 25412 0.015625 1773012678.4178
CHLD 36952 0.015625 1773012678.4178
CHLD 61868 876.125000 1773012678.4178
MEM 0.011719 1773012678.5194
CHLD 25412 0.015625 1773012678.5214
CHLD 36952 0.015625 1773012678.5214
CHLD 61868 877.097656 1773012678.5214
MEM 0.011719 1773012678.6265
CHLD 25412 0.015625 1773012678.6302
CHLD 36952 0.015625 1773012678.6302
CHLD 61868 878.003906 1773012678.6302
MEM 0.011719 1773012678.7345
CHLD 25412 0.015625 1773012678.7397
CHLD 36952 0.015625 1773012678.7397
CHLD 61868 878.972656 1773012678.7397
MEM 0.011719 1773012678.8416
CHLD 25412 0.015625 1773012678.8439
CHLD 36952 0.015625 1773012678.8439
CHLD 61868 879.898438 1773012678.8439
MEM 0.011719 1773012678.9487
CHLD 25412 0.015625 1773012678.9532
CHLD 36952 0.015625 1773012678.9532
CHLD 61868 880.902344 1773012678.9532
MEM 0.011719 1773012679.0582
CHLD 25412 0.015625 1773012679.0634
CHLD 36952 0.015625 1773012679.0634
CHLD 61868 881.890625 1773012679.0634
MEM 0.011719 1773012679.1656
CHLD 25412 0.015625 1773012679.1718
CHLD 36952 0.015625 1773012679.1718
CHLD 61868 882.847656 1773012679.1718
MEM 0.011719 1773012679.2727
CHLD 25412 0.015625 1773012679.2772
CHLD 36952 0.015625 1773012679.2772
CHLD 61868 883.796875 1773012679.2772
MEM 0.011719 1773012679.3810
CHLD 25412 0.015625 1773012679.3882
CHLD 36952 0.015625 1773012679.3882
CHLD 61868 884.796875 1773012679.3882
MEM 0.011719 1773012679.4889
CHLD 25412 0.015625 1773012679.4980
CHLD 36952 0.015625 1773012679.4980
CHLD 61868 885.765625 1773012679.4980
MEM 0.011719 1773012679.5985
CHLD 25412 0.015625 1773012679.6023
CHLD 36952 0.015625 1773012679.6023
CHLD 61868 886.750000 1773012679.6023
MEM 0.011719 1773012679.7058
CHLD 25412 0.015625 1773012679.7110
CHLD 36952 0.015625 1773012679.7110
CHLD 61868 887.722656 1773012679.7110
MEM 0.011719 1773012679.8136
CHLD 25412 0.015625 1773012679.8153
CHLD 36952 0.015625 1773012679.8153
CHLD 61868 888.679688 1773012679.8153
MEM 0.011719 1773012679.9207
CHLD 25412 0.015625 1773012679.9236
CHLD 36952 0.015625 1773012679.9236
CHLD 61868 889.679688 1773012679.9236
MEM 0.011719 1773012680.0284
CHLD 25412 0.015625 1773012680.0347
CHLD 36952 0.015625 1773012680.0347
CHLD 61868 890.640625 1773012680.0347
MEM 0.011719 1773012680.1365
CHLD 25412 0.015625 1773012680.1441
CHLD 36952 0.015625 1773012680.1441
CHLD 61868 891.628906 1773012680.1441
MEM 0.011719 1773012680.2448
CHLD 25412 0.015625 1773012680.2486
CHLD 36952 0.015625 1773012680.2486
CHLD 61868 892.613281 1773012680.2486
MEM 0.011719 1773012680.3528
CHLD 25412 0.015625 1773012680.3604
CHLD 36952 0.015625 1773012680.3604
CHLD 61868 893.605469 1773012680.3604
MEM 0.011719 1773012680.4609
CHLD 25412 0.015625 1773012680.4655
CHLD 36952 0.015625 1773012680.4655
CHLD 61868 894.484375 1773012680.4655
MEM 0.011719 1773012680.5690
CHLD 25412 0.015625 1773012680.5757
CHLD 36952 0.015625 1773012680.5757
CHLD 61868 895.449219 1773012680.5757
MEM 0.011719 1773012680.6776
CHLD 25412 0.015625 1773012680.6811
CHLD 36952 0.015625 1773012680.6811
CHLD 61868 896.433594 1773012680.6811
MEM 0.011719 1773012680.7857
CHLD 25412 0.015625 1773012680.7908
CHLD 36952 0.015625 1773012680.7908
CHLD 61868 897.402344 1773012680.7908
MEM 0.011719 1773012680.8948
CHLD 25412 0.015625 1773012680.8971
CHLD 36952 0.015625 1773012680.9027
CHLD 61868 898.429688 1773012680.9027
MEM 0.011719 1773012681.0032
CHLD 25412 0.015625 1773012681.0072
CHLD 36952 0.015625 1773012681.0072
CHLD 61868 899.328125 1773012681.0072
MEM 0.011719 1773012681.1112
CHLD 25412 0.015625 1773012681.1176
CHLD 36952 0.015625 1773012681.1176
CHLD 61868 900.324219 1773012681.1176
MEM 0.011719 1773012681.2185
CHLD 25412 0.015625 1773012681.2226
CHLD 36952 0.015625 1773012681.2226
CHLD 61868 901.292969 1773012681.2226
MEM 0.011719 1773012681.3259
CHLD 25412 0.015625 1773012681.3309
CHLD 36952 0.015625 1773012681.3309
CHLD 61868 902.230469 1773012681.3309
MEM 0.011719 1773012681.4330
CHLD 25412 0.015625 1773012681.4402
CHLD 36952 0.015625 1773012681.4402
CHLD 61868 903.234375 1773012681.4402
MEM 0.011719 1773012681.5411
CHLD 25412 0.015625 1773012681.5444
CHLD 36952 0.015625 1773012681.5444
CHLD 61868 904.101562 1773012681.5444
MEM 0.011719 1773012681.6493
CHLD 25412 0.015625 1773012681.6551
CHLD 36952 0.015625 1773012681.6551
CHLD 61868 905.078125 1773012681.6551
MEM 0.011719 1773012681.7575
CHLD 25412 0.015625 1773012681.7604
CHLD 36952 0.015625 1773012681.7604
CHLD 61868 906.019531 1773012681.7604
MEM 0.011719 1773012681.8656
CHLD 25412 0.015625 1773012681.8712
CHLD 36952 0.015625 1773012681.8712
CHLD 61868 906.933594 1773012681.8712
MEM 0.011719 1773012681.9735
CHLD 25412 0.015625 1773012681.9818
CHLD 36952 0.015625 1773012681.9818
CHLD 61868 908.000000 1773012681.9818
MEM 0.011719 1773012682.0866
CHLD 25412 0.015625 1773012682.0916
CHLD 36952 0.015625 1773012682.0916
CHLD 61868 908.937500 1773012682.0916
MEM 0.011719 1773012682.1946
CHLD 25412 0.015625 1773012682.2000
CHLD 36952 0.015625 1773012682.2000
CHLD 61868 909.906250 1773012682.2000
MEM 0.011719 1773012682.3027
CHLD 25412 0.015625 1773012682.3097
CHLD 36952 0.015625 1773012682.3097
CHLD 61868 910.894531 1773012682.3097
MEM 0.011719 1773012682.4107
CHLD 25412 0.015625 1773012682.4149
CHLD 36952 0.015625 1773012682.4149
CHLD 61868 911.835938 1773012682.4149
MEM 0.011719 1773012682.5187
CHLD 25412 0.015625 1773012682.5262
CHLD 36952 0.015625 1773012682.5262
CHLD 61868 912.738281 1773012682.5262
MEM 0.011719 1773012682.6268
CHLD 25412 0.015625 1773012682.6322
CHLD 36952 0.015625 1773012682.6322
CHLD 61868 913.691406 1773012682.6322
MEM 0.011719 1773012682.7366
CHLD 25412 0.015625 1773012682.7417
CHLD 36952 0.015625 1773012682.7417
CHLD 61868 914.679688 1773012682.7417
MEM 0.011719 1773012682.8450
CHLD 25412 0.015625 1773012682.8515
CHLD 36952 0.015625 1773012682.8515
CHLD 61868 915.683594 1773012682.8515
MEM 0.011719 1773012682.9529
CHLD 25412 0.015625 1773012682.9567
CHLD 36952 0.015625 1773012682.9567
CHLD 61868 916.640625 1773012682.9567
MEM 0.011719 1773012683.0608
CHLD 25412 0.015625 1773012683.0662
CHLD 36952 0.015625 1773012683.0662
CHLD 61868 917.601562 1773012683.0662
MEM 0.011719 1773012683.1692
CHLD 25412 0.015625 1773012683.1760
CHLD 36952 0.015625 1773012683.1760
CHLD 61868 918.582031 1773012683.1760
MEM 0.011719 1773012683.2772
CHLD 25412 0.015625 1773012683.2838
CHLD 36952 0.015625 1773012683.2838
CHLD 61868 919.527344 1773012683.2838
MEM 0.011719 1773012683.3870
CHLD 25412 0.015625 1773012683.3906
CHLD 36952 0.015625 1773012683.3906
CHLD 61868 920.535156 1773012683.3906
MEM 0.011719 1773012683.4953
CHLD 25412 0.015625 1773012683.5005
CHLD 36952 0.015625 1773012683.5005
CHLD 61868 921.546875 1773012683.5005
MEM 0.011719 1773012683.6036
CHLD 25412 0.015625 1773012683.6108
CHLD 36952 0.015625 1773012683.6108
CHLD 61868 922.480469 1773012683.6108
MEM 0.011719 1773012683.7113
CHLD 25412 0.015625 1773012683.7183
CHLD 36952 0.015625 1773012683.7183
CHLD 61868 923.421875 1773012683.7183
MEM 0.011719 1773012683.8192
CHLD 25412 0.015625 1773012683.8253
CHLD 36952 0.015625 1773012683.8253
CHLD 61868 924.335938 1773012683.8253
MEM 0.011719 1773012683.9274
CHLD 25412 0.015625 1773012683.9328
CHLD 36952 0.015625 1773012683.9328
CHLD 61868 925.265625 1773012683.9328
MEM 0.011719 1773012684.0352
CHLD 25412 0.015625 1773012684.0386
CHLD 36952 0.015625 1773012684.0386
CHLD 61868 926.292969 1773012684.0386
MEM 0.011719 1773012684.1431
CHLD 25412 0.015625 1773012684.1468
CHLD 36952 0.015625 1773012684.1468
CHLD 61868 927.226562 1773012684.1468
MEM 0.011719 1773012684.2502
CHLD 25412 0.015625 1773012684.2538
CHLD 36952 0.015625 1773012684.2538
CHLD 61868 928.140625 1773012684.2538
MEM 0.011719 1773012684.3568
CHLD 25412 0.015625 1773012684.3638
CHLD 36952 0.015625 1773012684.3638
CHLD 61868 929.179688 1773012684.3638
MEM 0.011719 1773012684.4647
CHLD 25412 0.015625 1773012684.4688
CHLD 36952 0.015625 1773012684.4688
CHLD 61868 930.144531 1773012684.4688
MEM 0.011719 1773012684.5726
CHLD 25412 0.015625 1773012684.5804
CHLD 36952 0.015625 1773012684.5804
CHLD 61868 931.070312 1773012684.5804
MEM 0.011719 1773012684.6806
CHLD 25412 0.015625 1773012684.6877
CHLD 36952 0.015625 1773012684.6877
CHLD 61868 932.031250 1773012684.6877
MEM 0.011719 1773012684.7885
CHLD 25412 0.015625 1773012684.7955
CHLD 36952 0.015625 1773012684.7955
CHLD 61868 932.980469 1773012684.7955
MEM 0.011719 1773012684.8967
CHLD 25412 0.015625 1773012684.8994
CHLD 36952 0.015625 1773012684.9044
CHLD 61868 934.023438 1773012684.9044
MEM 0.011719 1773012685.0045
CHLD 25412 0.015625 1773012685.0096
CHLD 36952 0.015625 1773012685.0096
CHLD 61868 934.972656 1773012685.0096
MEM 0.011719 1773012685.1127
CHLD 25412 0.015625 1773012685.1171
CHLD 36952 0.015625 1773012685.1171
CHLD 61868 935.968750 1773012685.1171
MEM 0.011719 1773012685.2209
CHLD 25412 0.015625 1773012685.2248
CHLD 36952 0.015625 1773012685.2248
CHLD 61868 937.027344 1773012685.2248
MEM 0.011719 1773012685.3289
CHLD 25412 0.015625 1773012685.3344
CHLD 36952 0.015625 1773012685.3344
CHLD 61868 937.984375 1773012685.3344
MEM 0.011719 1773012685.4377
CHLD 25412 0.015625 1773012685.4467
CHLD 36952 0.015625 1773012685.4467
CHLD 61868 938.941406 1773012685.4467
MEM 0.011719 1773012685.5479
CHLD 25412 0.015625 1773012685.5551
CHLD 36952 0.015625 1773012685.5551
CHLD 61868 939.847656 1773012685.5551
MEM 0.011719 1773012685.6560
CHLD 25412 0.015625 1773012685.6597
CHLD 36952 0.015625 1773012685.6597
CHLD 61868 940.855469 1773012685.6597
MEM 0.011719 1773012685.7640
CHLD 25412 0.015625 1773012685.7672
CHLD 36952 0.015625 1773012685.7672
CHLD 61868 941.867188 1773012685.7672
MEM 0.011719 1773012685.8715
CHLD 25412 0.015625 1773012685.8766
CHLD 36952 0.015625 1773012685.8766
CHLD 61868 942.789062 1773012685.8766
MEM 0.011719 1773012685.9782
CHLD 25412 0.015625 1773012685.9832
CHLD 36952 0.015625 1773012685.9832
CHLD 61868 943.765625 1773012685.9832
MEM 0.011719 1773012686.0851
CHLD 25412 0.015625 1773012686.0921
CHLD 36952 0.015625 1773012686.0921
CHLD 61868 944.769531 1773012686.0921
MEM 0.011719 1773012686.1927
CHLD 25412 0.015625 1773012686.1959
CHLD 36952 0.015625 1773012686.1959
CHLD 61868 945.726562 1773012686.1959
MEM 0.011719 1773012686.3006
CHLD 25412 0.015625 1773012686.3064
CHLD 36952 0.015625 1773012686.3064
CHLD 61868 946.667969 1773012686.3064
MEM 0.011719 1773012686.4083
CHLD 25412 0.015625 1773012686.4143
CHLD 36952 0.015625 1773012686.4143
CHLD 61868 947.664062 1773012686.4143
MEM 0.011719 1773012686.5160
CHLD 25412 0.015625 1773012686.5199
CHLD 36952 0.015625 1773012686.5199
CHLD 61868 948.593750 1773012686.5199
MEM 0.011719 1773012686.6239
CHLD 25412 0.015625 1773012686.6310
CHLD 36952 0.015625 1773012686.6310
CHLD 61868 949.589844 1773012686.6310
MEM 0.011719 1773012686.7315
CHLD 25412 0.015625 1773012686.7352
CHLD 36952 0.015625 1773012686.7352
CHLD 61868 950.507812 1773012686.7352
MEM 0.011719 1773012686.8390
CHLD 25412 0.015625 1773012686.8460
CHLD 36952 0.015625 1773012686.8460
CHLD 61868 951.476562 1773012686.8460
MEM 0.011719 1773012686.9466
CHLD 25412 0.015625 1773012686.9501
CHLD 36952 0.015625 1773012686.9501
CHLD 61868 952.476562 1773012686.9501
MEM 0.011719 1773012687.0541
CHLD 25412 0.015625 1773012687.0626
CHLD 36952 0.015625 1773012687.0626
CHLD 61868 953.386719 1773012687.0626
MEM 0.011719 1773012687.1630
CHLD 25412 0.015625 1773012687.1697
CHLD 36952 0.015625 1773012687.1697
CHLD 61868 954.289062 1773012687.1697
MEM 0.011719 1773012687.2705
CHLD 25412 0.015625 1773012687.2747
CHLD 36952 0.015625 1773012687.2747
CHLD 61868 955.312500 1773012687.2747
MEM 0.011719 1773012687.3781
CHLD 25412 0.015625 1773012687.3833
CHLD 36952 0.015625 1773012687.3833
CHLD 61868 956.199219 1773012687.3833
MEM 0.011719 1773012687.4857
CHLD 25412 0.015625 1773012687.4925
CHLD 36952 0.015625 1773012687.4925
CHLD 61868 957.199219 1773012687.4925
MEM 0.011719 1773012687.5933
CHLD 25412 0.015625 1773012687.5968
CHLD 36952 0.015625 1773012687.5968
CHLD 61868 958.175781 1773012687.5968
MEM 0.011719 1773012687.7020
CHLD 25412 0.015625 1773012687.7092
CHLD 36952 0.015625 1773012687.7092
CHLD 61868 959.058594 1773012687.7092
MEM 0.011719 1773012687.8112
CHLD 25412 0.015625 1773012687.8182
CHLD 36952 0.015625 1773012687.8182
CHLD 61868 960.074219 1773012687.8182
MEM 0.011719 1773012687.9185
CHLD 25412 0.015625 1773012687.9257
CHLD 36952 0.015625 1773012687.9257
CHLD 61868 961.035156 1773012687.9257
MEM 0.011719 1773012688.0283
CHLD 25412 0.015625 1773012688.0346
CHLD 36952 0.015625 1773012688.0346
CHLD 61868 962.031250 1773012688.0346
MEM 0.011719 1773012688.1387
CHLD 25412 0.015625 1773012688.1457
CHLD 36952 0.015625 1773012688.1457
CHLD 61868 962.992188 1773012688.1457
MEM 0.011719 1773012688.2479
CHLD 25412 0.015625 1773012688.2506
CHLD 36952 0.015625 1773012688.2506
CHLD 61868 963.945312 1773012688.2506
MEM 0.011719 1773012688.3554
CHLD 25412 0.015625 1773012688.3624
CHLD 36952 0.015625 1773012688.3624
CHLD 61868 964.925781 1773012688.3624
MEM 0.011719 1773012688.4630
CHLD 25412 0.015625 1773012688.4673
CHLD 36952 0.015625 1773012688.4673
CHLD 61868 965.941406 1773012688.4673
MEM 0.011719 1773012688.5718
CHLD 25412 0.015625 1773012688.5776
CHLD 36952 0.015625 1773012688.5776
CHLD 61868 966.945312 1773012688.5776
MEM 0.011719 1773012688.6792
CHLD 25412 0.015625 1773012688.6848
CHLD 36952 0.015625 1773012688.6848
CHLD 61868 967.933594 1773012688.6848
MEM 0.011719 1773012688.7875
CHLD 25412 0.015625 1773012688.7909
CHLD 36952 0.015625 1773012688.7909
CHLD 61868 968.773438 1773012688.7909
MEM 0.011719 1773012688.8955
CHLD 25412 0.015625 1773012688.9004
CHLD 36952 0.015625 1773012688.9004
CHLD 61868 969.726562 1773012688.9004
MEM 0.011719 1773012689.0034
CHLD 25412 0.015625 1773012689.0104
CHLD 36952 0.015625 1773012689.0104
CHLD 61868 970.796875 1773012689.0104
MEM 0.011719 1773012689.1117
CHLD 25412 0.015625 1773012689.1188
CHLD 36952 0.015625 1773012689.1188
CHLD 61868 971.832031 1773012689.1188
MEM 0.011719 1773012689.2207
CHLD 25412 0.015625 1773012689.2264
CHLD 36952 0.015625 1773012689.2264
CHLD 61868 972.804688 1773012689.2264
MEM 0.011719 1773012689.3283
CHLD 25412 0.015625 1773012689.3327
CHLD 36952 0.015625 1773012689.3327
CHLD 61868 973.753906 1773012689.3327
MEM 0.011719 1773012689.4370
CHLD 25412 0.015625 1773012689.4457
CHLD 36952 0.015625 1773012689.4457
CHLD 61868 974.765625 1773012689.4457
MEM 0.011719 1773012689.5463
CHLD 25412 0.015625 1773012689.5533
CHLD 36952 0.015625 1773012689.5533
CHLD 61868 975.765625 1773012689.5533
MEM 0.011719 1773012689.6540
CHLD 25412 0.015625 1773012689.6590
CHLD 36952 0.015625 1773012689.6590
CHLD 61868 976.750000 1773012689.6590
MEM 0.011719 1773012689.7621
CHLD 25412 0.015625 1773012689.7672
CHLD 36952 0.015625 1773012689.7672
CHLD 61868 977.734375 1773012689.7672
MEM 0.011719 1773012689.8700
CHLD 25412 0.015625 1773012689.8800
CHLD 36952 0.015625 1773012689.8800
CHLD 61868 978.730469 1773012689.8800
MEM 0.011719 1773012689.9806
CHLD 25412 0.015625 1773012689.9866
CHLD 36952 0.015625 1773012689.9866
CHLD 61868 979.707031 1773012689.9866
MEM 0.011719 1773012690.0888
CHLD 25412 0.015625 1773012690.0939
CHLD 36952 0.015625 1773012690.0939
CHLD 61868 980.718750 1773012690.0939
MEM 0.011719 1773012690.1970
CHLD 25412 0.015625 1773012690.2031
CHLD 36952 0.015625 1773012690.2031
CHLD 61868 981.574219 1773012690.2031
MEM 0.011719 1773012690.3052
CHLD 25412 0.015625 1773012690.3113
CHLD 36952 0.015625 1773012690.3113
CHLD 61868 982.609375 1773012690.3113
MEM 0.011719 1773012690.4135
CHLD 25412 0.015625 1773012690.4205
CHLD 36952 0.015625 1773012690.4205
CHLD 61868 983.589844 1773012690.4205
MEM 0.011719 1773012690.5218
CHLD 25412 0.015625 1773012690.5270
CHLD 36952 0.015625 1773012690.5270
CHLD 61868 984.566406 1773012690.5270
MEM 0.011719 1773012690.6300
CHLD 25412 0.015625 1773012690.6339
CHLD 36952 0.015625 1773012690.6339
CHLD 61868 985.566406 1773012690.6339
MEM 0.011719 1773012690.7390
CHLD 25412 0.015625 1773012690.7434
CHLD 36952 0.015625 1773012690.7434
CHLD 61868 986.523438 1773012690.7434
MEM 0.011719 1773012690.8466
CHLD 25412 0.015625 1773012690.8534
CHLD 36952 0.015625 1773012690.8534
CHLD 61868 987.527344 1773012690.8534
MEM 0.011719 1773012690.9542
CHLD 25412 0.015625 1773012690.9593
CHLD 36952 0.015625 1773012690.9593
CHLD 61868 988.523438 1773012690.9593
MEM 0.011719 1773012691.0620
CHLD 25412 0.015625 1773012691.0671
CHLD 36952 0.015625 1773012691.0671
CHLD 61868 989.507812 1773012691.0671
MEM 0.011719 1773012691.1698
CHLD 25412 0.015625 1773012691.1743
CHLD 36952 0.015625 1773012691.1743
CHLD 61868 990.558594 1773012691.1743
MEM 0.011719 1773012691.2776
CHLD 25412 0.015625 1773012691.2846
CHLD 36952 0.015625 1773012691.2846
CHLD 61868 991.484375 1773012691.2846
MEM 0.011719 1773012691.3855
CHLD 25412 0.015625 1773012691.3898
CHLD 36952 0.015625 1773012691.3898
CHLD 61868 992.480469 1773012691.3898
MEM 0.011719 1773012691.4936
CHLD 25412 0.015625 1773012691.4981
CHLD 36952 0.015625 1773012691.4981
CHLD 61868 993.339844 1773012691.4981
MEM 0.011719 1773012691.6016
CHLD 25412 0.015625 1773012691.6062
CHLD 36952 0.015625 1773012691.6062
CHLD 61868 994.402344 1773012691.6062
MEM 0.011719 1773012691.7097
CHLD 25412 0.015625 1773012691.7197
CHLD 36952 0.015625 1773012691.7197
CHLD 61868 995.292969 1773012691.7197
MEM 0.011719 1773012691.8205
CHLD 25412 0.015625 1773012691.8275
CHLD 36952 0.015625 1773012691.8275
CHLD 61868 996.320312 1773012691.8275
MEM 0.011719 1773012691.9282
CHLD 25412 0.015625 1773012691.9320
CHLD 36952 0.015625 1773012691.9320
CHLD 61868 997.320312 1773012691.9320
MEM 0.011719 1773012692.0362
CHLD 25412 0.015625 1773012692.0437
CHLD 36952 0.015625 1773012692.0437
CHLD 61868 998.285156 1773012692.0437
MEM 0.011719 1773012692.1440
CHLD 25412 0.015625 1773012692.1480
CHLD 36952 0.015625 1773012692.1480
CHLD 61868 999.277344 1773012692.1480
MEM 0.011719 1773012692.2535
CHLD 25412 0.015625 1773012692.2574
CHLD 36952 0.015625 1773012692.2574
CHLD 61868 1000.238281 1773012692.2574
MEM 0.011719 1773012692.3615
CHLD 25412 0.015625 1773012692.3647
CHLD 36952 0.015625 1773012692.3647
CHLD 61868 1001.214844 1773012692.3647
MEM 0.011719 1773012692.4691
CHLD 25412 0.015625 1773012692.4742
CHLD 36952 0.015625 1773012692.4742
CHLD 61868 1002.144531 1773012692.4742
MEM 0.011719 1773012692.5764
CHLD 25412 0.015625 1773012692.5834
CHLD 36952 0.015625 1773012692.5834
CHLD 61868 1003.160156 1773012692.5854
MEM 0.011719 1773012692.6855
CHLD 25412 0.015625 1773012692.6925
CHLD 36952 0.015625 1773012692.6925
CHLD 61868 1004.082031 1773012692.6925
MEM 0.011719 1773012692.7934
CHLD 25412 0.015625 1773012692.8001
CHLD 36952 0.015625 1773012692.8001
CHLD 61868 1004.996094 1773012692.8001
MEM 0.011719 1773012692.9024
CHLD 25412 0.015625 1773012692.9075
CHLD 36952 0.015625 1773012692.9075
CHLD 61868 1006.007812 1773012692.9075
MEM 0.011719 1773012693.0103
CHLD 25412 0.015625 1773012693.0145
CHLD 36952 0.015625 1773012693.0145
CHLD 61868 1006.972656 1773012693.0145
MEM 0.011719 1773012693.1186
CHLD 25412 0.015625 1773012693.1227
CHLD 36952 0.015625 1773012693.1227
CHLD 61868 1007.898438 1773012693.1227
MEM 0.011719 1773012693.2268
CHLD 25412 0.015625 1773012693.2347
CHLD 36952 0.015625 1773012693.2347
CHLD 61868 1008.933594 1773012693.2347
MEM 0.011719 1773012693.3358
CHLD 25412 0.015625 1773012693.3430
CHLD 36952 0.015625 1773012693.3430
CHLD 61868 1009.957031 1773012693.3430
MEM 0.011719 1773012693.4449
CHLD 25412 0.015625 1773012693.4499
CHLD 36952 0.015625 1773012693.4499
CHLD 61868 1010.941406 1773012693.4499
MEM 0.011719 1773012693.5528
CHLD 25412 0.015625 1773012693.5623
CHLD 36952 0.015625 1773012693.5623
CHLD 61868 1011.937500 1773012693.5623
MEM 0.011719 1773012693.6629
CHLD 25412 0.015625 1773012693.6718
CHLD 36952 0.015625 1773012693.6718
CHLD 61868 1012.953125 1773012693.6718
MEM 0.011719 1773012693.7721
CHLD 25412 0.015625 1773012693.7761
CHLD 36952 0.015625 1773012693.7761
CHLD 61868 1013.898438 1773012693.7761
MEM 0.011719 1773012693.8804
CHLD 25412 0.015625 1773012693.8874
CHLD 36952 0.015625 1773012693.8874
CHLD 61868 1014.910156 1773012693.8874
MEM 0.011719 1773012693.9894
CHLD 25412 0.015625 1773012693.9948
CHLD 36952 0.015625 1773012693.9948
CHLD 61868 1015.906250 1773012693.9948
MEM 0.011719 1773012694.0971
CHLD 25412 0.015625 1773012694.1004
CHLD 36952 0.015625 1773012694.1004
CHLD 61868 1016.867188 1773012694.1004
MEM 0.011719 1773012694.2050
CHLD 25412 0.015625 1773012694.2143
CHLD 36952 0.015625 1773012694.2152
CHLD 61868 1017.773438 1773012694.2152
MEM 0.011719 1773012694.3157
CHLD 25412 0.015625 1773012694.3227
CHLD 36952 0.015625 1773012694.3227
CHLD 61868 1018.804688 1773012694.3227
MEM 0.011719 1773012694.4237
CHLD 25412 0.015625 1773012694.4320
CHLD 36952 0.015625 1773012694.4320
CHLD 61868 1019.792969 1773012694.4320
MEM 0.011719 1773012694.5335
CHLD 25412 0.015625 1773012694.5405
CHLD 36952 0.015625 1773012694.5405
CHLD 61868 1020.789062 1773012694.5405
MEM 0.011719 1773012694.6413
CHLD 25412 0.015625 1773012694.6477
CHLD 36952 0.015625 1773012694.6477
CHLD 61868 1021.773438 1773012694.6477
MEM 0.011719 1773012694.7490
CHLD 25412 0.015625 1773012694.7534
CHLD 36952 0.015625 1773012694.7534
CHLD 61868 1022.734375 1773012694.7534
MEM 0.011719 1773012694.8568
CHLD 25412 0.015625 1773012694.8622
CHLD 36952 0.015625 1773012694.8622
CHLD 61868 1023.757812 1773012694.8622
MEM 0.011719 1773012694.9643
CHLD 25412 0.015625 1773012694.9703
CHLD 36952 0.015625 1773012694.9703
CHLD 61868 1024.722656 1773012694.9703
MEM 0.011719 1773012695.0728
CHLD 25412 0.015625 1773012695.0796
CHLD 36952 0.015625 1773012695.0796
CHLD 61868 1025.789062 1773012695.0796
MEM 0.011719 1773012695.1807
CHLD 25412 0.015625 1773012695.1878
CHLD 36952 0.015625 1773012695.1878
CHLD 61868 1026.671875 1773012695.1878
MEM 0.011719 1773012695.2887
CHLD 25412 0.015625 1773012695.2914
CHLD 36952 0.015625 1773012695.2914
CHLD 61868 1027.679688 1773012695.2914
MEM 0.011719 1773012695.3969
CHLD 25412 0.015625 1773012695.4040
CHLD 36952 0.015625 1773012695.4040
CHLD 61868 1028.671875 1773012695.4040
MEM 0.011719 1773012695.5051
CHLD 25412 0.015625 1773012695.5121
CHLD 36952 0.015625 1773012695.5121
CHLD 61868 1029.617188 1773012695.5121
MEM 0.011719 1773012695.6129
CHLD 25412 0.015625 1773012695.6184
CHLD 36952 0.015625 1773012695.6184
CHLD 61868 1030.609375 1773012695.6184
MEM 0.011719 1773012695.7210
CHLD 25412 0.015625 1773012695.7242
CHLD 36952 0.015625 1773012695.7242
CHLD 61868 1031.617188 1773012695.7242
MEM 0.011719 1773012695.8292
CHLD 25412 0.015625 1773012695.8372
CHLD 36952 0.015625 1773012695.8372
CHLD 61868 1032.683594 1773012695.8372
MEM 0.011719 1773012695.9380
CHLD 25412 0.015625 1773012695.9449
CHLD 36952 0.015625 1773012695.9449
CHLD 61868 1033.640625 1773012695.9449
MEM 0.011719 1773012696.0458
CHLD 25412 0.015625 1773012696.0496
CHLD 36952 0.015625 1773012696.0496
CHLD 61868 1034.613281 1773012696.0496
MEM 0.011719 1773012696.1541
CHLD 25412 0.015625 1773012696.1581
CHLD 36952 0.015625 1773012696.1581
CHLD 61868 1035.597656 1773012696.1581
MEM 0.011719 1773012696.2620
CHLD 25412 0.015625 1773012696.2687
CHLD 36952 0.015625 1773012696.2687
CHLD 61868 1036.589844 1773012696.2687
MEM 0.011719 1773012696.3690
CHLD 25412 0.015625 1773012696.3723
CHLD 36952 0.015625 1773012696.3723
CHLD 61868 1037.550781 1773012696.3723
MEM 0.011719 1773012696.4769
CHLD 25412 0.015625 1773012696.4824
CHLD 36952 0.015625 1773012696.4824
CHLD 61868 1038.589844 1773012696.4824
MEM 0.011719 1773012696.5847
CHLD 25412 0.015625 1773012696.5918
CHLD 36952 0.015625 1773012696.5918
CHLD 61868 1039.550781 1773012696.5918
MEM 0.011719 1773012696.6924
CHLD 25412 0.015625 1773012696.6994
CHLD 36952 0.015625 1773012696.6994
CHLD 61868 1040.562500 1773012696.6994
MEM 0.011719 1773012696.8006
CHLD 25412 0.015625 1773012696.8075
CHLD 36952 0.015625 1773012696.8075
CHLD 61868 1041.507812 1773012696.8075
MEM 0.011719 1773012696.9084
CHLD 25412 0.015625 1773012696.9154
CHLD 36952 0.015625 1773012696.9154
CHLD 61868 1042.527344 1773012696.9154
MEM 0.011719 1773012697.0164
CHLD 25412 0.015625 1773012697.0234
CHLD 36952 0.015625 1773012697.0234
CHLD 61868 1043.511719 1773012697.0234
MEM 0.011719 1773012697.1240
CHLD 25412 0.015625 1773012697.1273
CHLD 36952 0.015625 1773012697.1273
CHLD 61868 1044.492188 1773012697.1273
MEM 0.011719 1773012697.2316
CHLD 25412 0.015625 1773012697.2370
CHLD 36952 0.015625 1773012697.2370
CHLD 61868 1045.503906 1773012697.2370
MEM 0.011719 1773012697.3407
CHLD 25412 0.015625 1773012697.3467
CHLD 36952 0.015625 1773012697.3467
CHLD 61868 1046.492188 1773012697.3467
MEM 0.011719 1773012697.4494
CHLD 25412 0.015625 1773012697.4567
CHLD 36952 0.015625 1773012697.4567
CHLD 61868 1047.476562 1773012697.4567
MEM 0.011719 1773012697.5574
CHLD 25412 0.015625 1773012697.5612
CHLD 36952 0.015625 1773012697.5612
CHLD 61868 1048.406250 1773012697.5612
MEM 0.011719 1773012697.6649
CHLD 25412 0.015625 1773012697.6720
CHLD 36952 0.015625 1773012697.6720
CHLD 61868 1049.398438 1773012697.6720
MEM 0.011719 1773012697.7724
CHLD 25412 0.015625 1773012697.7751
CHLD 36952 0.015625 1773012697.7751
CHLD 61868 1050.390625 1773012697.7751
MEM 0.011719 1773012697.8800
CHLD 25412 0.015625 1773012697.8838
CHLD 36952 0.015625 1773012697.8838
CHLD 61868 1051.375000 1773012697.8838
MEM 0.011719 1773012697.9877
CHLD 25412 0.015625 1773012697.9947
CHLD 36952 0.015625 1773012697.9947
CHLD 61868 1052.304688 1773012697.9947
MEM 0.011719 1773012698.0949
CHLD 25412 0.015625 1773012698.1017
CHLD 36952 0.015625 1773012698.1017
CHLD 61868 1053.296875 1773012698.1017
MEM 0.011719 1773012698.2024
CHLD 25412 0.015625 1773012698.2091
CHLD 36952 0.015625 1773012698.2091
CHLD 61868 1054.304688 1773012698.2091
MEM 0.011719 1773012698.3096
CHLD 25412 0.015625 1773012698.3131
CHLD 36952 0.015625 1773012698.3131
CHLD 61868 1055.316406 1773012698.3131
MEM 0.011719 1773012698.4182
CHLD 25412 0.015625 1773012698.4252
CHLD 36952 0.015625 1773012698.4252
CHLD 61868 1056.277344 1773012698.4252
MEM 0.011719 1773012698.5266
CHLD 25412 0.015625 1773012698.5354
CHLD 36952 0.015625 1773012698.5354
CHLD 61868 1057.296875 1773012698.5354
MEM 0.011719 1773012698.6356
CHLD 25412 0.015625 1773012698.6403
CHLD 36952 0.015625 1773012698.6403
CHLD 61868 1058.289062 1773012698.6403
MEM 0.011719 1773012698.7431
CHLD 25412 0.015625 1773012698.7511
CHLD 36952 0.015625 1773012698.7511
CHLD 61868 1059.273438 1773012698.7511
MEM 0.011719 1773012698.8533
CHLD 25412 0.015625 1773012698.8570
CHLD 36952 0.015625 1773012698.8570
CHLD 61868 1060.289062 1773012698.8570
MEM 0.011719 1773012698.9611
CHLD 25412 0.015625 1773012698.9678
CHLD 36952 0.015625 1773012698.9678
CHLD 61868 1061.296875 1773012698.9678
MEM 0.011719 1773012699.0692
CHLD 25412 0.015625 1773012699.0719
CHLD 36952 0.015625 1773012699.0719
CHLD 61868 1062.261719 1773012699.0719
MEM 0.011719 1773012699.1768
CHLD 25412 0.015625 1773012699.1816
CHLD 36952 0.015625 1773012699.1816
CHLD 61868 1063.296875 1773012699.1816
MEM 0.011719 1773012699.2858
CHLD 25412 0.015625 1773012699.2913
CHLD 36952 0.015625 1773012699.2913
CHLD 61868 1064.246094 1773012699.2913
MEM 0.011719 1773012699.3938
CHLD 25412 0.015625 1773012699.4010
CHLD 36952 0.015625 1773012699.4010
CHLD 61868 1065.191406 1773012699.4010
MEM 0.011719 1773012699.5021
CHLD 25412 0.015625 1773012699.5090
CHLD 36952 0.015625 1773012699.5090
CHLD 61868 1066.179688 1773012699.5090
MEM 0.011719 1773012699.6100
CHLD 25412 0.015625 1773012699.6125
CHLD 36952 0.015625 1773012699.6125
CHLD 61868 1067.109375 1773012699.6125
MEM 0.011719 1773012699.7180
CHLD 25412 0.015625 1773012699.7247
CHLD 36952 0.015625 1773012699.7247
CHLD 61868 1068.144531 1773012699.7247
MEM 0.011719 1773012699.8257
CHLD 25412 0.015625 1773012699.8277
CHLD 36952 0.015625 1773012699.8277
CHLD 61868 1069.101562 1773012699.8277
MEM 0.011719 1773012699.9322
CHLD 25412 0.015625 1773012699.9374
CHLD 36952 0.015625 1773012699.9374
CHLD 61868 1070.082031 1773012699.9374
MEM 0.011719 1773012700.0404
CHLD 25412 0.015625 1773012700.0469
CHLD 36952 0.015625 1773012700.0469
CHLD 61868 1071.019531 1773012700.0469
MEM 0.011719 1773012700.1484
CHLD 25412 0.015625 1773012700.1545
CHLD 36952 0.015625 1773012700.1545
CHLD 61868 1072.007812 1773012700.1545
MEM 0.011719 1773012700.2565
CHLD 25412 0.015625 1773012700.2625
CHLD 36952 0.015625 1773012700.2625
CHLD 61868 1073.039062 1773012700.2625
MEM 0.011719 1773012700.3643
CHLD 25412 0.015625 1773012700.3713
CHLD 36952 0.015625 1773012700.3713
CHLD 61868 1074.023438 1773012700.3713
MEM 0.011719 1773012700.4724
CHLD 25412 0.015625 1773012700.4781
CHLD 36952 0.015625 1773012700.4801
CHLD 61868 1075.058594 1773012700.4801
MEM 0.011719 1773012700.5802
CHLD 25412 0.015625 1773012700.5902
CHLD 36952 0.015625 1773012700.5902
CHLD 61868 1076.015625 1773012700.5902
MEM 0.011719 1773012700.6916
CHLD 25412 0.015625 1773012700.6966
CHLD 36952 0.015625 1773012700.6966
CHLD 61868 1077.000000 1773012700.6966
MEM 0.011719 1773012700.7996
CHLD 25412 0.015625 1773012700.8050
CHLD 36952 0.015625 1773012700.8050
CHLD 61868 1077.976562 1773012700.8050
MEM 0.011719 1773012700.9076
CHLD 25412 0.015625 1773012700.9131
CHLD 36952 0.015625 1773012700.9131
CHLD 61868 1078.937500 1773012700.9131
MEM 0.011719 1773012701.0147
CHLD 25412 0.015625 1773012701.0185
CHLD 36952 0.015625 1773012701.0185
CHLD 61868 1079.917969 1773012701.0185
MEM 0.011719 1773012701.1221
CHLD 25412 0.015625 1773012701.1272
CHLD 36952 0.015625 1773012701.1272
CHLD 61868 1080.949219 1773012701.1272
MEM 0.011719 1773012701.2301
CHLD 25412 0.015625 1773012701.2353
CHLD 36952 0.015625 1773012701.2353
CHLD 61868 1081.957031 1773012701.2353
MEM 0.011719 1773012701.3402
CHLD 25412 0.015625 1773012701.3440
CHLD 36952 0.015625 1773012701.3440
CHLD 61868 1082.902344 1773012701.3440
MEM 0.011719 1773012701.4479
CHLD 25412 0.015625 1773012701.4543
CHLD 36952 0.015625 1773012701.4543
CHLD 61868 1083.890625 1773012701.4543
MEM 0.011719 1773012701.5568
CHLD 25412 0.015625 1773012701.5636
CHLD 36952 0.015625 1773012701.5636
CHLD 61868 1084.906250 1773012701.5636
MEM 0.011719 1773012701.6643
CHLD 25412 0.015625 1773012701.6726
CHLD 36952 0.015625 1773012701.6726
CHLD 61868 1085.855469 1773012701.6726
MEM 0.011719 1773012701.7734
CHLD 25412 0.015625 1773012701.7799
CHLD 36952 0.015625 1773012701.7799
CHLD 61868 1086.816406 1773012701.7799
MEM 0.011719 1773012701.8811
CHLD 25412 0.015625 1773012701.8886
CHLD 36952 0.015625 1773012701.8886
CHLD 61868 1087.847656 1773012701.8886
MEM 0.011719 1773012701.9889
CHLD 25412 0.015625 1773012701.9959
CHLD 36952 0.015625 1773012701.9959
CHLD 61868 1088.808594 1773012701.9959
MEM 0.011719 1773012702.0970
CHLD 25412 0.015625 1773012702.1020
CHLD 36952 0.015625 1773012702.1020
CHLD 61868 1089.765625 1773012702.1020
MEM 0.011719 1773012702.2051
CHLD 25412 0.015625 1773012702.2106
CHLD 36952 0.015625 1773012702.2106
CHLD 61868 1090.714844 1773012702.2106
MEM 0.011719 1773012702.3131
CHLD 25412 0.015625 1773012702.3184
CHLD 36952 0.015625 1773012702.3184
CHLD 61868 1091.773438 1773012702.3184
MEM 0.011719 1773012702.4210
CHLD 25412 0.015625 1773012702.4271
CHLD 36952 0.015625 1773012702.4271
CHLD 61868 1092.687500 1773012702.4271
MEM 0.011719 1773012702.5284
CHLD 25412 0.015625 1773012702.5325
CHLD 36952 0.015625 1773012702.5325
CHLD 61868 1093.644531 1773012702.5325
MEM 0.011719 1773012702.6369
CHLD 25412 0.015625 1773012702.6408
CHLD 36952 0.015625 1773012702.6408
CHLD 61868 1094.601562 1773012702.6408
MEM 0.011719 1773012702.7447
CHLD 25412 0.015625 1773012702.7517
CHLD 36952 0.015625 1773012702.7517
CHLD 61868 1095.531250 1773012702.7517
MEM 0.011719 1773012702.8532
CHLD 25412 0.015625 1773012702.8576
CHLD 36952 0.015625 1773012702.8576
CHLD 61868 1096.531250 1773012702.8576
MEM 0.011719 1773012702.9612
CHLD 25412 0.015625 1773012702.9652
CHLD 36952 0.015625 1773012702.9652
CHLD 61868 1097.585938 1773012702.9652
MEM 0.011719 1773012703.0694
CHLD 25412 0.015625 1773012703.0744
CHLD 36952 0.015625 1773012703.0744
CHLD 61868 1098.535156 1773012703.0744
MEM 0.011719 1773012703.1776
CHLD 25412 0.015625 1773012703.1846
CHLD 36952 0.015625 1773012703.1846
CHLD 61868 1099.496094 1773012703.1846
MEM 0.011719 1773012703.2857
CHLD 25412 0.015625 1773012703.2947
CHLD 36952 0.015625 1773012703.2947
CHLD 61868 1100.554688 1773012703.2947
MEM 0.011719 1773012703.3956
CHLD 25412 0.015625 1773012703.4010
CHLD 36952 0.015625 1773012703.4010
CHLD 61868 1101.523438 1773012703.4010
MEM 0.011719 1773012703.5038
CHLD 25412 0.015625 1773012703.5092
CHLD 36952 0.015625 1773012703.5092
CHLD 61868 1102.535156 1773012703.5092
MEM 0.011719 1773012703.6117
CHLD 25412 0.015625 1773012703.6167
CHLD 36952 0.015625 1773012703.6167
CHLD 61868 1103.496094 1773012703.6167
MEM 0.011719 1773012703.7200
CHLD 25412 0.015625 1773012703.7253
CHLD 36952 0.015625 1773012703.7253
CHLD 61868 1104.476562 1773012703.7253
MEM 0.011719 1773012703.8279
CHLD 25412 0.015625 1773012703.8349
CHLD 36952 0.015625 1773012703.8349
CHLD 61868 1105.437500 1773012703.8349
MEM 0.011719 1773012703.9372
CHLD 25412 0.015625 1773012703.9441
CHLD 36952 0.015625 1773012703.9441
CHLD 61868 1106.410156 1773012703.9441
MEM 0.011719 1773012704.0452
CHLD 25412 0.015625 1773012704.0543
CHLD 36952 0.015625 1773012704.0543
CHLD 61868 1107.410156 1773012704.0543
MEM 0.011719 1773012704.1547
CHLD 25412 0.015625 1773012704.1574
CHLD 36952 0.015625 1773012704.1574
CHLD 61868 1108.304688 1773012704.1574
MEM 0.011719 1773012704.2616
CHLD 25412 0.015625 1773012704.2670
CHLD 36952 0.015625 1773012704.2670
CHLD 61868 1109.253906 1773012704.2670
MEM 0.011719 1773012704.3695
CHLD 25412 0.015625 1773012704.3767
CHLD 36952 0.015625 1773012704.3767
CHLD 61868 1110.144531 1773012704.3767
MEM 0.011719 1773012704.4777
CHLD 25412 0.015625 1773012704.4847
CHLD 36952 0.015625 1773012704.4847
CHLD 61868 1111.152344 1773012704.4847
MEM 0.011719 1773012704.5854
CHLD 25412 0.015625 1773012704.5924
CHLD 36952 0.015625 1773012704.5924
CHLD 61868 1112.171875 1773012704.5924
MEM 0.011719 1773012704.6934
CHLD 25412 0.015625 1773012704.7042
CHLD 36952 0.015625 1773012704.7042
CHLD 61868 1113.183594 1773012704.7042
MEM 0.011719 1773012704.8063
CHLD 25412 0.015625 1773012704.8102
CHLD 36952 0.015625 1773012704.8102
CHLD 61868 1114.191406 1773012704.8102
MEM 0.011719 1773012704.9142
CHLD 25412 0.015625 1773012704.9194
CHLD 36952 0.015625 1773012704.9194
CHLD 61868 1115.207031 1773012704.9194
MEM 0.011719 1773012705.0235
CHLD 25412 0.015625 1773012705.0289
CHLD 36952 0.015625 1773012705.0289
CHLD 61868 1116.230469 1773012705.0289
MEM 0.011719 1773012705.1314
CHLD 25412 0.015625 1773012705.1379
CHLD 36952 0.015625 1773012705.1379
CHLD 61868 1117.222656 1773012705.1379
MEM 0.011719 1773012705.2404
CHLD 25412 0.015625 1773012705.2435
CHLD 36952 0.015625 1773012705.2435
CHLD 61868 1118.171875 1773012705.2435
MEM 0.011719 1773012705.3483
CHLD 25412 0.015625 1773012705.3526
CHLD 36952 0.015625 1773012705.3526
CHLD 61868 1119.171875 1773012705.3526
MEM 0.011719 1773012705.4562
CHLD 25412 0.015625 1773012705.4654
CHLD 36952 0.015625 1773012705.4654
CHLD 61868 1120.121094 1773012705.4654
MEM 0.011719 1773012705.5663
CHLD 25412 0.015625 1773012705.5706
CHLD 36952 0.015625 1773012705.5706
CHLD 61868 1121.156250 1773012705.5706
MEM 0.011719 1773012705.6740
CHLD 25412 0.015625 1773012705.6809
CHLD 36952 0.015625 1773012705.6809
CHLD 61868 1122.109375 1773012705.6809
MEM 0.011719 1773012705.7818
CHLD 25412 0.015625 1773012705.7853
CHLD 36952 0.015625 1773012705.7853
CHLD 61868 1123.152344 1773012705.7853
MEM 0.011719 1773012705.8897
CHLD 25412 0.015625 1773012705.8947
CHLD 36952 0.015625 1773012705.8947
CHLD 61868 1124.070312 1773012705.8947
MEM 0.011719 1773012705.9971
CHLD 25412 0.015625 1773012706.0026
CHLD 36952 0.015625 1773012706.0026
CHLD 61868 1125.074219 1773012706.0026
MEM 0.011719 1773012706.1045
CHLD 25412 0.015625 1773012706.1097
CHLD 36952 0.015625 1773012706.1097
CHLD 61868 1126.089844 1773012706.1097
MEM 0.011719 1773012706.2120
CHLD 25412 0.015625 1773012706.2205
CHLD 36952 0.015625 1773012706.2205
CHLD 61868 1127.039062 1773012706.2205
MEM 0.011719 1773012706.3218
CHLD 25412 0.015625 1773012706.3250
CHLD 36952 0.015625 1773012706.3250
CHLD 61868 1128.050781 1773012706.3250
MEM 0.011719 1773012706.4296
CHLD 25412 0.015625 1773012706.4366
CHLD 36952 0.015625 1773012706.4366
CHLD 61868 1128.988281 1773012706.4366
MEM 0.011719 1773012706.5373
CHLD 25412 0.015625 1773012706.5415
CHLD 36952 0.015625 1773012706.5415
CHLD 61868 1129.984375 1773012706.5415
MEM 0.011719 1773012706.6450
CHLD 25412 0.015625 1773012706.6502
CHLD 36952 0.015625 1773012706.6502
CHLD 61868 1130.914062 1773012706.6502
MEM 0.011719 1773012706.7528
CHLD 25412 0.015625 1773012706.7598
CHLD 36952 0.015625 1773012706.7598
CHLD 61868 1131.941406 1773012706.7598
MEM 0.011719 1773012706.8604
CHLD 25412 0.015625 1773012706.8626
CHLD 36952 0.015625 1773012706.8626
CHLD 61868 1132.960938 1773012706.8626
MEM 0.011719 1773012706.9678
CHLD 25412 0.015625 1773012706.9752
CHLD 36952 0.015625 1773012706.9752
CHLD 61868 1133.933594 1773012706.9752
MEM 0.011719 1773012707.0772
CHLD 25412 0.015625 1773012707.0811
CHLD 36952 0.015625 1773012707.0811
CHLD 61868 1134.929688 1773012707.0811
MEM 0.011719 1773012707.1847
CHLD 25412 0.015625 1773012707.1902
CHLD 36952 0.015625 1773012707.1902
CHLD 61868 1135.964844 1773012707.1902
MEM 0.011719 1773012707.2920
CHLD 25412 0.015625 1773012707.2970
CHLD 36952 0.015625 1773012707.2970
CHLD 61868 1136.925781 1773012707.2970
MEM 0.011719 1773012707.3994
CHLD 25412 0.015625 1773012707.4019
CHLD 36952 0.015625 1773012707.4019
CHLD 61868 1137.824219 1773012707.4019
MEM 0.011719 1773012707.5073
CHLD 25412 0.015625 1773012707.5113
CHLD 36952 0.015625 1773012707.5113
CHLD 61868 1138.867188 1773012707.5113
MEM 0.011719 1773012707.6150
CHLD 25412 0.015625 1773012707.6202
CHLD 36952 0.015625 1773012707.6202
CHLD 61868 1139.824219 1773012707.6202
MEM 0.011719 1773012707.7228
CHLD 25412 0.015625 1773012707.7293
CHLD 36952 0.015625 1773012707.7293
CHLD 61868 1140.785156 1773012707.7293
MEM 0.011719 1773012707.8308
CHLD 25412 0.015625 1773012707.8406
CHLD 36952 0.015625 1773012707.8406
CHLD 61868 1141.800781 1773012707.8406
MEM 0.011719 1773012707.9412
CHLD 25412 0.015625 1773012707.9469
CHLD 36952 0.015625 1773012707.9469
CHLD 61868 1142.832031 1773012707.9469
MEM 0.011719 1773012708.0493
CHLD 25412 0.015625 1773012708.0547
CHLD 36952 0.015625 1773012708.0547
CHLD 61868 1143.777344 1773012708.0547
MEM 0.011719 1773012708.1578
CHLD 25412 0.015625 1773012708.1646
CHLD 36952 0.015625 1773012708.1646
CHLD 61868 1144.796875 1773012708.1646
MEM 0.011719 1773012708.2657
CHLD 25412 0.015625 1773012708.2684
CHLD 36952 0.015625 1773012708.2684
CHLD 61868 1145.800781 1773012708.2684
MEM 0.011719 1773012708.3736
CHLD 25412 0.015625 1773012708.3768
CHLD 36952 0.015625 1773012708.3768
CHLD 61868 1146.769531 1773012708.3768
MEM 0.011719 1773012708.4803
CHLD 25412 0.015625 1773012708.4841
CHLD 36952 0.015625 1773012708.4841
CHLD 61868 1147.777344 1773012708.4841
MEM 0.011719 1773012708.5888
CHLD 25412 0.015625 1773012708.5963
CHLD 36952 0.015625 1773012708.5963
CHLD 61868 1148.757812 1773012708.5963
MEM 0.011719 1773012708.6968
CHLD 25412 0.015625 1773012708.7028
CHLD 36952 0.015625 1773012708.7028
CHLD 61868 1149.738281 1773012708.7028
MEM 0.011719 1773012708.8049
CHLD 25412 0.015625 1773012708.8119
CHLD 36952 0.015625 1773012708.8119
CHLD 61868 1150.710938 1773012708.8119
MEM 0.011719 1773012708.9128
CHLD 25412 0.015625 1773012708.9182
CHLD 36952 0.015625 1773012708.9182
CHLD 61868 1151.660156 1773012708.9182
MEM 0.011719 1773012709.0207
CHLD 25412 0.015625 1773012709.0277
CHLD 36952 0.015625 1773012709.0277
CHLD 61868 1152.652344 1773012709.0277
MEM 0.011719 1773012709.1289
CHLD 25412 0.015625 1773012709.1326
CHLD 36952 0.015625 1773012709.1326
CHLD 61868 1153.593750 1773012709.1326
MEM 0.011719 1773012709.2366
CHLD 25412 0.015625 1773012709.2421
CHLD 36952 0.015625 1773012709.2421
CHLD 61868 1154.625000 1773012709.2421
MEM 0.011719 1773012709.3446
CHLD 25412 0.015625 1773012709.3516
CHLD 36952 0.015625 1773012709.3516
CHLD 61868 1155.617188 1773012709.3516
MEM 0.011719 1773012709.4530
CHLD 25412 0.015625 1773012709.4570
CHLD 36952 0.015625 1773012709.4570
CHLD 61868 1156.570312 1773012709.4570
MEM 0.011719 1773012709.5610
CHLD 25412 0.015625 1773012709.5658
CHLD 36952 0.015625 1773012709.5658
CHLD 61868 1157.523438 1773012709.5658
MEM 0.011719 1773012709.6699
CHLD 25412 0.015625 1773012709.6753
CHLD 36952 0.015625 1773012709.6753
CHLD 61868 1158.496094 1773012709.6753
MEM 0.011719 1773012709.7780
CHLD 25412 0.015625 1773012709.7851
CHLD 36952 0.015625 1773012709.7851
CHLD 61868 1159.507812 1773012709.7851
MEM 0.011719 1773012709.8867
CHLD 25412 0.015625 1773012709.8927
CHLD 36952 0.015625 1773012709.8927
CHLD 61868 1160.523438 1773012709.8927
MEM 0.011719 1773012709.9943
CHLD 25412 0.015625 1773012709.9994
CHLD 36952 0.015625 1773012709.9994
CHLD 61868 1161.398438 1773012709.9994
MEM 0.011719 1773012710.1024
CHLD 25412 0.015625 1773012710.1079
CHLD 36952 0.015625 1773012710.1079
CHLD 61868 1162.386719 1773012710.1079
MEM 0.011719 1773012710.2105
CHLD 25412 0.015625 1773012710.2176
CHLD 36952 0.015625 1773012710.2176
CHLD 61868 1163.417969 1773012710.2176
MEM 0.011719 1773012710.3206
CHLD 25412 0.015625 1773012710.3271
CHLD 36952 0.015625 1773012710.3271
CHLD 61868 1164.363281 1773012710.3271
MEM 0.011719 1773012710.4276
CHLD 25412 0.015625 1773012710.4312
CHLD 36952 0.015625 1773012710.4312
CHLD 61868 1165.339844 1773012710.4312
MEM 0.011719 1773012710.5352
CHLD 25412 0.015625 1773012710.5422
CHLD 36952 0.015625 1773012710.5422
CHLD 61868 1166.328125 1773012710.5422
MEM 0.011719 1773012710.6431
CHLD 25412 0.015625 1773012710.6468
CHLD 36952 0.015625 1773012710.6468
CHLD 61868 1167.347656 1773012710.6468
MEM 0.011719 1773012710.7509
CHLD 25412 0.015625 1773012710.7562
CHLD 36952 0.015625 1773012710.7562
CHLD 61868 1168.308594 1773012710.7562
MEM 0.011719 1773012710.8589
CHLD 25412 0.015625 1773012710.8658
CHLD 36952 0.015625 1773012710.8658
CHLD 61868 1169.253906 1773012710.8658
MEM 0.011719 1773012710.9704
CHLD 25412 0.015625 1773012710.9761
CHLD 36952 0.015625 1773012710.9761
CHLD 61868 1170.230469 1773012710.9761
MEM 0.011719 1773012711.0791
CHLD 25412 0.015625 1773012711.0819
CHLD 36952 0.015625 1773012711.0819
CHLD 61868 1171.292969 1773012711.0819
MEM 0.011719 1773012711.1874
CHLD 25412 0.015625 1773012711.1901
CHLD 36952 0.015625 1773012711.1901
CHLD 61868 1172.246094 1773012711.1901
MEM 0.011719 1773012711.2952
CHLD 25412 0.015625 1773012711.3005
CHLD 36952 0.015625 1773012711.3005
CHLD 61868 1173.199219 1773012711.3005
MEM 0.011719 1773012711.4046
CHLD 25412 0.015625 1773012711.4100
CHLD 36952 0.015625 1773012711.4100
CHLD 61868 1174.121094 1773012711.4100
MEM 0.011719 1773012711.5147
CHLD 25412 0.015625 1773012711.5182
CHLD 36952 0.015625 1773012711.5182
CHLD 61868 1175.070312 1773012711.5182
MEM 0.011719 1773012711.6229
CHLD 25412 0.015625 1773012711.6300
CHLD 36952 0.015625 1773012711.6300
CHLD 61868 1176.085938 1773012711.6300
MEM 0.011719 1773012711.7309
CHLD 25412 0.015625 1773012711.7361
CHLD 36952 0.015625 1773012711.7361
CHLD 61868 1177.019531 1773012711.7361
MEM 0.011719 1773012711.8392
CHLD 25412 0.015625 1773012711.8447
CHLD 36952 0.015625 1773012711.8447
CHLD 61868 1178.003906 1773012711.8447
MEM 0.011719 1773012711.9480
CHLD 25412 0.015625 1773012711.9531
CHLD 36952 0.015625 1773012711.9531
CHLD 61868 1178.960938 1773012711.9531
MEM 0.011719 1773012712.0562
CHLD 25412 0.015625 1773012712.0631
CHLD 36952 0.015625 1773012712.0631
CHLD 61868 1179.945312 1773012712.0631
MEM 0.011719 1773012712.1640
CHLD 25412 0.015625 1773012712.1669
CHLD 36952 0.015625 1773012712.1669
CHLD 61868 1180.839844 1773012712.1669
MEM 0.011719 1773012712.2716
CHLD 25412 0.015625 1773012712.2748
CHLD 36952 0.015625 1773012712.2748
CHLD 61868 1181.898438 1773012712.2748
MEM 0.011719 1773012712.3792
CHLD 25412 0.015625 1773012712.3842
CHLD 36952 0.015625 1773012712.3842
CHLD 61868 1182.804688 1773012712.3842
MEM 0.011719 1773012712.4873
CHLD 25412 0.015625 1773012712.4945
CHLD 36952 0.015625 1773012712.4945
CHLD 61868 1183.800781 1773012712.4945
MEM 0.011719 1773012712.5954
CHLD 25412 0.015625 1773012712.6032
CHLD 36952 0.015625 1773012712.6032
CHLD 61868 1184.808594 1773012712.6032
MEM 0.011719 1773012712.7037
CHLD 25412 0.015625 1773012712.7112
CHLD 36952 0.015625 1773012712.7112
CHLD 61868 1185.781250 1773012712.7112
MEM 0.011719 1773012712.8115
CHLD 25412 0.015625 1773012712.8198
CHLD 36952 0.015625 1773012712.8198
CHLD 61868 1186.742188 1773012712.8198
MEM 0.011719 1773012712.9212
CHLD 25412 0.015625 1773012712.9277
CHLD 36952 0.015625 1773012712.9277
CHLD 61868 1187.667969 1773012712.9277
MEM 0.011719 1773012713.0292
CHLD 25412 0.015625 1773012713.0362
CHLD 36952 0.015625 1773012713.0362
CHLD 61868 1188.707031 1773012713.0362
MEM 0.011719 1773012713.1371
CHLD 25412 0.015625 1773012713.1415
CHLD 36952 0.015625 1773012713.1415
CHLD 61868 1189.687500 1773012713.1415
MEM 0.011719 1773012713.2449
CHLD 25412 0.015625 1773012713.2497
CHLD 36952 0.015625 1773012713.2497
CHLD 61868 1190.667969 1773012713.2497
MEM 0.011719 1773012713.3536
CHLD 25412 0.015625 1773012713.3563
CHLD 36952 0.015625 1773012713.3563
CHLD 61868 1191.648438 1773012713.3563
MEM 0.011719 1773012713.4613
CHLD 25412 0.015625 1773012713.4640
CHLD 36952 0.015625 1773012713.4640
CHLD 61868 1192.628906 1773012713.4640
MEM 0.011719 1773012713.5692
CHLD 25412 0.015625 1773012713.5732
CHLD 36952 0.015625 1773012713.5732
CHLD 61868 1193.617188 1773012713.5732
MEM 0.011719 1773012713.6766
CHLD 25412 0.015625 1773012713.6844
CHLD 36952 0.015625 1773012713.6844
CHLD 61868 1194.625000 1773012713.6844
MEM 0.011719 1773012713.7862
CHLD 25412 0.015625 1773012713.7916
CHLD 36952 0.015625 1773012713.7916
CHLD 61868 1195.539062 1773012713.7916
MEM 0.011719 1773012713.8945
CHLD 25412 0.015625 1773012713.8988
CHLD 36952 0.015625 1773012713.8988
CHLD 61868 1196.535156 1773012713.8988
MEM 0.011719 1773012714.0022
CHLD 25412 0.015625 1773012714.0074
CHLD 36952 0.015625 1773012714.0074
CHLD 61868 1197.515625 1773012714.0074
MEM 0.011719 1773012714.1099
CHLD 25412 0.015625 1773012714.1169
CHLD 36952 0.015625 1773012714.1169
CHLD 61868 1198.472656 1773012714.1169
MEM 0.011719 1773012714.2178
CHLD 25412 0.015625 1773012714.2243
CHLD 36952 0.015625 1773012714.2243
CHLD 61868 1199.507812 1773012714.2243
MEM 0.011719 1773012714.3256
CHLD 25412 0.015625 1773012714.3334
CHLD 36952 0.015625 1773012714.3334
CHLD 61868 1200.457031 1773012714.3334
MEM 0.011719 1773012714.4338
CHLD 25412 0.015625 1773012714.4377
CHLD 36952 0.015625 1773012714.4377
CHLD 61868 1201.425781 1773012714.4377
MEM 0.011719 1773012714.5419
CHLD 25412 0.015625 1773012714.5470
CHLD 36952 0.015625 1773012714.5470
CHLD 61868 1202.441406 1773012714.5470
MEM 0.011719 1773012714.6504
CHLD 25412 0.015625 1773012714.6559
CHLD 36952 0.015625 1773012714.6559
CHLD 61868 1203.445312 1773012714.6559
MEM 0.011719 1773012714.7587
CHLD 25412 0.015625 1773012714.7622
CHLD 36952 0.015625 1773012714.7622
CHLD 61868 1204.410156 1773012714.7622
MEM 0.011719 1773012714.8667
CHLD 25412 0.015625 1773012714.8722
CHLD 36952 0.015625 1773012714.8722
CHLD 61868 1205.453125 1773012714.8722
MEM 0.011719 1773012714.9746
CHLD 25412 0.015625 1773012714.9827
CHLD 36952 0.015625 1773012714.9827
CHLD 61868 1206.398438 1773012714.9827
MEM 0.011719 1773012715.0843
CHLD 25412 0.015625 1773012715.0888
CHLD 36952 0.015625 1773012715.0888
CHLD 61868 1207.328125 1773012715.0888
MEM 0.011719 1773012715.1920
CHLD 25412 0.015625 1773012715.1972
CHLD 36952 0.015625 1773012715.1972
CHLD 61868 1208.304688 1773012715.1972
MEM 0.011719 1773012715.3022
CHLD 25412 0.015625 1773012715.3061
CHLD 36952 0.015625 1773012715.3061
CHLD 61868 1209.273438 1773012715.3061
MEM 0.011719 1773012715.4102
CHLD 25412 0.015625 1773012715.4135
CHLD 36952 0.015625 1773012715.4135
CHLD 61868 1210.199219 1773012715.4135
MEM 0.011719 1773012715.5179
CHLD 25412 0.015625 1773012715.5211
CHLD 36952 0.015625 1773012715.5211
CHLD 61868 1211.195312 1773012715.5211
MEM 0.011719 1773012715.6243
CHLD 25412 0.015625 1773012715.6303
CHLD 36952 0.015625 1773012715.6303
CHLD 61868 1212.187500 1773012715.6303
MEM 0.011719 1773012715.7314
CHLD 25412 0.015625 1773012715.7385
CHLD 36952 0.015625 1773012715.7385
CHLD 61868 1213.187500 1773012715.7385
MEM 0.011719 1773012715.8393
CHLD 25412 0.015625 1773012715.8454
CHLD 36952 0.015625 1773012715.8454
CHLD 61868 1214.171875 1773012715.8454
MEM 0.011719 1773012715.9481
CHLD 25412 0.015625 1773012715.9541
CHLD 36952 0.015625 1773012715.9541
CHLD 61868 1215.148438 1773012715.9541
MEM 0.011719 1773012716.0548
CHLD 25412 0.015625 1773012716.0618
CHLD 36952 0.015625 1773012716.0618
CHLD 61868 1216.128906 1773012716.0618
MEM 0.011719 1773012716.1626
CHLD 25412 0.015625 1773012716.1653
CHLD 36952 0.015625 1773012716.1653
CHLD 61868 1217.035156 1773012716.1653
MEM 0.011719 1773012716.2703
CHLD 25412 0.015625 1773012716.2763
CHLD 36952 0.015625 1773012716.2763
CHLD 61868 1218.039062 1773012716.2763
MEM 0.011719 1773012716.3782
CHLD 25412 0.015625 1773012716.3810
CHLD 36952 0.015625 1773012716.3810
CHLD 61868 1218.996094 1773012716.3810
MEM 0.011719 1773012716.4862
CHLD 25412 0.015625 1773012716.4930
CHLD 36952 0.015625 1773012716.4930
CHLD 61868 1220.015625 1773012716.4930
MEM 0.011719 1773012716.5934
CHLD 25412 0.015625 1773012716.5970
CHLD 36952 0.015625 1773012716.5970
CHLD 61868 1220.984375 1773012716.5970
MEM 0.011719 1773012716.7019
CHLD 25412 0.015625 1773012716.7046
CHLD 36952 0.015625 1773012716.7046
CHLD 61868 1221.953125 1773012716.7046
MEM 0.011719 1773012716.8092
CHLD 25412 0.015625 1773012716.8143
CHLD 36952 0.015625 1773012716.8143
CHLD 61868 1222.972656 1773012716.8143
MEM 0.011719 1773012716.9198
CHLD 25412 0.015625 1773012716.9253
CHLD 36952 0.015625 1773012716.9253
CHLD 61868 1223.992188 1773012716.9253
MEM 0.011719 1773012717.0273
CHLD 25412 0.015625 1773012717.0343
CHLD 36952 0.015625 1773012717.0343
CHLD 61868 1224.972656 1773012717.0343
MEM 0.011719 1773012717.1364
CHLD 25412 0.015625 1773012717.1424
CHLD 36952 0.015625 1773012717.1424
CHLD 61868 1225.945312 1773012717.1424
MEM 0.011719 1773012717.2431
CHLD 25412 0.015625 1773012717.2472
CHLD 36952 0.015625 1773012717.2472
CHLD 61868 1226.914062 1773012717.2472
MEM 0.011719 1773012717.3508
CHLD 25412 0.015625 1773012717.3545
CHLD 36952 0.015625 1773012717.3545
CHLD 61868 1227.917969 1773012717.3545
MEM 0.011719 1773012717.4588
CHLD 25412 0.015625 1773012717.4672
CHLD 36952 0.015625 1773012717.4672
CHLD 61868 1228.914062 1773012717.4672
MEM 0.011719 1773012717.5679
CHLD 25412 0.015625 1773012717.5756
CHLD 36952 0.015625 1773012717.5756
CHLD 61868 1229.847656 1773012717.5756
MEM 0.011719 1773012717.6778
CHLD 25412 0.015625 1773012717.6868
CHLD 36952 0.015625 1773012717.6868
CHLD 61868 1230.777344 1773012717.6868
MEM 0.011719 1773012717.7882
CHLD 25412 0.015625 1773012717.7922
CHLD 36952 0.015625 1773012717.7922
CHLD 61868 1231.773438 1773012717.7922
MEM 0.011719 1773012717.8959
CHLD 25412 0.015625 1773012717.9029
CHLD 36952 0.015625 1773012717.9029
CHLD 61868 1232.703125 1773012717.9029
MEM 0.011719 1773012718.0043
CHLD 25412 0.015625 1773012718.0075
CHLD 36952 0.015625 1773012718.0075
CHLD 61868 1233.710938 1773012718.0075
MEM 0.011719 1773012718.1124
CHLD 25412 0.015625 1773012718.1166
CHLD 36952 0.015625 1773012718.1166
CHLD 61868 1234.621094 1773012718.1166
MEM 0.011719 1773012718.2201
CHLD 25412 0.015625 1773012718.2272
CHLD 36952 0.015625 1773012718.2272
CHLD 61868 1235.644531 1773012718.2272
MEM 0.011719 1773012718.3284
CHLD 25412 0.015625 1773012718.3352
CHLD 36952 0.015625 1773012718.3352
CHLD 61868 1236.601562 1773012718.3352
MEM 0.011719 1773012718.4365
CHLD 25412 0.015625 1773012718.4435
CHLD 36952 0.015625 1773012718.4435
CHLD 61868 1237.605469 1773012718.4435
MEM 0.011719 1773012718.5446
CHLD 25412 0.015625 1773012718.5523
CHLD 36952 0.015625 1773012718.5523
CHLD 61868 1238.519531 1773012718.5523
MEM 0.011719 1773012718.6527
CHLD 25412 0.015625 1773012718.6581
CHLD 36952 0.015625 1773012718.6581
CHLD 61868 1239.511719 1773012718.6581
MEM 0.011719 1773012718.7623
CHLD 25412 0.015625 1773012718.7677
CHLD 36952 0.015625 1773012718.7677
CHLD 61868 1240.449219 1773012718.7677
MEM 0.011719 1773012718.8701
CHLD 25412 0.015625 1773012718.8752
CHLD 36952 0.015625 1773012718.8752
CHLD 61868 1241.390625 1773012718.8752
MEM 0.011719 1773012718.9780
CHLD 25412 0.015625 1773012718.9845
CHLD 36952 0.015625 1773012718.9845
CHLD 61868 1242.414062 1773012718.9845
MEM 0.011719 1773012719.0861
CHLD 25412 0.015625 1773012719.0916
CHLD 36952 0.015625 1773012719.0916
CHLD 61868 1243.351562 1773012719.0916
MEM 0.011719 1773012719.1942
CHLD 25412 0.015625 1773012719.2014
CHLD 36952 0.015625 1773012719.2014
CHLD 61868 1244.335938 1773012719.2014
MEM 0.011719 1773012719.3029
CHLD 25412 0.015625 1773012719.3099
CHLD 36952 0.015625 1773012719.3099
CHLD 61868 1245.285156 1773012719.3099
MEM 0.011719 1773012719.4112
CHLD 25412 0.015625 1773012719.4177
CHLD 36952 0.015625 1773012719.4177
CHLD 61868 1246.277344 1773012719.4177
MEM 0.011719 1773012719.5195
CHLD 25412 0.015625 1773012719.5270
CHLD 36952 0.015625 1773012719.5270
CHLD 61868 1247.304688 1773012719.5270
MEM 0.011719 1773012719.6274
CHLD 25412 0.015625 1773012719.6345
CHLD 36952 0.015625 1773012719.6345
CHLD 61868 1248.210938 1773012719.6345
MEM 0.011719 1773012719.7354
CHLD 25412 0.015625 1773012719.7415
CHLD 36952 0.015625 1773012719.7415
CHLD 61868 1249.250000 1773012719.7415
MEM 0.011719 1773012719.8432
CHLD 25412 0.015625 1773012719.8505
CHLD 36952 0.015625 1773012719.8505
CHLD 61868 1250.160156 1773012719.8505
MEM 0.011719 1773012719.9513
CHLD 25412 0.015625 1773012719.9583
CHLD 36952 0.015625 1773012719.9583
CHLD 61868 1251.101562 1773012719.9583
MEM 0.011719 1773012720.0591
CHLD 25412 0.015625 1773012720.0668
CHLD 36952 0.015625 1773012720.0668
CHLD 61868 1252.125000 1773012720.0668
MEM 0.011719 1773012720.1671
CHLD 25412 0.015625 1773012720.1711
CHLD 36952 0.015625 1773012720.1711
CHLD 61868 1253.042969 1773012720.1711
MEM 0.011719 1773012720.2751
CHLD 25412 0.015625 1773012720.2805
CHLD 36952 0.015625 1773012720.2805
CHLD 61868 1254.000000 1773012720.2805
MEM 0.011719 1773012720.3832
CHLD 25412 0.015625 1773012720.3892
CHLD 36952 0.015625 1773012720.3892
CHLD 61868 1255.011719 1773012720.3892
MEM 0.011719 1773012720.4901
CHLD 25412 0.015625 1773012720.4951
CHLD 36952 0.015625 1773012720.4951
CHLD 61868 1255.968750 1773012720.4951
MEM 0.011719 1773012720.5980
CHLD 25412 0.015625 1773012720.6040
CHLD 36952 0.015625 1773012720.6040
CHLD 61868 1256.937500 1773012720.6040
MEM 0.011719 1773012720.7060
CHLD 25412 0.015625 1773012720.7148
CHLD 36952 0.015625 1773012720.7148
CHLD 61868 1257.976562 1773012720.7148
MEM 0.011719 1773012720.8159
CHLD 25412 0.015625 1773012720.8215
CHLD 36952 0.015625 1773012720.8215
CHLD 61868 1258.929688 1773012720.8215
MEM 0.011719 1773012720.9240
CHLD 25412 0.015625 1773012720.9298
CHLD 36952 0.015625 1773012720.9298
CHLD 61868 1259.914062 1773012720.9298
MEM 0.011719 1773012721.0311
CHLD 25412 0.015625 1773012721.0384
CHLD 36952 0.015625 1773012721.0384
CHLD 61868 1260.886719 1773012721.0384
MEM 0.011719 1773012721.1393
CHLD 25412 0.015625 1773012721.1463
CHLD 36952 0.015625 1773012721.1463
CHLD 61868 1261.875000 1773012721.1463
MEM 0.011719 1773012721.2473
CHLD 25412 0.015625 1773012721.2514
CHLD 36952 0.015625 1773012721.2514
CHLD 61868 1262.843750 1773012721.2514
MEM 0.011719 1773012721.3555
CHLD 25412 0.015625 1773012721.3599
CHLD 36952 0.015625 1773012721.3599
CHLD 61868 1263.804688 1773012721.3599
MEM 0.011719 1773012721.4633
CHLD 25412 0.015625 1773012721.4685
CHLD 36952 0.015625 1773012721.4685
CHLD 61868 1264.820312 1773012721.4685
MEM 0.011719 1773012721.5716
CHLD 25412 0.015625 1773012721.5771
CHLD 36952 0.015625 1773012721.5771
CHLD 61868 1265.726562 1773012721.5771
MEM 0.011719 1773012721.6795
CHLD 25412 0.015625 1773012721.6827
CHLD 36952 0.015625 1773012721.6827
CHLD 61868 1266.652344 1773012721.6827
MEM 0.011719 1773012721.7879
CHLD 25412 0.015625 1773012721.7922
CHLD 36952 0.015625 1773012721.7922
CHLD 61868 1267.656250 1773012721.7922
MEM 0.011719 1773012721.8958
CHLD 25412 0.015625 1773012721.9012
CHLD 36952 0.015625 1773012721.9012
CHLD 61868 1268.679688 1773012721.9012
MEM 0.011719 1773012722.0051
CHLD 25412 0.015625 1773012722.0151
CHLD 36952 0.015625 1773012722.0151
CHLD 61868 1269.644531 1773012722.0151
MEM 0.011719 1773012722.1157
CHLD 25412 0.015625 1773012722.1224
CHLD 36952 0.015625 1773012722.1224
CHLD 61868 1270.613281 1773012722.1224
MEM 0.011719 1773012722.2239
CHLD 25412 0.015625 1773012722.2290
CHLD 36952 0.015625 1773012722.2290
CHLD 61868 1271.687500 1773012722.2290
MEM 0.011719 1773012722.3321
CHLD 25412 0.015625 1773012722.3373
CHLD 36952 0.015625 1773012722.3373
CHLD 61868 1272.558594 1773012722.3373
MEM 0.011719 1773012722.4404
CHLD 25412 0.015625 1773012722.4454
CHLD 36952 0.015625 1773012722.4454
CHLD 61868 1273.527344 1773012722.4454
MEM 0.011719 1773012722.5488
CHLD 25412 0.015625 1773012722.5541
CHLD 36952 0.015625 1773012722.5541
CHLD 61868 1274.488281 1773012722.5541
MEM 0.011719 1773012722.6576
CHLD 25412 0.015625 1773012722.6644
CHLD 36952 0.015625 1773012722.6644
CHLD 61868 1275.507812 1773012722.6644
MEM 0.011719 1773012722.7654
CHLD 25412 0.015625 1773012722.7686
CHLD 36952 0.015625 1773012722.7686
CHLD 61868 1276.531250 1773012722.7686
MEM 0.011719 1773012722.8737
CHLD 25412 0.015625 1773012722.8782
CHLD 36952 0.015625 1773012722.8782
CHLD 61868 1277.550781 1773012722.8782
MEM 0.011719 1773012722.9815
CHLD 25412 0.015625 1773012722.9885
CHLD 36952 0.015625 1773012722.9885
CHLD 61868 1278.394531 1773012722.9885
MEM 0.011719 1773012723.0896
CHLD 25412 0.015625 1773012723.0966
CHLD 36952 0.015625 1773012723.0966
CHLD 61868 1279.324219 1773012723.0966
MEM 0.011719 1773012723.1977
CHLD 25412 0.015625 1773012723.2018
CHLD 36952 0.015625 1773012723.2018
CHLD 61868 1280.308594 1773012723.2018
MEM 0.011719 1773012723.3061
CHLD 25412 0.015625 1773012723.3098
CHLD 36952 0.015625 1773012723.3098
CHLD 61868 1281.273438 1773012723.3098
MEM 0.011719 1773012723.4140
CHLD 25412 0.015625 1773012723.4177
CHLD 36952 0.015625 1773012723.4177
CHLD 61868 1282.222656 1773012723.4177
MEM 0.011719 1773012723.5223
CHLD 25412 0.015625 1773012723.5272
CHLD 36952 0.015625 1773012723.5272
CHLD 61868 1283.207031 1773012723.5272
MEM 0.011719 1773012723.6301
CHLD 25412 0.015625 1773012723.6391
CHLD 36952 0.015625 1773012723.6391
CHLD 61868 1284.148438 1773012723.6391
MEM 0.011719 1773012723.7404
CHLD 25412 0.015625 1773012723.7474
CHLD 36952 0.015625 1773012723.7474
CHLD 61868 1285.128906 1773012723.7474
MEM 0.011719 1773012723.8485
CHLD 25412 0.015625 1773012723.8516
CHLD 36952 0.015625 1773012723.8516
CHLD 61868 1286.109375 1773012723.8516
MEM 0.011719 1773012723.9567
CHLD 25412 0.015625 1773012723.9609
CHLD 36952 0.015625 1773012723.9609
CHLD 61868 1287.070312 1773012723.9609
MEM 0.011719 1773012724.0649
CHLD 25412 0.015625 1773012724.0700
CHLD 36952 0.015625 1773012724.0700
CHLD 61868 1288.085938 1773012724.0700
MEM 0.011719 1773012724.1727
CHLD 25412 0.015625 1773012724.1797
CHLD 36952 0.015625 1773012724.1797
CHLD 61868 1289.042969 1773012724.1797
MEM 0.011719 1773012724.2805
CHLD 25412 0.015625 1773012724.2885
CHLD 36952 0.015625 1773012724.2885
CHLD 61868 1289.980469 1773012724.2885
MEM 0.011719 1773012724.3890
CHLD 25412 0.015625 1773012724.3962
CHLD 36952 0.015625 1773012724.3962
CHLD 61868 1290.996094 1773012724.3962
MEM 0.011719 1773012724.4970
CHLD 25412 0.015625 1773012724.5060
CHLD 36952 0.015625 1773012724.5060
CHLD 61868 1292.062500 1773012724.5060
MEM 0.011719 1773012724.6094
CHLD 25412 0.015625 1773012724.6159
CHLD 36952 0.015625 1773012724.6159
CHLD 61868 1292.996094 1773012724.6159
MEM 0.011719 1773012724.7178
CHLD 25412 0.015625 1773012724.7248
CHLD 36952 0.015625 1773012724.7248
CHLD 61868 1293.921875 1773012724.7248
MEM 0.011719 1773012724.8257
CHLD 25412 0.015625 1773012724.8327
CHLD 36952 0.015625 1773012724.8327
CHLD 61868 1294.882812 1773012724.8327
MEM 0.011719 1773012724.9338
CHLD 25412 0.015625 1773012724.9408
CHLD 36952 0.015625 1773012724.9408
CHLD 61868 1295.878906 1773012724.9408
MEM 0.011719 1773012725.0414
CHLD 25412 0.015625 1773012725.0449
CHLD 36952 0.015625 1773012725.0449
CHLD 61868 1296.855469 1773012725.0449
MEM 0.011719 1773012725.1497
CHLD 25412 0.015625 1773012725.1550
CHLD 36952 0.015625 1773012725.1550
CHLD 61868 1297.878906 1773012725.1550
MEM 0.011719 1773012725.2578
CHLD 25412 0.015625 1773012725.2638
CHLD 36952 0.015625 1773012725.2638
CHLD 61868 1298.812500 1773012725.2638
MEM 0.011719 1773012725.3658
CHLD 25412 0.015625 1773012725.3728
CHLD 36952 0.015625 1773012725.3728
CHLD 61868 1299.765625 1773012725.3728
MEM 0.011719 1773012725.4738
CHLD 25412 0.015625 1773012725.4818
CHLD 36952 0.015625 1773012725.4818
CHLD 61868 1300.656250 1773012725.4818
MEM 0.011719 1773012725.5839
CHLD 25412 0.015625 1773012725.5883
CHLD 36952 0.015625 1773012725.5883
CHLD 61868 1301.675781 1773012725.5883
MEM 0.011719 1773012725.6920
CHLD 25412 0.015625 1773012725.6981
CHLD 36952 0.015625 1773012725.6981
CHLD 61868 1302.625000 1773012725.6981
MEM 0.011719 1773012725.8000
CHLD 25412 0.015625 1773012725.8051
CHLD 36952 0.015625 1773012725.8051
CHLD 61868 1303.531250 1773012725.8051
MEM 0.011719 1773012725.9101
CHLD 25412 0.015625 1773012725.9171
CHLD 36952 0.015625 1773012725.9171
CHLD 61868 1304.562500 1773012725.9171
MEM 0.011719 1773012726.0179
CHLD 25412 0.015625 1773012726.0248
CHLD 36952 0.015625 1773012726.0248
CHLD 61868 1305.500000 1773012726.0248
MEM 0.011719 1773012726.1256
CHLD 25412 0.015625 1773012726.1327
CHLD 36952 0.015625 1773012726.1327
CHLD 61868 1306.464844 1773012726.1327
MEM 0.011719 1773012726.2337
CHLD 25412 0.015625 1773012726.2374
CHLD 36952 0.015625 1773012726.2374
CHLD 61868 1307.398438 1773012726.2374
MEM 0.011719 1773012726.3414
CHLD 25412 0.015625 1773012726.3452
CHLD 36952 0.015625 1773012726.3452
CHLD 61868 1308.355469 1773012726.3452
MEM 0.011719 1773012726.4499
CHLD 25412 0.015625 1773012726.4526
CHLD 36952 0.015625 1773012726.4526
CHLD 61868 1309.332031 1773012726.4526
MEM 0.011719 1773012726.5572
CHLD 25412 0.015625 1773012726.5653
CHLD 36952 0.015625 1773012726.5653
CHLD 61868 1310.367188 1773012726.5653
MEM 0.011719 1773012726.6664
CHLD 25412 0.015625 1773012726.6733
CHLD 36952 0.015625 1773012726.6733
CHLD 61868 1311.363281 1773012726.6733
MEM 0.011719 1773012726.7743
CHLD 25412 0.015625 1773012726.7768
CHLD 36952 0.015625 1773012726.7768
CHLD 61868 1312.347656 1773012726.7768
MEM 0.011719 1773012726.8819
CHLD 25412 0.015625 1773012726.8856
CHLD 36952 0.015625 1773012726.8856
CHLD 61868 1313.324219 1773012726.8856
MEM 0.011719 1773012726.9906
CHLD 25412 0.015625 1773012726.9984
CHLD 36952 0.015625 1773012726.9984
CHLD 61868 1314.371094 1773012726.9984
MEM 0.011719 1773012727.0994
CHLD 25412 0.015625 1773012727.1062
CHLD 36952 0.015625 1773012727.1062
CHLD 61868 1315.316406 1773012727.1062
MEM 0.011719 1773012727.2070
CHLD 25412 0.015625 1773012727.2148
CHLD 36952 0.015625 1773012727.2148
CHLD 61868 1316.332031 1773012727.2148
MEM 0.011719 1773012727.3159
CHLD 25412 0.015625 1773012727.3235
CHLD 36952 0.015625 1773012727.3235
CHLD 61868 1317.363281 1773012727.3235
MEM 0.011719 1773012727.4254
CHLD 25412 0.015625 1773012727.4316
CHLD 36952 0.015625 1773012727.4316
CHLD 61868 1318.324219 1773012727.4316
MEM 0.011719 1773012727.5326
CHLD 25412 0.015625 1773012727.5354
CHLD 36952 0.015625 1773012727.5354
CHLD 61868 1319.281250 1773012727.5354
MEM 0.011719 1773012727.6404
CHLD 25412 0.015625 1773012727.6459
CHLD 36952 0.015625 1773012727.6459
CHLD 61868 1320.300781 1773012727.6459
MEM 0.011719 1773012727.7497
CHLD 25412 0.015625 1773012727.7544
CHLD 36952 0.015625 1773012727.7544
CHLD 61868 1321.253906 1773012727.7544
MEM 0.011719 1773012727.8591
CHLD 25412 0.015625 1773012727.8637
CHLD 36952 0.015625 1773012727.8637
CHLD 61868 1322.187500 1773012727.8637
MEM 0.011719 1773012727.9664
CHLD 25412 0.015625 1773012727.9682
CHLD 36952 0.015625 1773012727.9682
CHLD 61868 1323.132812 1773012727.9682
MEM 0.011719 1773012728.0735
CHLD 25412 0.015625 1773012728.0807
CHLD 36952 0.015625 1773012728.0807
CHLD 61868 1324.125000 1773012728.0807
MEM 0.011719 1773012728.1827
CHLD 25412 0.015625 1773012728.1897
CHLD 36952 0.015625 1773012728.1897
CHLD 61868 1325.066406 1773012728.1897
MEM 0.011719 1773012728.2904
CHLD 25412 0.015625 1773012728.2941
CHLD 36952 0.015625 1773012728.2941
CHLD 61868 1326.035156 1773012728.2941
MEM 0.011719 1773012728.3978
CHLD 25412 0.015625 1773012728.4041
CHLD 36952 0.015625 1773012728.4041
CHLD 61868 1327.031250 1773012728.4041
MEM 0.011719 1773012728.5061
CHLD 25412 0.015625 1773012728.5143
CHLD 36952 0.015625 1773012728.5143
CHLD 61868 1328.039062 1773012728.5143
MEM 0.011719 1773012728.6149
CHLD 25412 0.015625 1773012728.6232
CHLD 36952 0.015625 1773012728.6232
CHLD 61868 1329.011719 1773012728.6232
MEM 0.011719 1773012728.7235
CHLD 25412 0.015625 1773012728.7293
CHLD 36952 0.015625 1773012728.7293
CHLD 61868 1330.019531 1773012728.7293
MEM 0.011719 1773012728.8314
CHLD 25412 0.015625 1773012728.8394
CHLD 36952 0.015625 1773012728.8394
CHLD 61868 1330.996094 1773012728.8394
MEM 0.011719 1773012728.9406
CHLD 25412 0.015625 1773012728.9476
CHLD 36952 0.015625 1773012728.9476
CHLD 61868 1331.968750 1773012728.9476
MEM 0.011719 1773012729.0498
CHLD 25412 0.015625 1773012729.0568
CHLD 36952 0.015625 1773012729.0568
CHLD 61868 1332.984375 1773012729.0568
MEM 0.011719 1773012729.1589
CHLD 25412 0.015625 1773012729.1664
CHLD 36952 0.015625 1773012729.1664
CHLD 61868 1333.929688 1773012729.1664
MEM 0.011719 1773012729.2673
CHLD 25412 0.015625 1773012729.2742
CHLD 36952 0.015625 1773012729.2742
CHLD 61868 1334.937500 1773012729.2742
MEM 0.011719 1773012729.3751
CHLD 25412 0.015625 1773012729.3839
CHLD 36952 0.015625 1773012729.3839
CHLD 61868 1335.867188 1773012729.3839
MEM 0.011719 1773012729.4853
CHLD 25412 0.015625 1773012729.4910
CHLD 36952 0.015625 1773012729.4910
CHLD 61868 1336.828125 1773012729.4910
MEM 0.011719 1773012729.5926
CHLD 25412 0.015625 1773012729.5953
CHLD 36952 0.015625 1773012729.5953
CHLD 61868 1337.847656 1773012729.5953
MEM 0.011719 1773012729.7003
CHLD 25412 0.015625 1773012729.7098
CHLD 36952 0.015625 1773012729.7098
CHLD 61868 1338.867188 1773012729.7098
MEM 0.011719 1773012729.8105
CHLD 25412 0.015625 1773012729.8182
CHLD 36952 0.015625 1773012729.8182
CHLD 61868 1339.839844 1773012729.8182
MEM 0.011719 1773012729.9193
CHLD 25412 0.015625 1773012729.9230
CHLD 36952 0.015625 1773012729.9230
CHLD 61868 1340.800781 1773012729.9230
MEM 0.011719 1773012730.0273
CHLD 25412 0.015625 1773012730.0327
CHLD 36952 0.015625 1773012730.0327
CHLD 61868 1341.796875 1773012730.0327
MEM 0.011719 1773012730.1352
CHLD 25412 0.015625 1773012730.1422
CHLD 36952 0.015625 1773012730.1422
CHLD 61868 1342.820312 1773012730.1422
MEM 0.011719 1773012730.2435
CHLD 25412 0.015625 1773012730.2467
CHLD 36952 0.015625 1773012730.2467
CHLD 61868 1343.703125 1773012730.2467
MEM 0.011719 1773012730.3513
CHLD 25412 0.015625 1773012730.3584
CHLD 36952 0.015625 1773012730.3584
CHLD 61868 1344.691406 1773012730.3584
MEM 0.011719 1773012730.4592
CHLD 25412 0.015625 1773012730.4662
CHLD 36952 0.015625 1773012730.4662
CHLD 61868 1345.675781 1773012730.4662
MEM 0.011719 1773012730.5678
CHLD 25412 0.015625 1773012730.5751
CHLD 36952 0.015625 1773012730.5751
CHLD 61868 1346.617188 1773012730.5751
MEM 0.011719 1773012730.6760
CHLD 25412 0.015625 1773012730.6811
CHLD 36952 0.015625 1773012730.6811
CHLD 61868 1347.652344 1773012730.6811
MEM 0.011719 1773012730.7847
CHLD 25412 0.015625 1773012730.7915
CHLD 36952 0.015625 1773012730.7915
CHLD 61868 1348.582031 1773012730.7915
MEM 0.011719 1773012730.8925
CHLD 25412 0.015625 1773012730.8992
CHLD 36952 0.015625 1773012730.8992
CHLD 61868 1349.511719 1773012730.8992
MEM 0.011719 1773012731.0004
CHLD 25412 0.015625 1773012731.0074
CHLD 36952 0.015625 1773012731.0074
CHLD 61868 1350.535156 1773012731.0074
MEM 0.011719 1773012731.1085
CHLD 25412 0.015625 1773012731.1113
CHLD 36952 0.015625 1773012731.1113
CHLD 61868 1351.542969 1773012731.1113
MEM 0.011719 1773012731.2155
CHLD 25412 0.015625 1773012731.2194
CHLD 36952 0.015625 1773012731.2194
CHLD 61868 1352.519531 1773012731.2194
MEM 0.011719 1773012731.3236
CHLD 25412 0.015625 1773012731.3290
CHLD 36952 0.015625 1773012731.3290
CHLD 61868 1353.484375 1773012731.3290
MEM 0.011719 1773012731.4311
CHLD 25412 0.015625 1773012731.4381
CHLD 36952 0.015625 1773012731.4381
CHLD 61868 1354.441406 1773012731.4381
MEM 0.011719 1773012731.5389
CHLD 25412 0.015625 1773012731.5416
CHLD 36952 0.015625 1773012731.5416
CHLD 61868 1355.410156 1773012731.5416
MEM 0.011719 1773012731.6468
CHLD 25412 0.015625 1773012731.6506
CHLD 36952 0.015625 1773012731.6506
CHLD 61868 1356.371094 1773012731.6506
MEM 0.011719 1773012731.7556
CHLD 25412 0.015625 1773012731.7608
CHLD 36952 0.015625 1773012731.7608
CHLD 61868 1357.382812 1773012731.7608
MEM 0.011719 1773012731.8634
CHLD 25412 0.015625 1773012731.8671
CHLD 36952 0.015625 1773012731.8671
CHLD 61868 1358.406250 1773012731.8671
MEM 0.011719 1773012731.9713
CHLD 25412 0.015625 1773012731.9764
CHLD 36952 0.015625 1773012731.9764
CHLD 61868 1359.312500 1773012731.9764
MEM 0.011719 1773012732.0797
CHLD 25412 0.015625 1773012732.0850
CHLD 36952 0.015625 1773012732.0850
CHLD 61868 1360.339844 1773012732.0850
MEM 0.011719 1773012732.1879
CHLD 25412 0.015625 1773012732.1949
CHLD 36952 0.015625 1773012732.1949
CHLD 61868 1361.265625 1773012732.1949
MEM 0.011719 1773012732.2957
CHLD 25412 0.015625 1773012732.3026
CHLD 36952 0.015625 1773012732.3026
CHLD 61868 1362.257812 1773012732.3026
MEM 0.011719 1773012732.4037
CHLD 25412 0.015625 1773012732.4080
CHLD 36952 0.015625 1773012732.4080
CHLD 61868 1363.140625 1773012732.4080
MEM 0.011719 1773012732.5117
CHLD 25412 0.015625 1773012732.5177
CHLD 36952 0.015625 1773012732.5177
CHLD 61868 1364.125000 1773012732.5177
MEM 0.011719 1773012732.6208
CHLD 25412 0.015625 1773012732.6285
CHLD 36952 0.015625 1773012732.6285
CHLD 61868 1365.113281 1773012732.6285
MEM 0.011719 1773012732.7292
CHLD 25412 0.015625 1773012732.7361
CHLD 36952 0.015625 1773012732.7361
CHLD 61868 1366.023438 1773012732.7361
MEM 0.011719 1773012732.8375
CHLD 25412 0.015625 1773012732.8407
CHLD 36952 0.015625 1773012732.8407
CHLD 61868 1367.007812 1773012732.8407
MEM 0.011719 1773012732.9458
CHLD 25412 0.015625 1773012732.9498
CHLD 36952 0.015625 1773012732.9498
CHLD 61868 1367.996094 1773012732.9498
MEM 0.011719 1773012733.0539
CHLD 25412 0.015625 1773012733.0590
CHLD 36952 0.015625 1773012733.0590
CHLD 61868 1368.949219 1773012733.0590
MEM 0.011719 1773012733.1618
CHLD 25412 0.015625 1773012733.1678
CHLD 36952 0.015625 1773012733.1678
CHLD 61868 1369.875000 1773012733.1678
MEM 0.011719 1773012733.2697
CHLD 25412 0.015625 1773012733.2740
CHLD 36952 0.015625 1773012733.2740
CHLD 61868 1370.914062 1773012733.2740
MEM 0.011719 1773012733.3779
CHLD 25412 0.015625 1773012733.3829
CHLD 36952 0.015625 1773012733.3829
CHLD 61868 1371.894531 1773012733.3829
MEM 0.011719 1773012733.4870
CHLD 25412 0.015625 1773012733.4907
CHLD 36952 0.015625 1773012733.4907
CHLD 61868 1372.906250 1773012733.4907
MEM 0.011719 1773012733.5949
CHLD 25412 0.015625 1773012733.6001
CHLD 36952 0.015625 1773012733.6001
CHLD 61868 1373.796875 1773012733.6001
MEM 0.011719 1773012733.7022
CHLD 25412 0.015625 1773012733.7054
CHLD 36952 0.015625 1773012733.7099
CHLD 61868 1374.769531 1773012733.7099
MEM 0.011719 1773012733.8105
CHLD 25412 0.015625 1773012733.8187
CHLD 36952 0.015625 1773012733.8187
CHLD 61868 1375.730469 1773012733.8187
MEM 0.011719 1773012733.9206
CHLD 25412 0.015625 1773012733.9256
CHLD 36952 0.015625 1773012733.9256
CHLD 61868 1376.710938 1773012733.9256
MEM 0.011719 1773012734.0276
CHLD 25412 0.015625 1773012734.0352
CHLD 36952 0.015625 1773012734.0352
CHLD 61868 1377.703125 1773012734.0352
MEM 0.011719 1773012734.1358
CHLD 25412 0.015625 1773012734.1403
CHLD 36952 0.015625 1773012734.1403
CHLD 61868 1378.703125 1773012734.1403
MEM 0.011719 1773012734.2440
CHLD 25412 0.015625 1773012734.2474
CHLD 36952 0.015625 1773012734.2474
CHLD 61868 1379.695312 1773012734.2474
MEM 0.011719 1773012734.3510
CHLD 25412 0.015625 1773012734.3567
CHLD 36952 0.015625 1773012734.3567
CHLD 61868 1380.679688 1773012734.3567
MEM 0.011719 1773012734.4588
CHLD 25412 0.015625 1773012734.4650
CHLD 36952 0.015625 1773012734.4650
CHLD 61868 1381.605469 1773012734.4650
MEM 0.011719 1773012734.5662
CHLD 25412 0.015625 1773012734.5732
CHLD 36952 0.015625 1773012734.5732
CHLD 61868 1382.542969 1773012734.5732
MEM 0.011719 1773012734.6738
CHLD 25412 0.015625 1773012734.6770
CHLD 36952 0.015625 1773012734.6770
CHLD 61868 1383.500000 1773012734.6770
MEM 0.011719 1773012734.7807
CHLD 25412 0.015625 1773012734.7898
CHLD 36952 0.015625 1773012734.7898
CHLD 61868 1384.523438 1773012734.7898
MEM 0.011719 1773012734.8903
CHLD 25412 0.015625 1773012734.8942
CHLD 36952 0.015625 1773012734.8942
CHLD 61868 1385.460938 1773012734.8942
MEM 0.011719 1773012734.9970
CHLD 25412 0.015625 1773012735.0039
CHLD 36952 0.015625 1773012735.0039
CHLD 61868 1386.386719 1773012735.0039
MEM 0.011719 1773012735.1044
CHLD 25412 0.015625 1773012735.1105
CHLD 36952 0.015625 1773012735.1105
CHLD 61868 1387.433594 1773012735.1105
MEM 0.011719 1773012735.2133
CHLD 25412 0.015625 1773012735.2185
CHLD 36952 0.015625 1773012735.2185
CHLD 61868 1388.414062 1773012735.2185
MEM 0.011719 1773012735.3210
CHLD 25412 0.015625 1773012735.3274
CHLD 36952 0.015625 1773012735.3274
CHLD 61868 1389.406250 1773012735.3274
MEM 0.011719 1773012735.4287
CHLD 25412 0.015625 1773012735.4341
CHLD 36952 0.015625 1773012735.4341
CHLD 61868 1390.406250 1773012735.4341
MEM 0.011719 1773012735.5366
CHLD 25412 0.015625 1773012735.5426
CHLD 36952 0.015625 1773012735.5426
CHLD 61868 1391.292969 1773012735.5426
MEM 0.011719 1773012735.6443
CHLD 25412 0.015625 1773012735.6513
CHLD 36952 0.015625 1773012735.6513
CHLD 61868 1392.210938 1773012735.6513
MEM 0.011719 1773012735.7521
CHLD 25412 0.015625 1773012735.7572
CHLD 36952 0.015625 1773012735.7572
CHLD 61868 1393.226562 1773012735.7572
MEM 0.011719 1773012735.8598
CHLD 25412 0.015625 1773012735.8675
CHLD 36952 0.015625 1773012735.8675
CHLD 61868 1394.218750 1773012735.8675
MEM 0.011719 1773012735.9696
CHLD 25412 0.015625 1773012735.9786
CHLD 36952 0.015625 1773012735.9786
CHLD 61868 1395.191406 1773012735.9786
MEM 0.011719 1773012736.0793
CHLD 25412 0.015625 1773012736.0843
CHLD 36952 0.015625 1773012736.0843
CHLD 61868 1396.144531 1773012736.0843
MEM 0.011719 1773012736.1877
CHLD 25412 0.015625 1773012736.1951
CHLD 36952 0.015625 1773012736.1951
CHLD 61868 1397.058594 1773012736.1951
MEM 0.011719 1773012736.2966
CHLD 25412 0.015625 1773012736.3018
CHLD 36952 0.015625 1773012736.3018
CHLD 61868 1398.089844 1773012736.3018
MEM 0.011719 1773012736.4060
CHLD 25412 0.015625 1773012736.4110
CHLD 36952 0.015625 1773012736.4110
CHLD 61868 1399.046875 1773012736.4110
MEM 0.011719 1773012736.5130
CHLD 25412 0.015625 1773012736.5191
CHLD 36952 0.015625 1773012736.5191
CHLD 61868 1400.042969 1773012736.5191
MEM 0.011719 1773012736.6204
CHLD 25412 0.015625 1773012736.6255
CHLD 36952 0.015625 1773012736.6255
CHLD 61868 1401.015625 1773012736.6255
MEM 0.011719 1773012736.7285
CHLD 25412 0.015625 1773012736.7348
CHLD 36952 0.015625 1773012736.7348
CHLD 61868 1401.996094 1773012736.7348
MEM 0.011719 1773012736.8371
CHLD 25412 0.015625 1773012736.8398
CHLD 36952 0.015625 1773012736.8398
CHLD 61868 1403.019531 1773012736.8398
MEM 0.011719 1773012736.9443
CHLD 25412 0.015625 1773012736.9532
CHLD 36952 0.015625 1773012736.9532
CHLD 61868 1404.027344 1773012736.9532
MEM 0.011719 1773012737.0538
CHLD 25412 0.015625 1773012737.0570
CHLD 36952 0.015625 1773012737.0570
CHLD 61868 1404.968750 1773012737.0570
MEM 0.011719 1773012737.1610
CHLD 25412 0.015625 1773012737.1642
CHLD 36952 0.015625 1773012737.1642
CHLD 61868 1405.914062 1773012737.1642
MEM 0.011719 1773012737.2686
CHLD 25412 0.015625 1773012737.2721
CHLD 36952 0.015625 1773012737.2721
CHLD 61868 1406.910156 1773012737.2721
MEM 0.011719 1773012737.3765
CHLD 25412 0.015625 1773012737.3815
CHLD 36952 0.015625 1773012737.3815
CHLD 61868 1407.863281 1773012737.3815
MEM 0.011719 1773012737.4844
CHLD 25412 0.015625 1773012737.4895
CHLD 36952 0.015625 1773012737.4895
CHLD 61868 1408.882812 1773012737.4895
MEM 0.011719 1773012737.5911
CHLD 25412 0.015625 1773012737.5986
CHLD 36952 0.015625 1773012737.5986
CHLD 61868 1409.824219 1773012737.5986
MEM 0.011719 1773012737.6992
CHLD 25412 0.015625 1773012737.7064
CHLD 36952 0.015625 1773012737.7064
CHLD 61868 1410.828125 1773012737.7064
MEM 0.011719 1773012737.8066
CHLD 25412 0.015625 1773012737.8086
CHLD 36952 0.015625 1773012737.8086
CHLD 61868 1411.781250 1773012737.8086
MEM 0.011719 1773012737.9131
CHLD 25412 0.015625 1773012737.9207
CHLD 36952 0.015625 1773012737.9207
CHLD 61868 1412.734375 1773012737.9207
MEM 0.011719 1773012738.0212
CHLD 25412 0.015625 1773012738.0274
CHLD 36952 0.015625 1773012738.0274
CHLD 61868 1413.679688 1773012738.0274
MEM 0.011719 1773012738.1293
CHLD 25412 0.015625 1773012738.1346
CHLD 36952 0.015625 1773012738.1346
CHLD 61868 1414.648438 1773012738.1346
MEM 0.011719 1773012738.2366
CHLD 25412 0.015625 1773012738.2421
CHLD 36952 0.015625 1773012738.2421
CHLD 61868 1415.683594 1773012738.2421
MEM 0.011719 1773012738.3447
CHLD 25412 0.015625 1773012738.3487
CHLD 36952 0.015625 1773012738.3487
CHLD 61868 1416.589844 1773012738.3487
MEM 0.011719 1773012738.4531
CHLD 25412 0.015625 1773012738.4551
CHLD 36952 0.015625 1773012738.4551
CHLD 61868 1417.500000 1773012738.4551
MEM 0.011719 1773012738.5598
CHLD 25412 0.015625 1773012738.5647
CHLD 36952 0.015625 1773012738.5647
CHLD 61868 1418.441406 1773012738.5647
MEM 0.011719 1773012738.6686
CHLD 25412 0.015625 1773012738.6736
CHLD 36952 0.015625 1773012738.6736
CHLD 61868 1419.390625 1773012738.6736
MEM 0.011719 1773012738.7766
CHLD 25412 0.015625 1773012738.7830
CHLD 36952 0.015625 1773012738.7830
CHLD 61868 1420.402344 1773012738.7830
MEM 0.011719 1773012738.8846
CHLD 25412 0.015625 1773012738.8896
CHLD 36952 0.015625 1773012738.8896
CHLD 61868 1421.398438 1773012738.8896
MEM 1.273438 1773012738.9926
CHLD 25412 0.015625 1773012738.9979
CHLD 36952 0.015625 1773012738.9979
CHLD 61868 1422.402344 1773012738.9979
MEM 1.273438 1773012739.1001
CHLD 25412 0.777344 1773012739.1071
CHLD 36952 1.171875 1773012739.1071
CHLD 61868 1423.394531 1773012739.1071
MEM 1.273438 1773012739.2074
CHLD 25412 0.777344 1773012739.2136
CHLD 36952 1.171875 1773012739.2136
CHLD 61868 1424.328125 1773012739.2136
MEM 1.273438 1773012739.3154
CHLD 25412 0.777344 1773012739.3208
CHLD 36952 1.171875 1773012739.3208
CHLD 61868 1426.074219 1773012739.3208
MEM 1.273438 1773012739.4243
CHLD 25412 0.777344 1773012739.4281
CHLD 36952 1.171875 1773012739.4281
CHLD 61868 1426.894531 1773012739.4281
MEM 1.273438 1773012739.5323
CHLD 25412 0.777344 1773012739.5360
CHLD 36952 1.171875 1773012739.5360
CHLD 61868 1427.878906 1773012739.5360
MEM 1.273438 1773012739.6399
CHLD 25412 0.777344 1773012739.6453
CHLD 36952 1.171875 1773012739.6453
CHLD 61868 1428.773438 1773012739.6453
MEM 1.273438 1773012739.7475
CHLD 25412 0.777344 1773012739.7528
CHLD 36952 1.171875 1773012739.7528
CHLD 61868 1429.769531 1773012739.7528
MEM 1.273438 1773012739.8553
CHLD 25412 0.777344 1773012739.8649
CHLD 36952 1.171875 1773012739.8649
CHLD 61868 1430.734375 1773012739.8649
MEM 1.273438 1773012739.9665
CHLD 25412 0.777344 1773012739.9736
CHLD 36952 1.171875 1773012739.9736
CHLD 61868 1431.703125 1773012739.9736
MEM 1.273438 1773012740.0745
CHLD 25412 0.777344 1773012740.0772
CHLD 36952 1.171875 1773012740.0772
CHLD 61868 1432.707031 1773012740.0772
MEM 1.273438 1773012740.1825
CHLD 25412 0.777344 1773012740.1895
CHLD 36952 1.171875 1773012740.1895
CHLD 61868 1433.660156 1773012740.1895
MEM 1.273438 1773012740.2901
CHLD 25412 0.777344 1773012740.2935
CHLD 36952 1.171875 1773012740.2935
CHLD 61868 1434.601562 1773012740.2935
MEM 1.273438 1773012740.3969
CHLD 25412 0.777344 1773012740.4021
CHLD 36952 1.171875 1773012740.4021
CHLD 61868 1435.585938 1773012740.4021
MEM 1.273438 1773012740.5050
CHLD 25412 0.777344 1773012740.5090
CHLD 36952 1.171875 1773012740.5090
CHLD 61868 1436.605469 1773012740.5090
MEM 1.273438 1773012740.6126
CHLD 25412 0.777344 1773012740.6170
CHLD 36952 1.171875 1773012740.6170
CHLD 61868 1437.542969 1773012740.6170
MEM 1.273438 1773012740.7209
CHLD 25412 0.777344 1773012740.7269
CHLD 36952 1.171875 1773012740.7269
CHLD 61868 1438.507812 1773012740.7269
MEM 1.273438 1773012740.8290
CHLD 25412 0.777344 1773012740.8353
CHLD 36952 1.171875 1773012740.8353
CHLD 61868 1439.542969 1773012740.8353
MEM 1.273438 1773012740.9373
CHLD 25412 0.777344 1773012740.9434
CHLD 36952 1.171875 1773012740.9434
CHLD 61868 1440.507812 1773012740.9434
MEM 1.273438 1773012741.0449
CHLD 25412 0.777344 1773012741.0519
CHLD 36952 1.171875 1773012741.0519
CHLD 61868 1441.523438 1773012741.0519
MEM 1.273438 1773012741.1525
CHLD 25412 0.777344 1773012741.1590
CHLD 36952 1.171875 1773012741.1590
CHLD 61868 1442.382812 1773012741.1590
MEM 1.273438 1773012741.2603
CHLD 25412 0.777344 1773012741.2656
CHLD 36952 1.171875 1773012741.2656
CHLD 61868 1443.441406 1773012741.2656
MEM 1.273438 1773012741.3685
CHLD 25412 0.777344 1773012741.3740
CHLD 36952 1.171875 1773012741.3740
CHLD 61868 1444.382812 1773012741.3740
MEM 1.273438 1773012741.4764
CHLD 25412 0.777344 1773012741.4839
CHLD 36952 1.171875 1773012741.4839
CHLD 61868 1445.382812 1773012741.4839
MEM 1.273438 1773012741.5854
CHLD 25412 0.777344 1773012741.5887
CHLD 36952 1.171875 1773012741.5887
CHLD 61868 1446.273438 1773012741.5887
MEM 1.273438 1773012741.6932
CHLD 25412 0.777344 1773012741.6979
CHLD 36952 1.171875 1773012741.6979
CHLD 61868 1447.324219 1773012741.6979
MEM 1.273438 1773012741.7998
CHLD 25412 0.777344 1773012741.8050
CHLD 36952 1.171875 1773012741.8050
CHLD 61868 1448.238281 1773012741.8050
MEM 1.273438 1773012741.9067
CHLD 25412 0.777344 1773012741.9090
CHLD 36952 1.171875 1773012741.9090
CHLD 61868 1449.167969 1773012741.9090
MEM 1.273438 1773012742.0130
CHLD 25412 0.777344 1773012742.0171
CHLD 36952 1.171875 1773012742.0171
CHLD 61868 1450.140625 1773012742.0171
MEM 1.273438 1773012742.1202
CHLD 25412 0.777344 1773012742.1247
CHLD 36952 1.171875 1773012742.1247
CHLD 61868 1451.093750 1773012742.1247
MEM 1.273438 1773012742.2283
CHLD 25412 0.777344 1773012742.2337
CHLD 36952 1.171875 1773012742.2337
CHLD 61868 1452.070312 1773012742.2337
MEM 1.273438 1773012742.3358
CHLD 25412 0.777344 1773012742.3410
CHLD 36952 1.171875 1773012742.3410
CHLD 61868 1452.988281 1773012742.3410
MEM 1.273438 1773012742.4457
CHLD 25412 0.777344 1773012742.4507
CHLD 36952 1.171875 1773012742.4507
CHLD 61868 1454.050781 1773012742.4507
MEM 1.273438 1773012742.5529
CHLD 25412 0.777344 1773012742.5595
CHLD 36952 1.171875 1773012742.5595
CHLD 61868 1454.984375 1773012742.5595
MEM 1.273438 1773012742.6603
CHLD 25412 0.777344 1773012742.6694
CHLD 36952 1.171875 1773012742.6694
CHLD 61868 1455.996094 1773012742.6694
MEM 1.273438 1773012742.7705
CHLD 25412 0.777344 1773012742.7783
CHLD 36952 1.171875 1773012742.7783
CHLD 61868 1456.992188 1773012742.7783
MEM 1.273438 1773012742.8795
CHLD 25412 0.777344 1773012742.8860
CHLD 36952 1.171875 1773012742.8860
CHLD 61868 1457.976562 1773012742.8860
MEM 1.273438 1773012742.9876
CHLD 25412 0.777344 1773012742.9943
CHLD 36952 1.171875 1773012742.9943
CHLD 61868 1458.734375 1773012742.9943
MEM 1.273438 1773012743.0952
CHLD 25412 0.777344 1773012743.1024
CHLD 36952 1.171875 1773012743.1024
CHLD 61868 1458.734375 1773012743.1024
MEM 1.273438 1773012743.2056
CHLD 25412 0.777344 1773012743.2126
CHLD 36952 1.171875 1773012743.2126
CHLD 61868 1458.734375 1773012743.2126
MEM 1.273438 1773012743.3133
CHLD 25412 0.777344 1773012743.3194
CHLD 36952 1.171875 1773012743.3194
CHLD 61868 1301.781250 1773012743.3194
MEM 1.273438 1773012743.4208
CHLD 25412 0.777344 1773012743.4280
CHLD 36952 1.171875 1773012743.4280
CHLD 61868 761.570312 1773012743.4280
MEM 1.273438 1773012743.5284
CHLD 25412 0.777344 1773012743.5354
CHLD 36952 1.171875 1773012743.5354
CHLD 61868 316.746094 1773012743.5354
MEM 1.273438 1773012743.6364
CHLD 25412 0.777344 1773012743.6424
CHLD 36952 1.171875 1773012743.6424
CHLD 61868 47.421875 1773012743.6424
MEM 1.273438 1773012743.7446
CHLD 25412 0.777344 1773012743.7517
CHLD 36952 1.171875 1773012743.7517
CHLD 61868 46.527344 1773012743.7517
MEM 1.273438 1773012743.8526
CHLD 25412 0.777344 1773012743.8581
CHLD 36952 1.171875 1773012743.8581
CHLD 61868 46.921875 1773012743.8581
MEM 1.273438 1773012743.9605
CHLD 25412 0.777344 1773012743.9655
CHLD 36952 1.171875 1773012743.9655
CHLD 61868 47.507812 1773012743.9655
MEM 1.273438 1773012744.0684
CHLD 25412 0.777344 1773012744.0734
CHLD 36952 12.542969 1773012744.0734
CHLD 61868 14.144531 1773012744.0734
MEM 1.273438 1773012744.1768
CHLD 25412 0.777344 1773012744.1848
CHLD 36952 22.242188 1773012744.1848
MEM 1.273438 1773012744.2857
CHLD 25412 0.777344 1773012744.2885
CHLD 36952 47.125000 1773012744.2885
MEM 1.273438 1773012744.3931
CHLD 25412 0.777344 1773012744.4002
CHLD 36952 55.511719 1773012744.4002
MEM 1.273438 1773012744.5008
CHLD 25412 0.777344 1773012744.5078
CHLD 36952 58.593750 1773012744.5078
MEM 1.273438 1773012744.6084
CHLD 25412 0.777344 1773012744.6143
CHLD 36952 62.605469 1773012744.6143
MEM 1.273438 1773012744.7159
CHLD 25412 0.777344 1773012744.7211
CHLD 36952 64.566406 1773012744.7211
MEM 1.273438 1773012744.8247
CHLD 25412 0.777344 1773012744.8317
CHLD 36952 67.234375 1773012744.8317
MEM 1.273438 1773012744.9337
CHLD 25412 0.777344 1773012744.9365
CHLD 36952 68.097656 1773012744.9365
MEM 1.273438 1773012745.0414
CHLD 25412 0.777344 1773012745.0447
CHLD 36952 68.996094 1773012745.0447
MEM 1.273438 1773012745.1487
CHLD 25412 0.777344 1773012745.1542
CHLD 36952 69.726562 1773012745.1542
MEM 1.273438 1773012745.2563
CHLD 25412 0.777344 1773012745.2624
CHLD 36952 70.230469 1773012745.2624
MEM 1.273438 1773012745.3634
CHLD 25412 0.777344 1773012745.3677
CHLD 36952 63.953125 1773012745.3677
MEM 1.273438 1773012745.4712
CHLD 25412 0.777344 1773012745.4780
CHLD 36952 64.378906 1773012745.4780
MEM 1.273438 1773012745.5791
CHLD 25412 0.777344 1773012745.5816
CHLD 36952 64.621094 1773012745.5816
MEM 1.273438 1773012745.6870
CHLD 25412 0.777344 1773012745.6907
CHLD 36952 66.441406 1773012745.6907
MEM 1.273438 1773012745.7949
CHLD 25412 0.777344 1773012745.8000
CHLD 36952 66.289062 1773012745.8000
MEM 1.273438 1773012745.9029
CHLD 25412 0.777344 1773012745.9098
CHLD 36952 66.554688 1773012745.9098
MEM 1.273438 1773012746.0106
CHLD 25412 0.777344 1773012746.0177
CHLD 36952 66.718750 1773012746.0177
MEM 1.273438 1773012746.1183
CHLD 25412 0.777344 1773012746.1221
CHLD 36952 66.933594 1773012746.1221
MEM 1.273438 1773012746.2260
CHLD 25412 0.777344 1773012746.2320
CHLD 36952 67.128906 1773012746.2320
MEM 1.273438 1773012746.3338
CHLD 25412 0.777344 1773012746.3390
CHLD 36952 67.289062 1773012746.3390
MEM 1.273438 1773012746.4419
CHLD 25412 0.777344 1773012746.4486
CHLD 36952 67.402344 1773012746.4486
MEM 1.273438 1773012746.5515
CHLD 25412 0.777344 1773012746.5586
CHLD 36952 67.593750 1773012746.5586
MEM 1.273438 1773012746.6596
CHLD 25412 0.777344 1773012746.6667
CHLD 36952 67.714844 1773012746.6667
MEM 1.273438 1773012746.7672
CHLD 25412 0.777344 1773012746.7753
CHLD 36952 67.820312 1773012746.7753
MEM 1.273438 1773012746.8765
CHLD 25412 0.777344 1773012746.8835
CHLD 36952 67.964844 1773012746.8835
MEM 1.273438 1773012746.9846
CHLD 25412 0.777344 1773012746.9917
CHLD 36952 66.308594 1773012746.9917
MEM 1.273438 1773012747.0925
CHLD 25412 0.777344 1773012747.0995
CHLD 36952 66.429688 1773012747.0995
MEM 1.273438 1773012747.2010
CHLD 25412 0.777344 1773012747.2080
CHLD 36952 66.570312 1773012747.2080
MEM 1.273438 1773012747.3086
CHLD 25412 0.777344 1773012747.3144
CHLD 36952 66.718750 1773012747.3144
MEM 1.273438 1773012747.4166
CHLD 25412 0.777344 1773012747.4226
CHLD 36952 66.839844 1773012747.4226
MEM 1.273438 1773012747.5251
CHLD 25412 0.777344 1773012747.5286
CHLD 36952 66.882812 1773012747.5286
MEM 1.273438 1773012747.6333
CHLD 25412 0.777344 1773012747.6408
CHLD 36952 66.996094 1773012747.6408
MEM 1.273438 1773012747.7415
CHLD 25412 0.777344 1773012747.7485
CHLD 36952 67.089844 1773012747.7485
MEM 1.273438 1773012747.8495
CHLD 25412 0.777344 1773012747.8565
CHLD 36952 67.238281 1773012747.8565
MEM 1.273438 1773012747.9576
CHLD 25412 0.777344 1773012747.9646
CHLD 36952 67.335938 1773012747.9646
MEM 1.273438 1773012748.0653
CHLD 25412 0.777344 1773012748.0688
CHLD 36952 67.449219 1773012748.0688
MEM 1.273438 1773012748.1730
CHLD 25412 0.777344 1773012748.1800
CHLD 36952 67.496094 1773012748.1800
MEM 1.273438 1773012748.2809
CHLD 25412 0.777344 1773012748.2870
CHLD 36952 67.570312 1773012748.2870
MEM 1.273438 1773012748.3885
CHLD 25412 0.777344 1773012748.3946
CHLD 36952 67.679688 1773012748.3946
MEM 1.273438 1773012748.4963
CHLD 25412 0.777344 1773012748.4993
CHLD 36952 67.750000 1773012748.4993
MEM 1.273438 1773012748.6045
CHLD 25412 0.777344 1773012748.6117
CHLD 36952 67.839844 1773012748.6117
MEM 1.273438 1773012748.7123
CHLD 25412 0.777344 1773012748.7193
CHLD 36952 67.964844 1773012748.7193
MEM 1.273438 1773012748.8205
CHLD 25412 0.777344 1773012748.8265
CHLD 36952 67.996094 1773012748.8265
MEM 1.273438 1773012748.9278
CHLD 25412 0.777344 1773012748.9328
CHLD 36952 68.046875 1773012748.9328
MEM 1.273438 1773012749.0357
CHLD 25412 0.777344 1773012749.0421
CHLD 36952 68.101562 1773012749.0421
MEM 1.273438 1773012749.1432
CHLD 25412 0.777344 1773012749.1478
CHLD 36952 68.210938 1773012749.1478
MEM 1.273438 1773012749.2505
CHLD 25412 0.777344 1773012749.2575
CHLD 36952 68.281250 1773012749.2575
MEM 1.273438 1773012749.3587
CHLD 25412 0.777344 1773012749.3638
CHLD 36952 68.308594 1773012749.3638
MEM 1.273438 1773012749.4671
CHLD 25412 0.777344 1773012749.4699
CHLD 36952 68.316406 1773012749.4699
MEM 1.273438 1773012749.5752
CHLD 25412 0.777344 1773012749.5812
CHLD 36952 68.363281 1773012749.5812
MEM 1.273438 1773012749.6828
CHLD 25412 0.777344 1773012749.6881
CHLD 36952 68.386719 1773012749.6881
MEM 1.273438 1773012749.7921
CHLD 25412 0.777344 1773012749.7972
CHLD 36952 68.468750 1773012749.7972
MEM 1.273438 1773012749.8990
CHLD 25412 0.777344 1773012749.9057
CHLD 36952 68.468750 1773012749.9057
MEM 1.273438 1773012750.0065
CHLD 25412 0.777344 1773012750.0126
CHLD 36952 68.500000 1773012750.0126
MEM 1.273438 1773012750.1141
CHLD 25412 0.777344 1773012750.1162
CHLD 36952 68.601562 1773012750.1162
MEM 1.273438 1773012750.2213
CHLD 25412 0.777344 1773012750.2283
CHLD 36952 68.628906 1773012750.2283
MEM 1.273438 1773012750.3299
CHLD 25412 0.777344 1773012750.3357
CHLD 36952 68.722656 1773012750.3357
MEM 1.273438 1773012750.4377
CHLD 25412 0.777344 1773012750.4416
CHLD 36952 68.722656 1773012750.4468
MEM 1.273438 1773012750.5471
CHLD 25412 0.777344 1773012750.5509
CHLD 36952 68.886719 1773012750.5509
MEM 1.273438 1773012750.6552
CHLD 25412 0.777344 1773012750.6635
CHLD 36952 68.921875 1773012750.6635
MEM 1.273438 1773012750.7648
CHLD 25412 0.777344 1773012750.7719
CHLD 36952 68.937500 1773012750.7719
MEM 1.273438 1773012750.8721
CHLD 25412 0.777344 1773012750.8781
CHLD 36952 68.949219 1773012750.8781
MEM 1.273438 1773012750.9798
CHLD 25412 0.777344 1773012750.9868
CHLD 36952 68.980469 1773012750.9868
MEM 1.273438 1773012751.0874
CHLD 25412 0.777344 1773012751.0924
CHLD 36952 69.023438 1773012751.0924
MEM 1.273438 1773012751.1945
CHLD 25412 0.777344 1773012751.1996
CHLD 36952 69.039062 1773012751.1996
MEM 1.273438 1773012751.3024
CHLD 25412 0.777344 1773012751.3098
CHLD 36952 69.070312 1773012751.3098
MEM 1.273438 1773012751.4105
CHLD 25412 0.777344 1773012751.4160
CHLD 36952 69.109375 1773012751.4160
MEM 1.273438 1773012751.5191
CHLD 25412 0.777344 1773012751.5252
CHLD 36952 69.226562 1773012751.5252
MEM 1.273438 1773012751.6264
CHLD 25412 0.777344 1773012751.6334
CHLD 36952 69.230469 1773012751.6334
MEM 1.273438 1773012751.7341
CHLD 25412 0.777344 1773012751.7378
CHLD 36952 69.230469 1773012751.7378
MEM 1.273438 1773012751.8416
CHLD 25412 0.777344 1773012751.8486
CHLD 36952 69.292969 1773012751.8486
MEM 1.273438 1773012751.9491
CHLD 25412 0.777344 1773012751.9543
CHLD 36952 69.296875 1773012751.9543
MEM 1.273438 1773012752.0584
CHLD 25412 0.777344 1773012752.0639
CHLD 36952 69.304688 1773012752.0639
MEM 1.273438 1773012752.1680
CHLD 25412 0.777344 1773012752.1766
CHLD 36952 69.328125 1773012752.1766
MEM 1.273438 1773012752.2770
CHLD 25412 0.777344 1773012752.2830
CHLD 36952 69.375000 1773012752.2830
MEM 1.273438 1773012752.3853
CHLD 25412 0.777344 1773012752.3925
CHLD 36952 69.386719 1773012752.3925
MEM 1.273438 1773012752.4942
CHLD 25412 0.777344 1773012752.5030
CHLD 36952 71.898438 1773012752.5030
MEM 1.273438 1773012752.6034
CHLD 25412 0.777344 1773012752.6110
CHLD 36952 71.921875 1773012752.6110
MEM 1.273438 1773012752.7121
CHLD 25412 0.777344 1773012752.7165
CHLD 36952 71.933594 1773012752.7165
MEM 1.273438 1773012752.8195
CHLD 25412 0.777344 1773012752.8255
CHLD 36952 71.957031 1773012752.8255
MEM 1.273438 1773012752.9272
CHLD 25412 0.777344 1773012752.9353
CHLD 36952 71.964844 1773012752.9353
MEM 1.273438 1773012753.0374
CHLD 25412 0.777344 1773012753.0442
CHLD 36952 71.976562 1773012753.0442
MEM 1.273438 1773012753.1450
CHLD 25412 0.777344 1773012753.1537
CHLD 36952 71.988281 1773012753.1537
MEM 1.273438 1773012753.2544
CHLD 25412 0.777344 1773012753.2616
CHLD 36952 72.015625 1773012753.2616
MEM 1.273438 1773012753.3633
CHLD 25412 0.777344 1773012753.3702
CHLD 36952 72.035156 1773012753.3702
MEM 1.273438 1773012753.4712
CHLD 25412 0.777344 1773012753.4765
CHLD 36952 72.046875 1773012753.4765
MEM 1.273438 1773012753.5810
CHLD 25412 0.777344 1773012753.5871
CHLD 36952 72.062500 1773012753.5871
MEM 1.273438 1773012753.6889
CHLD 25412 0.777344 1773012753.6963
CHLD 36952 72.117188 1773012753.6963
MEM 1.273438 1773012753.7969
CHLD 25412 0.777344 1773012753.8032
CHLD 36952 72.136719 1773012753.8032
MEM 1.273438 1773012753.9050
CHLD 25412 0.777344 1773012753.9118
CHLD 36952 72.152344 1773012753.9118
MEM 1.273438 1773012754.0129
CHLD 25412 0.777344 1773012754.0199
CHLD 36952 72.218750 1773012754.0199
MEM 1.273438 1773012754.1209
CHLD 25412 0.777344 1773012754.1269
CHLD 36952 70.554688 1773012754.1269
MEM 1.273438 1773012754.2286
CHLD 25412 0.777344 1773012754.2357
CHLD 36952 70.562500 1773012754.2357
MEM 1.273438 1773012754.3363
CHLD 25412 0.777344 1773012754.3433
CHLD 36952 70.589844 1773012754.3433
MEM 1.273438 1773012754.4442
CHLD 25412 0.777344 1773012754.4513
CHLD 36952 70.609375 1773012754.4513
MEM 1.273438 1773012754.5523
CHLD 25412 0.777344 1773012754.5583
CHLD 36952 70.636719 1773012754.5583
MEM 1.273438 1773012754.6599
CHLD 25412 0.777344 1773012754.6659
CHLD 36952 70.648438 1773012754.6659
MEM 1.273438 1773012754.7677
CHLD 25412 0.777344 1773012754.7737
CHLD 36952 70.660156 1773012754.7737
MEM 1.273438 1773012754.8756
CHLD 25412 0.777344 1773012754.8826
CHLD 36952 70.664062 1773012754.8826
MEM 1.273438 1773012754.9836
CHLD 25412 0.777344 1773012754.9906
CHLD 36952 70.679688 1773012754.9906
MEM 1.273438 1773012755.0913
CHLD 25412 0.777344 1773012755.0970
CHLD 36952 70.707031 1773012755.0970
MEM 1.273438 1773012755.1993
CHLD 25412 0.777344 1773012755.2058
CHLD 36952 70.710938 1773012755.2058
MEM 1.273438 1773012755.3072
CHLD 25412 0.777344 1773012755.3145
CHLD 36952 70.730469 1773012755.3145
MEM 1.273438 1773012755.4150
CHLD 25412 0.777344 1773012755.4201
CHLD 36952 70.742188 1773012755.4201
MEM 1.273438 1773012755.5229
CHLD 25412 0.777344 1773012755.5289
CHLD 36952 70.816406 1773012755.5289
MEM 1.273438 1773012755.6310
CHLD 25412 0.777344 1773012755.6343
CHLD 36952 70.820312 1773012755.6343
MEM 1.273438 1773012755.7388
CHLD 25412 0.777344 1773012755.7448
CHLD 36952 70.820312 1773012755.7448
MEM 1.273438 1773012755.8463
CHLD 25412 0.777344 1773012755.8500
CHLD 36952 70.820312 1773012755.8500
MEM 1.273438 1773012755.9543
CHLD 25412 0.777344 1773012755.9594
CHLD 36952 70.863281 1773012755.9594
MEM 1.273438 1773012756.0620
CHLD 25412 0.777344 1773012756.0673
CHLD 36952 70.878906 1773012756.0673
MEM 1.273438 1773012756.1698
CHLD 25412 0.777344 1773012756.1768
CHLD 36952 70.894531 1773012756.1768
MEM 1.273438 1773012756.2789
CHLD 25412 0.777344 1773012756.2849
CHLD 36952 70.902344 1773012756.2849
MEM 1.273438 1773012756.3870
CHLD 25412 0.777344 1773012756.3930
CHLD 36952 70.925781 1773012756.3930
MEM 1.273438 1773012756.4945
CHLD 25412 0.777344 1773012756.4996
CHLD 36952 70.953125 1773012756.4996
MEM 1.273438 1773012756.6049
CHLD 25412 0.777344 1773012756.6109
CHLD 36952 70.988281 1773012756.6109
MEM 1.273438 1773012756.7124
CHLD 25412 0.777344 1773012756.7195
CHLD 36952 71.070312 1773012756.7195
MEM 1.273438 1773012756.8201
CHLD 25412 0.777344 1773012756.8228
CHLD 36952 71.070312 1773012756.8228
MEM 1.273438 1773012756.9279
CHLD 25412 0.777344 1773012756.9337
CHLD 36952 71.074219 1773012756.9337
MEM 1.273438 1773012757.0347
CHLD 25412 0.777344 1773012757.0379
CHLD 36952 71.078125 1773012757.0379
MEM 1.273438 1773012757.1427
CHLD 25412 0.777344 1773012757.1517
CHLD 36952 71.093750 1773012757.1517
MEM 1.273438 1773012757.2529
CHLD 25412 0.777344 1773012757.2582
CHLD 36952 71.105469 1773012757.2582
MEM 1.273438 1773012757.3608
CHLD 25412 0.777344 1773012757.3678
CHLD 36952 71.109375 1773012757.3678
MEM 1.273438 1773012757.4688
CHLD 25412 0.777344 1773012757.4733
CHLD 36952 71.121094 1773012757.4733
MEM 1.273438 1773012757.5766
CHLD 25412 0.777344 1773012757.5836
CHLD 36952 71.152344 1773012757.5836
MEM 1.273438 1773012757.6845
CHLD 25412 0.777344 1773012757.6870
CHLD 36952 71.187500 1773012757.6870
MEM 1.273438 1773012757.7924
CHLD 25412 0.777344 1773012757.7994
CHLD 36952 71.195312 1773012757.7994
MEM 1.273438 1773012757.9004
CHLD 25412 0.777344 1773012757.9064
CHLD 36952 71.199219 1773012757.9064
MEM 1.273438 1773012758.0083
CHLD 25412 0.777344 1773012758.0150
CHLD 36952 71.207031 1773012758.0150
MEM 1.273438 1773012758.1162
CHLD 25412 0.777344 1773012758.1200
CHLD 36952 71.226562 1773012758.1200
MEM 1.273438 1773012758.2240
CHLD 25412 0.777344 1773012758.2297
CHLD 36952 71.238281 1773012758.2297
MEM 1.273438 1773012758.3308
CHLD 25412 0.777344 1773012758.3365
CHLD 36952 71.246094 1773012758.3365
MEM 1.273438 1773012758.4383
CHLD 25412 0.777344 1773012758.4453
CHLD 36952 71.257812 1773012758.4453
MEM 1.273438 1773012758.5459
CHLD 25412 0.777344 1773012758.5517
CHLD 36952 71.273438 1773012758.5517
MEM 1.273438 1773012758.6532
CHLD 25412 0.777344 1773012758.6604
CHLD 36952 71.292969 1773012758.6604
MEM 1.273438 1773012758.7608
CHLD 25412 0.777344 1773012758.7668
CHLD 36952 71.304688 1773012758.7668
MEM 1.273438 1773012758.8683
CHLD 25412 0.777344 1773012758.8718
CHLD 36952 71.312500 1773012758.8718
MEM 1.273438 1773012758.9753
CHLD 25412 0.777344 1773012758.9788
CHLD 36952 71.328125 1773012758.9788
MEM 1.273438 1773012759.0828
CHLD 25412 0.777344 1773012759.0888
CHLD 36952 71.339844 1773012759.0888
MEM 1.273438 1773012759.1897
CHLD 25412 0.777344 1773012759.1957
CHLD 36952 71.378906 1773012759.1957
MEM 1.273438 1773012759.2990
CHLD 25412 0.777344 1773012759.3017
CHLD 36952 71.394531 1773012759.3017
MEM 1.273438 1773012759.4069
CHLD 25412 0.777344 1773012759.4137
CHLD 36952 71.406250 1773012759.4137
MEM 1.273438 1773012759.5142
CHLD 25412 0.777344 1773012759.5180
CHLD 36952 71.429688 1773012759.5180
MEM 1.273438 1773012759.6230
CHLD 25412 0.777344 1773012759.6281
CHLD 36952 71.468750 1773012759.6281
MEM 1.273438 1773012759.7306
CHLD 25412 0.777344 1773012759.7358
CHLD 36952 71.496094 1773012759.7358
MEM 1.273438 1773012759.8378
CHLD 25412 0.777344 1773012759.8428
CHLD 36952 71.511719 1773012759.8428
MEM 1.273438 1773012759.9454
CHLD 25412 0.777344 1773012759.9524
CHLD 36952 71.523438 1773012759.9524
MEM 1.273438 1773012760.0533
CHLD 25412 0.777344 1773012760.0601
CHLD 36952 71.531250 1773012760.0601
MEM 1.273438 1773012760.1610
CHLD 25412 0.777344 1773012760.1688
CHLD 36952 71.539062 1773012760.1688
MEM 1.273438 1773012760.2698
CHLD 25412 0.777344 1773012760.2768
CHLD 36952 71.566406 1773012760.2768
MEM 1.273438 1773012760.3777
CHLD 25412 0.777344 1773012760.3856
CHLD 36952 71.578125 1773012760.3856
MEM 1.273438 1773012760.4870
CHLD 25412 0.777344 1773012760.4920
CHLD 36952 71.847656 1773012760.4920
MEM 1.273438 1773012760.5946
CHLD 25412 0.777344 1773012760.5997
CHLD 36952 71.871094 1773012760.5997
MEM 1.273438 1773012760.7024
CHLD 25412 0.777344 1773012760.7069
CHLD 36952 71.882812 1773012760.7069
MEM 1.273438 1773012760.8102
CHLD 25412 0.777344 1773012760.8142
CHLD 36952 71.902344 1773012760.8142
MEM 1.273438 1773012760.9182
CHLD 25412 0.777344 1773012760.9232
CHLD 36952 71.910156 1773012760.9232
MEM 1.273438 1773012761.0250
CHLD 25412 0.777344 1773012761.0320
CHLD 36952 71.933594 1773012761.0320
MEM 1.273438 1773012761.1334
CHLD 25412 0.777344 1773012761.1389
CHLD 36952 71.941406 1773012761.1389
MEM 1.273438 1773012761.2432
CHLD 25412 0.777344 1773012761.2462
CHLD 36952 71.941406 1773012761.2462
MEM 1.273438 1773012761.3514
CHLD 25412 0.777344 1773012761.3584
CHLD 36952 71.964844 1773012761.3584
MEM 1.273438 1773012761.4592
CHLD 25412 0.777344 1773012761.4663
CHLD 36952 71.992188 1773012761.4663
MEM 1.273438 1773012761.5673
CHLD 25412 0.777344 1773012761.5712
CHLD 36952 72.078125 1773012761.5712
MEM 1.273438 1773012761.6763
CHLD 25412 0.777344 1773012761.6820
CHLD 36952 72.078125 1773012761.6820
MEM 1.273438 1773012761.7845
CHLD 25412 0.777344 1773012761.7905
CHLD 36952 72.082031 1773012761.7905
MEM 1.273438 1773012761.8927
CHLD 25412 0.777344 1773012761.8997
CHLD 36952 72.082031 1773012761.8997
MEM 1.273438 1773012762.0005
CHLD 25412 0.777344 1773012762.0065
CHLD 36952 72.093750 1773012762.0065
MEM 1.273438 1773012762.1083
CHLD 25412 0.777344 1773012762.1153
CHLD 36952 72.113281 1773012762.1153
MEM 1.273438 1773012762.2173
CHLD 25412 0.777344 1773012762.2224
CHLD 36952 72.113281 1773012762.2224
MEM 1.273438 1773012762.3243
CHLD 25412 0.777344 1773012762.3313
CHLD 36952 72.117188 1773012762.3313
MEM 1.273438 1773012762.4321
CHLD 25412 0.777344 1773012762.4395
CHLD 36952 72.128906 1773012762.4395
MEM 1.273438 1773012762.5416
CHLD 25412 0.777344 1773012762.5476
CHLD 36952 72.144531 1773012762.5476
MEM 1.273438 1773012762.6479
CHLD 25412 0.777344 1773012762.6531
CHLD 36952 72.160156 1773012762.6531
MEM 1.273438 1773012762.7562
CHLD 25412 0.777344 1773012762.7667
CHLD 36952 72.171875 1773012762.7667
MEM 1.273438 1773012762.8693
CHLD 25412 0.777344 1773012762.8763
CHLD 36952 72.187500 1773012762.8763
MEM 1.273438 1773012762.9773
CHLD 25412 0.777344 1773012762.9843
CHLD 36952 72.195312 1773012762.9843
MEM 1.273438 1773012763.0856
CHLD 25412 0.777344 1773012763.0916
CHLD 36952 72.261719 1773012763.0916
MEM 1.273438 1773012763.1935
CHLD 25412 0.777344 1773012763.2015
CHLD 36952 72.269531 1773012763.2015
MEM 1.273438 1773012763.3028
CHLD 25412 0.777344 1773012763.3070
CHLD 36952 72.269531 1773012763.3070
MEM 1.273438 1773012763.4108
CHLD 25412 0.777344 1773012763.4168
CHLD 36952 72.269531 1773012763.4168
MEM 1.273438 1773012763.5187
CHLD 25412 0.777344 1773012763.5237
CHLD 36952 72.273438 1773012763.5237
MEM 1.273438 1773012763.6266
CHLD 25412 0.777344 1773012763.6339
CHLD 36952 72.335938 1773012763.6339
MEM 1.273438 1773012763.7366
CHLD 25412 0.777344 1773012763.7429
CHLD 36952 72.335938 1773012763.7429
MEM 1.273438 1773012763.8442
CHLD 25412 0.777344 1773012763.8477
CHLD 36952 72.335938 1773012763.8477
MEM 1.273438 1773012763.9525
CHLD 25412 0.777344 1773012763.9575
CHLD 36952 72.335938 1773012763.9575
MEM 1.273438 1773012764.0593
CHLD 25412 0.777344 1773012764.0659
CHLD 36952 72.339844 1773012764.0659
MEM 1.273438 1773012764.1676
CHLD 25412 0.777344 1773012764.1736
CHLD 36952 72.339844 1773012764.1736
MEM 1.273438 1773012764.2750
CHLD 25412 0.777344 1773012764.2857
CHLD 36952 72.339844 1773012764.2857
MEM 1.273438 1773012764.3865
CHLD 25412 0.777344 1773012764.3925
CHLD 36952 72.339844 1773012764.3925
MEM 1.273438 1773012764.4940
CHLD 25412 0.777344 1773012764.4973
CHLD 36952 72.339844 1773012764.4973
MEM 1.273438 1773012764.6019
CHLD 25412 0.777344 1773012764.6089
CHLD 36952 72.339844 1773012764.6089
MEM 1.273438 1773012764.7100
CHLD 25412 0.777344 1773012764.7170
CHLD 36952 72.343750 1773012764.7170
MEM 1.273438 1773012764.8181
CHLD 25412 0.777344 1773012764.8241
CHLD 36952 72.359375 1773012764.8241
MEM 1.273438 1773012764.9263
CHLD 25412 0.777344 1773012764.9334
CHLD 36952 72.375000 1773012764.9334
MEM 1.273438 1773012765.0340
CHLD 25412 0.777344 1773012765.0397
CHLD 36952 72.378906 1773012765.0397
MEM 1.273438 1773012765.1420
CHLD 25412 0.777344 1773012765.1491
CHLD 36952 72.386719 1773012765.1491
MEM 1.273438 1773012765.2501
CHLD 25412 0.777344 1773012765.2571
CHLD 36952 72.410156 1773012765.2571
MEM 1.273438 1773012765.3575
CHLD 25412 0.777344 1773012765.3645
CHLD 36952 72.410156 1773012765.3645
MEM 1.273438 1773012765.4653
CHLD 25412 0.777344 1773012765.4713
CHLD 36952 72.414062 1773012765.4713
MEM 1.273438 1773012765.5723
CHLD 25412 0.777344 1773012765.5783
CHLD 36952 72.417969 1773012765.5783
MEM 1.273438 1773012765.6800
CHLD 25412 0.777344 1773012765.6871
CHLD 36952 72.417969 1773012765.6871
MEM 1.273438 1773012765.7881
CHLD 25412 0.777344 1773012765.7912
CHLD 36952 72.421875 1773012765.7912
MEM 1.273438 1773012765.8954
CHLD 25412 0.777344 1773012765.9029
CHLD 36952 72.437500 1773012765.9029
MEM 1.273438 1773012766.0038
CHLD 25412 0.777344 1773012766.0108
CHLD 36952 72.453125 1773012766.0108
MEM 1.273438 1773012766.1124
CHLD 25412 0.777344 1773012766.1196
CHLD 36952 72.460938 1773012766.1196
MEM 1.273438 1773012766.2210
CHLD 25412 0.777344 1773012766.2281
CHLD 36952 72.468750 1773012766.2281
MEM 1.273438 1773012766.3288
CHLD 25412 0.777344 1773012766.3351
CHLD 36952 72.476562 1773012766.3351
MEM 1.273438 1773012766.4369
CHLD 25412 0.777344 1773012766.4439
CHLD 36952 72.496094 1773012766.4439
MEM 1.273438 1773012766.5447
CHLD 25412 0.777344 1773012766.5517
CHLD 36952 72.507812 1773012766.5517
MEM 1.273438 1773012766.6526
CHLD 25412 0.777344 1773012766.6581
CHLD 36952 70.750000 1773012766.6581
MEM 1.273438 1773012766.7602
CHLD 25412 0.777344 1773012766.7640
CHLD 36952 70.761719 1773012766.7640
MEM 1.273438 1773012766.8677
CHLD 25412 0.777344 1773012766.8735
CHLD 36952 70.773438 1773012766.8735
MEM 1.273438 1773012766.9743
CHLD 25412 0.777344 1773012766.9803
CHLD 36952 70.789062 1773012766.9803
MEM 1.273438 1773012767.0822
CHLD 25412 0.777344 1773012767.0877
CHLD 36952 70.792969 1773012767.0877
MEM 1.273438 1773012767.1917
CHLD 25412 0.777344 1773012767.1974
CHLD 36952 70.800781 1773012767.1974
MEM 1.273438 1773012767.2995
CHLD 25412 0.777344 1773012767.3070
CHLD 36952 70.820312 1773012767.3070
MEM 1.273438 1773012767.4074
CHLD 25412 0.777344 1773012767.4134
CHLD 36952 70.835938 1773012767.4134
MEM 1.273438 1773012767.5153
CHLD 25412 0.777344 1773012767.5213
CHLD 36952 70.851562 1773012767.5213
MEM 1.273438 1773012767.6229
CHLD 25412 0.777344 1773012767.6282
CHLD 36952 70.863281 1773012767.6282
MEM 1.273438 1773012767.7302
CHLD 25412 0.777344 1773012767.7360
CHLD 36952 70.933594 1773012767.7360
MEM 1.273438 1773012767.8380
CHLD 25412 0.777344 1773012767.8413
CHLD 36952 70.933594 1773012767.8413
MEM 1.273438 1773012767.9457
CHLD 25412 0.777344 1773012767.9484
CHLD 36952 70.933594 1773012767.9484
MEM 1.273438 1773012768.0531
CHLD 25412 0.777344 1773012768.0611
CHLD 36952 70.933594 1773012768.0611
MEM 1.273438 1773012768.1618
CHLD 25412 0.777344 1773012768.1703
CHLD 36952 70.933594 1773012768.1703
MEM 1.273438 1773012768.2706
CHLD 25412 0.777344 1773012768.2767
CHLD 36952 70.941406 1773012768.2767
MEM 1.273438 1773012768.3779
CHLD 25412 0.777344 1773012768.3856
CHLD 36952 70.949219 1773012768.3856
MEM 1.273438 1773012768.4868
CHLD 25412 0.777344 1773012768.4925
CHLD 36952 70.949219 1773012768.4925
MEM 1.273438 1773012768.5947
CHLD 25412 0.777344 1773012768.6008
CHLD 36952 70.957031 1773012768.6008
MEM 1.273438 1773012768.7027
CHLD 25412 0.777344 1773012768.7107
CHLD 36952 70.972656 1773012768.7107
MEM 1.273438 1773012768.8131
CHLD 25412 0.777344 1773012768.8191
CHLD 36952 70.976562 1773012768.8191
MEM 1.273438 1773012768.9202
CHLD 25412 0.777344 1773012768.9256
CHLD 36952 70.976562 1773012768.9256
MEM 1.273438 1773012769.0271
CHLD 25412 0.777344 1773012769.0341
CHLD 36952 70.984375 1773012769.0341
MEM 1.273438 1773012769.1348
CHLD 25412 0.777344 1773012769.1391
CHLD 36952 70.992188 1773012769.1391
MEM 1.273438 1773012769.2423
CHLD 25412 0.777344 1773012769.2493
CHLD 36952 71.000000 1773012769.2493
MEM 1.273438 1773012769.3499
CHLD 25412 0.777344 1773012769.3540
CHLD 36952 71.011719 1773012769.3540
MEM 1.273438 1773012769.4575
CHLD 25412 0.777344 1773012769.4659
CHLD 36952 71.011719 1773012769.4659
MEM 1.273438 1773012769.5662
CHLD 25412 0.777344 1773012769.5707
CHLD 36952 71.015625 1773012769.5707
MEM 1.273438 1773012769.6733
CHLD 25412 0.777344 1773012769.6793
CHLD 36952 71.019531 1773012769.6793
MEM 1.273438 1773012769.7810
CHLD 25412 0.777344 1773012769.7868
CHLD 36952 71.039062 1773012769.7868
MEM 1.273438 1773012769.8888
CHLD 25412 0.777344 1773012769.8974
CHLD 36952 71.054688 1773012769.8974
MEM 1.273438 1773012769.9982
CHLD 25412 0.777344 1773012770.0042
CHLD 36952 71.054688 1773012770.0042
MEM 1.273438 1773012770.1058
CHLD 25412 0.777344 1773012770.1097
CHLD 36952 71.062500 1773012770.1097
MEM 1.273438 1773012770.2133
CHLD 25412 0.777344 1773012770.2193
CHLD 36952 71.066406 1773012770.2193
MEM 1.273438 1773012770.3203
CHLD 25412 0.777344 1773012770.3269
CHLD 36952 71.070312 1773012770.3269
MEM 1.273438 1773012770.4285
CHLD 25412 0.777344 1773012770.4352
CHLD 36952 71.082031 1773012770.4352
MEM 1.273438 1773012770.5367
CHLD 25412 0.777344 1773012770.5438
CHLD 36952 71.093750 1773012770.5438
MEM 1.273438 1773012770.6448
CHLD 25412 0.777344 1773012770.6519
CHLD 36952 71.105469 1773012770.6519
MEM 1.273438 1773012770.7527
CHLD 25412 0.777344 1773012770.7577
CHLD 36952 71.121094 1773012770.7577
MEM 1.273438 1773012770.8617
CHLD 25412 0.777344 1773012770.8679
CHLD 36952 71.132812 1773012770.8679
MEM 1.273438 1773012770.9690
CHLD 25412 0.777344 1773012770.9761
CHLD 36952 71.140625 1773012770.9761
MEM 1.273438 1773012771.0769
CHLD 25412 0.777344 1773012771.0820
CHLD 36952 71.144531 1773012771.0820
MEM 1.273438 1773012771.1849
CHLD 25412 0.777344 1773012771.1912
CHLD 36952 71.156250 1773012771.1912
MEM 1.273438 1773012771.2928
CHLD 25412 0.777344 1773012771.2948
CHLD 36952 71.164062 1773012771.2948
MEM 1.273438 1773012771.4001
CHLD 25412 0.777344 1773012771.4061
CHLD 36952 71.175781 1773012771.4061
MEM 1.273438 1773012771.5078
CHLD 25412 0.777344 1773012771.5148
CHLD 36952 71.187500 1773012771.5148
MEM 1.273438 1773012771.6156
CHLD 25412 0.777344 1773012771.6226
CHLD 36952 71.207031 1773012771.6226
MEM 1.273438 1773012771.7236
CHLD 25412 0.777344 1773012771.7297
CHLD 36952 71.222656 1773012771.7297
MEM 1.273438 1773012771.8318
CHLD 25412 0.777344 1773012771.8388
CHLD 36952 71.226562 1773012771.8388
MEM 1.273438 1773012771.9404
CHLD 25412 0.777344 1773012771.9470
CHLD 36952 71.234375 1773012771.9470
MEM 1.273438 1773012772.0499
CHLD 25412 0.777344 1773012772.0552
CHLD 36952 71.238281 1773012772.0552
MEM 1.273438 1773012772.1573
CHLD 25412 0.777344 1773012772.1644
CHLD 36952 71.242188 1773012772.1644
MEM 1.273438 1773012772.2649
CHLD 25412 0.777344 1773012772.2707
CHLD 36952 71.308594 1773012772.2707
MEM 1.273438 1773012772.3727
CHLD 25412 0.777344 1773012772.3797
CHLD 36952 71.308594 1773012772.3797
MEM 1.273438 1773012772.4817
CHLD 25412 0.777344 1773012772.4896
CHLD 36952 71.308594 1773012772.4896
MEM 1.273438 1773012772.5911
CHLD 25412 0.777344 1773012772.5982
CHLD 36952 71.308594 1773012772.5982
MEM 1.273438 1773012772.7012
CHLD 25412 0.777344 1773012772.7067
CHLD 36952 71.312500 1773012772.7067
MEM 1.273438 1773012772.8088
CHLD 25412 0.777344 1773012772.8149
CHLD 36952 71.316406 1773012772.8149
MEM 1.273438 1773012772.9155
CHLD 25412 0.777344 1773012772.9231
CHLD 36952 71.324219 1773012772.9231
MEM 1.273438 1773012773.0233
CHLD 25412 0.777344 1773012773.0285
CHLD 36952 71.328125 1773012773.0285
MEM 1.273438 1773012773.1314
CHLD 25412 0.777344 1773012773.1374
CHLD 36952 71.332031 1773012773.1374
MEM 1.273438 1773012773.2377
CHLD 25412 0.777344 1773012773.2448
CHLD 36952 71.343750 1773012773.2448
MEM 1.273438 1773012773.3456
CHLD 25412 0.777344 1773012773.3526
CHLD 36952 71.351562 1773012773.3526
MEM 1.273438 1773012773.4535
CHLD 25412 0.777344 1773012773.4586
CHLD 36952 71.351562 1773012773.4586
MEM 1.273438 1773012773.5611
CHLD 25412 0.777344 1773012773.5661
CHLD 36952 71.355469 1773012773.5661
MEM 1.273438 1773012773.6704
CHLD 25412 0.777344 1773012773.6757
CHLD 36952 71.359375 1773012773.6757
MEM 1.273438 1773012773.7769
CHLD 25412 0.777344 1773012773.7796
CHLD 36952 71.371094 1773012773.7796
MEM 1.273438 1773012773.8837
CHLD 25412 0.777344 1773012773.8914
CHLD 36952 71.441406 1773012773.8914
MEM 1.273438 1773012773.9920
CHLD 25412 0.777344 1773012774.0014
CHLD 36952 71.445312 1773012774.0014
MEM 1.273438 1773012774.1024
CHLD 25412 0.777344 1773012774.1118
CHLD 36952 71.445312 1773012774.1118
MEM 1.273438 1773012774.2127
CHLD 25412 0.777344 1773012774.2195
CHLD 36952 71.445312 1773012774.2195
MEM 1.273438 1773012774.3205
CHLD 25412 0.777344 1773012774.3276
CHLD 36952 71.445312 1773012774.3276
MEM 1.273438 1773012774.4285
CHLD 25412 0.777344 1773012774.4355
CHLD 36952 71.445312 1773012774.4355
MEM 1.273438 1773012774.5362
CHLD 25412 0.777344 1773012774.5423
CHLD 36952 71.445312 1773012774.5423
MEM 1.273438 1773012774.6438
CHLD 25412 0.777344 1773012774.6488
CHLD 36952 71.453125 1773012774.6488
MEM 1.273438 1773012774.7522
CHLD 25412 0.777344 1773012774.7592
CHLD 36952 71.453125 1773012774.7592
MEM 1.273438 1773012774.8598
CHLD 25412 0.777344 1773012774.8668
CHLD 36952 71.468750 1773012774.8668
MEM 1.273438 1773012774.9673
CHLD 25412 0.777344 1773012774.9723
CHLD 36952 71.472656 1773012774.9723
MEM 1.273438 1773012775.0751
CHLD 25412 0.777344 1773012775.0822
CHLD 36952 71.484375 1773012775.0822
MEM 1.273438 1773012775.1840
CHLD 25412 0.777344 1773012775.1898
CHLD 36952 71.488281 1773012775.1898
MEM 1.273438 1773012775.2905
CHLD 25412 0.777344 1773012775.2958
CHLD 36952 71.500000 1773012775.2958
MEM 1.273438 1773012775.3976
CHLD 25412 0.777344 1773012775.4027
CHLD 36952 71.503906 1773012775.4027
MEM 1.273438 1773012775.5056
CHLD 25412 0.777344 1773012775.5124
CHLD 36952 71.519531 1773012775.5124
MEM 1.273438 1773012775.6127
CHLD 25412 0.777344 1773012775.6166
CHLD 36952 71.535156 1773012775.6166
MEM 1.273438 1773012775.7208
CHLD 25412 0.777344 1773012775.7233
CHLD 36952 71.539062 1773012775.7233
MEM 1.273438 1773012775.8278
CHLD 25412 0.777344 1773012775.8354
CHLD 36952 71.554688 1773012775.8354
MEM 1.273438 1773012775.9374
CHLD 25412 0.777344 1773012775.9445
CHLD 36952 71.558594 1773012775.9445
MEM 1.273438 1773012776.0462
CHLD 25412 0.777344 1773012776.0529
CHLD 36952 71.558594 1773012776.0529
MEM 1.273438 1773012776.1548
CHLD 25412 0.777344 1773012776.1606
CHLD 36952 71.566406 1773012776.1606
MEM 1.273438 1773012776.2620
CHLD 25412 0.777344 1773012776.2700
CHLD 36952 71.570312 1773012776.2700
MEM 1.273438 1773012776.3710
CHLD 25412 0.777344 1773012776.3772
CHLD 36952 71.574219 1773012776.3772
MEM 1.273438 1773012776.4782
CHLD 25412 0.777344 1773012776.4862
CHLD 36952 71.582031 1773012776.4862
MEM 1.273438 1773012776.5885
CHLD 25412 0.777344 1773012776.5933
CHLD 36952 71.589844 1773012776.5933
MEM 1.273438 1773012776.6959
CHLD 25412 0.777344 1773012776.7024
CHLD 36952 71.597656 1773012776.7024
MEM 1.273438 1773012776.8029
CHLD 25412 0.777344 1773012776.8099
CHLD 36952 71.609375 1773012776.8099
MEM 1.273438 1773012776.9102
CHLD 25412 0.777344 1773012776.9162
CHLD 36952 71.609375 1773012776.9162
MEM 1.273438 1773012777.0172
CHLD 25412 0.777344 1773012777.0252
CHLD 36952 71.609375 1773012777.0252
MEM 1.273438 1773012777.1268
CHLD 25412 0.777344 1773012777.1346
CHLD 36952 71.617188 1773012777.1346
MEM 1.273438 1773012777.2350
CHLD 25412 0.777344 1773012777.2410
CHLD 36952 71.617188 1773012777.2410
MEM 1.273438 1773012777.3427
CHLD 25412 0.777344 1773012777.3498
CHLD 36952 71.625000 1773012777.3498
MEM 1.273438 1773012777.4510
CHLD 25412 0.777344 1773012777.4570
CHLD 36952 71.648438 1773012777.4570
MEM 1.273438 1773012777.5591
CHLD 25412 0.777344 1773012777.5662
CHLD 36952 71.664062 1773012777.5662
MEM 1.273438 1773012777.6669
CHLD 25412 0.777344 1773012777.6715
CHLD 36952 71.671875 1773012777.6715
MEM 1.273438 1773012777.7747
CHLD 25412 0.777344 1773012777.7802
CHLD 36952 71.675781 1773012777.7802
MEM 1.273438 1773012777.8839
CHLD 25412 0.777344 1773012777.8914
CHLD 36952 71.679688 1773012777.8914
MEM 1.273438 1773012777.9919
CHLD 25412 0.777344 1773012777.9979
CHLD 36952 71.679688 1773012777.9979
MEM 1.273438 1773012778.0997
CHLD 25412 0.777344 1773012778.1035
CHLD 36952 71.679688 1773012778.1035
MEM 1.273438 1773012778.2077
CHLD 25412 0.777344 1773012778.2137
CHLD 36952 71.683594 1773012778.2137
MEM 1.273438 1773012778.3155
CHLD 25412 0.777344 1773012778.3180
CHLD 36952 71.687500 1773012778.3180
MEM 1.273438 1773012778.4230
CHLD 25412 0.777344 1773012778.4293
CHLD 36952 71.691406 1773012778.4293
MEM 1.273438 1773012778.5305
CHLD 25412 0.777344 1773012778.5373
CHLD 36952 71.707031 1773012778.5373
MEM 1.273438 1773012778.6384
CHLD 25412 0.777344 1773012778.6439
CHLD 36952 71.714844 1773012778.6439
MEM 1.273438 1773012778.7463
CHLD 25412 0.777344 1773012778.7501
CHLD 36952 71.722656 1773012778.7501
MEM 1.273438 1773012778.8540
CHLD 25412 0.777344 1773012778.8600
CHLD 36952 71.726562 1773012778.8600
MEM 1.273438 1773012778.9608
CHLD 25412 0.777344 1773012778.9668
CHLD 36952 71.734375 1773012778.9668
MEM 1.273438 1773012779.0685
CHLD 25412 0.777344 1773012779.0771
CHLD 36952 71.742188 1773012779.0771
MEM 1.273438 1773012779.1775
CHLD 25412 0.777344 1773012779.1836
CHLD 36952 71.742188 1773012779.1836
MEM 1.273438 1773012779.2858
CHLD 25412 0.777344 1773012779.2946
CHLD 36952 71.746094 1773012779.2946
MEM 1.273438 1773012779.3954
CHLD 25412 0.777344 1773012779.4043
CHLD 36952 71.753906 1773012779.4043
MEM 1.273438 1773012779.5063
CHLD 25412 0.777344 1773012779.5133
CHLD 36952 71.761719 1773012779.5133
MEM 1.273438 1773012779.6140
CHLD 25412 0.777344 1773012779.6200
CHLD 36952 71.765625 1773012779.6200
MEM 1.273438 1773012779.7220
CHLD 25412 0.777344 1773012779.7280
CHLD 36952 71.765625 1773012779.7280
MEM 1.273438 1773012779.8296
CHLD 25412 0.777344 1773012779.8356
CHLD 36952 71.773438 1773012779.8356
MEM 1.273438 1773012779.9374
CHLD 25412 0.777344 1773012779.9424
CHLD 36952 71.781250 1773012779.9424
MEM 1.273438 1773012780.0455
CHLD 25412 0.777344 1773012780.0507
CHLD 36952 71.785156 1773012780.0507
MEM 3.031250 1773012780.1532
